dataset,task,split,sample_id,label,image_path,mask_path,source_image,source_mask
acne04,classification,val,levle0_1,0,processed/acne_classification/images/val/class_0/levle0_1.jpg,,raw/acne_1024/all_1024/levle0_1.jpg,
acne04,classification,val,levle0_10,0,processed/acne_classification/images/val/class_0/levle0_10.jpg,,raw/acne_1024/all_1024/levle0_10.jpg,
acne04,classification,train,levle0_100,0,processed/acne_classification/images/train/class_0/levle0_100.jpg,,raw/acne_1024/all_1024/levle0_100.jpg,
acne04,classification,train,levle0_101,0,processed/acne_classification/images/train/class_0/levle0_101.jpg,,raw/acne_1024/all_1024/levle0_101.jpg,
acne04,classification,train,levle0_102,0,processed/acne_classification/images/train/class_0/levle0_102.jpg,,raw/acne_1024/all_1024/levle0_102.jpg,
acne04,classification,train,levle0_103,0,processed/acne_classification/images/train/class_0/levle0_103.jpg,,raw/acne_1024/all_1024/levle0_103.jpg,
acne04,classification,train,levle0_104,0,processed/acne_classification/images/train/class_0/levle0_104.jpg,,raw/acne_1024/all_1024/levle0_104.jpg,
acne04,classification,train,levle0_105,0,processed/acne_classification/images/train/class_0/levle0_105.jpg,,raw/acne_1024/all_1024/levle0_105.jpg,
acne04,classification,val,levle0_106,0,processed/acne_classification/images/val/class_0/levle0_106.jpg,,raw/acne_1024/all_1024/levle0_106.jpg,
acne04,classification,train,levle0_107,0,processed/acne_classification/images/train/class_0/levle0_107.jpg,,raw/acne_1024/all_1024/levle0_107.jpg,
acne04,classification,train,levle0_108,0,processed/acne_classification/images/train/class_0/levle0_108.jpg,,raw/acne_1024/all_1024/levle0_108.jpg,
acne04,classification,train,levle0_109,0,processed/acne_classification/images/train/class_0/levle0_109.jpg,,raw/acne_1024/all_1024/levle0_109.jpg,
acne04,classification,val,levle0_11,0,processed/acne_classification/images/val/class_0/levle0_11.jpg,,raw/acne_1024/all_1024/levle0_11.jpg,
acne04,classification,val,levle0_110,0,processed/acne_classification/images/val/class_0/levle0_110.jpg,,raw/acne_1024/all_1024/levle0_110.jpg,
acne04,classification,train,levle0_111,0,processed/acne_classification/images/train/class_0/levle0_111.jpg,,raw/acne_1024/all_1024/levle0_111.jpg,
acne04,classification,val,levle0_112,0,processed/acne_classification/images/val/class_0/levle0_112.jpg,,raw/acne_1024/all_1024/levle0_112.jpg,
acne04,classification,train,levle0_113,0,processed/acne_classification/images/train/class_0/levle0_113.jpg,,raw/acne_1024/all_1024/levle0_113.jpg,
acne04,classification,train,levle0_114,0,processed/acne_classification/images/train/class_0/levle0_114.jpg,,raw/acne_1024/all_1024/levle0_114.jpg,
acne04,classification,train,levle0_115,0,processed/acne_classification/images/train/class_0/levle0_115.jpg,,raw/acne_1024/all_1024/levle0_115.jpg,
acne04,classification,train,levle0_116,0,processed/acne_classification/images/train/class_0/levle0_116.jpg,,raw/acne_1024/all_1024/levle0_116.jpg,
acne04,classification,val,levle0_117,0,processed/acne_classification/images/val/class_0/levle0_117.jpg,,raw/acne_1024/all_1024/levle0_117.jpg,
acne04,classification,train,levle0_118,0,processed/acne_classification/images/train/class_0/levle0_118.jpg,,raw/acne_1024/all_1024/levle0_118.jpg,
acne04,classification,train,levle0_119,0,processed/acne_classification/images/train/class_0/levle0_119.jpg,,raw/acne_1024/all_1024/levle0_119.jpg,
acne04,classification,val,levle0_12,0,processed/acne_classification/images/val/class_0/levle0_12.jpg,,raw/acne_1024/all_1024/levle0_12.jpg,
acne04,classification,train,levle0_120,0,processed/acne_classification/images/train/class_0/levle0_120.jpg,,raw/acne_1024/all_1024/levle0_120.jpg,
acne04,classification,train,levle0_121,0,processed/acne_classification/images/train/class_0/levle0_121.jpg,,raw/acne_1024/all_1024/levle0_121.jpg,
acne04,classification,train,levle0_122,0,processed/acne_classification/images/train/class_0/levle0_122.jpg,,raw/acne_1024/all_1024/levle0_122.jpg,
acne04,classification,train,levle0_123,0,processed/acne_classification/images/train/class_0/levle0_123.jpg,,raw/acne_1024/all_1024/levle0_123.jpg,
acne04,classification,val,levle0_124,0,processed/acne_classification/images/val/class_0/levle0_124.jpg,,raw/acne_1024/all_1024/levle0_124.jpg,
acne04,classification,train,levle0_125,0,processed/acne_classification/images/train/class_0/levle0_125.jpg,,raw/acne_1024/all_1024/levle0_125.jpg,
acne04,classification,train,levle0_126,0,processed/acne_classification/images/train/class_0/levle0_126.jpg,,raw/acne_1024/all_1024/levle0_126.jpg,
acne04,classification,val,levle0_127,0,processed/acne_classification/images/val/class_0/levle0_127.jpg,,raw/acne_1024/all_1024/levle0_127.jpg,
acne04,classification,train,levle0_128,0,processed/acne_classification/images/train/class_0/levle0_128.jpg,,raw/acne_1024/all_1024/levle0_128.jpg,
acne04,classification,train,levle0_129,0,processed/acne_classification/images/train/class_0/levle0_129.jpg,,raw/acne_1024/all_1024/levle0_129.jpg,
acne04,classification,train,levle0_130,0,processed/acne_classification/images/train/class_0/levle0_130.jpg,,raw/acne_1024/all_1024/levle0_130.jpg,
acne04,classification,val,levle0_131,0,processed/acne_classification/images/val/class_0/levle0_131.jpg,,raw/acne_1024/all_1024/levle0_131.jpg,
acne04,classification,test,levle0_132,0,processed/acne_classification/images/test/class_0/levle0_132.jpg,,raw/acne_1024/all_1024/levle0_132.jpg,
acne04,classification,train,levle0_133,0,processed/acne_classification/images/train/class_0/levle0_133.jpg,,raw/acne_1024/all_1024/levle0_133.jpg,
acne04,classification,train,levle0_134,0,processed/acne_classification/images/train/class_0/levle0_134.jpg,,raw/acne_1024/all_1024/levle0_134.jpg,
acne04,classification,val,levle0_135,0,processed/acne_classification/images/val/class_0/levle0_135.jpg,,raw/acne_1024/all_1024/levle0_135.jpg,
acne04,classification,train,levle0_136,0,processed/acne_classification/images/train/class_0/levle0_136.jpg,,raw/acne_1024/all_1024/levle0_136.jpg,
acne04,classification,train,levle0_137,0,processed/acne_classification/images/train/class_0/levle0_137.jpg,,raw/acne_1024/all_1024/levle0_137.jpg,
acne04,classification,train,levle0_138,0,processed/acne_classification/images/train/class_0/levle0_138.jpg,,raw/acne_1024/all_1024/levle0_138.jpg,
acne04,classification,test,levle0_139,0,processed/acne_classification/images/test/class_0/levle0_139.jpg,,raw/acne_1024/all_1024/levle0_139.jpg,
acne04,classification,train,levle0_14,0,processed/acne_classification/images/train/class_0/levle0_14.jpg,,raw/acne_1024/all_1024/levle0_14.jpg,
acne04,classification,train,levle0_140,0,processed/acne_classification/images/train/class_0/levle0_140.jpg,,raw/acne_1024/all_1024/levle0_140.jpg,
acne04,classification,train,levle0_141,0,processed/acne_classification/images/train/class_0/levle0_141.jpg,,raw/acne_1024/all_1024/levle0_141.jpg,
acne04,classification,train,levle0_142,0,processed/acne_classification/images/train/class_0/levle0_142.jpg,,raw/acne_1024/all_1024/levle0_142.jpg,
acne04,classification,train,levle0_143,0,processed/acne_classification/images/train/class_0/levle0_143.jpg,,raw/acne_1024/all_1024/levle0_143.jpg,
acne04,classification,test,levle0_144,0,processed/acne_classification/images/test/class_0/levle0_144.jpg,,raw/acne_1024/all_1024/levle0_144.jpg,
acne04,classification,train,levle0_145,0,processed/acne_classification/images/train/class_0/levle0_145.jpg,,raw/acne_1024/all_1024/levle0_145.jpg,
acne04,classification,val,levle0_146,0,processed/acne_classification/images/val/class_0/levle0_146.jpg,,raw/acne_1024/all_1024/levle0_146.jpg,
acne04,classification,val,levle0_147,0,processed/acne_classification/images/val/class_0/levle0_147.jpg,,raw/acne_1024/all_1024/levle0_147.jpg,
acne04,classification,train,levle0_148,0,processed/acne_classification/images/train/class_0/levle0_148.jpg,,raw/acne_1024/all_1024/levle0_148.jpg,
acne04,classification,train,levle0_149,0,processed/acne_classification/images/train/class_0/levle0_149.jpg,,raw/acne_1024/all_1024/levle0_149.jpg,
acne04,classification,train,levle0_15,0,processed/acne_classification/images/train/class_0/levle0_15.jpg,,raw/acne_1024/all_1024/levle0_15.jpg,
acne04,classification,train,levle0_150,0,processed/acne_classification/images/train/class_0/levle0_150.jpg,,raw/acne_1024/all_1024/levle0_150.jpg,
acne04,classification,train,levle0_151,0,processed/acne_classification/images/train/class_0/levle0_151.jpg,,raw/acne_1024/all_1024/levle0_151.jpg,
acne04,classification,train,levle0_152,0,processed/acne_classification/images/train/class_0/levle0_152.jpg,,raw/acne_1024/all_1024/levle0_152.jpg,
acne04,classification,train,levle0_153,0,processed/acne_classification/images/train/class_0/levle0_153.jpg,,raw/acne_1024/all_1024/levle0_153.jpg,
acne04,classification,train,levle0_154,0,processed/acne_classification/images/train/class_0/levle0_154.jpg,,raw/acne_1024/all_1024/levle0_154.jpg,
acne04,classification,train,levle0_155,0,processed/acne_classification/images/train/class_0/levle0_155.jpg,,raw/acne_1024/all_1024/levle0_155.jpg,
acne04,classification,train,levle0_156,0,processed/acne_classification/images/train/class_0/levle0_156.jpg,,raw/acne_1024/all_1024/levle0_156.jpg,
acne04,classification,val,levle0_157,0,processed/acne_classification/images/val/class_0/levle0_157.jpg,,raw/acne_1024/all_1024/levle0_157.jpg,
acne04,classification,train,levle0_158,0,processed/acne_classification/images/train/class_0/levle0_158.jpg,,raw/acne_1024/all_1024/levle0_158.jpg,
acne04,classification,train,levle0_159,0,processed/acne_classification/images/train/class_0/levle0_159.jpg,,raw/acne_1024/all_1024/levle0_159.jpg,
acne04,classification,val,levle0_16,0,processed/acne_classification/images/val/class_0/levle0_16.jpg,,raw/acne_1024/all_1024/levle0_16.jpg,
acne04,classification,train,levle0_160,0,processed/acne_classification/images/train/class_0/levle0_160.jpg,,raw/acne_1024/all_1024/levle0_160.jpg,
acne04,classification,train,levle0_161,0,processed/acne_classification/images/train/class_0/levle0_161.jpg,,raw/acne_1024/all_1024/levle0_161.jpg,
acne04,classification,train,levle0_162,0,processed/acne_classification/images/train/class_0/levle0_162.jpg,,raw/acne_1024/all_1024/levle0_162.jpg,
acne04,classification,train,levle0_163,0,processed/acne_classification/images/train/class_0/levle0_163.jpg,,raw/acne_1024/all_1024/levle0_163.jpg,
acne04,classification,train,levle0_164,0,processed/acne_classification/images/train/class_0/levle0_164.jpg,,raw/acne_1024/all_1024/levle0_164.jpg,
acne04,classification,test,levle0_165,0,processed/acne_classification/images/test/class_0/levle0_165.jpg,,raw/acne_1024/all_1024/levle0_165.jpg,
acne04,classification,val,levle0_166,0,processed/acne_classification/images/val/class_0/levle0_166.jpg,,raw/acne_1024/all_1024/levle0_166.jpg,
acne04,classification,train,levle0_167,0,processed/acne_classification/images/train/class_0/levle0_167.jpg,,raw/acne_1024/all_1024/levle0_167.jpg,
acne04,classification,train,levle0_168,0,processed/acne_classification/images/train/class_0/levle0_168.jpg,,raw/acne_1024/all_1024/levle0_168.jpg,
acne04,classification,train,levle0_169,0,processed/acne_classification/images/train/class_0/levle0_169.jpg,,raw/acne_1024/all_1024/levle0_169.jpg,
acne04,classification,train,levle0_17,0,processed/acne_classification/images/train/class_0/levle0_17.jpg,,raw/acne_1024/all_1024/levle0_17.jpg,
acne04,classification,train,levle0_170,0,processed/acne_classification/images/train/class_0/levle0_170.jpg,,raw/acne_1024/all_1024/levle0_170.jpg,
acne04,classification,train,levle0_171,0,processed/acne_classification/images/train/class_0/levle0_171.jpg,,raw/acne_1024/all_1024/levle0_171.jpg,
acne04,classification,train,levle0_172,0,processed/acne_classification/images/train/class_0/levle0_172.jpg,,raw/acne_1024/all_1024/levle0_172.jpg,
acne04,classification,val,levle0_173,0,processed/acne_classification/images/val/class_0/levle0_173.jpg,,raw/acne_1024/all_1024/levle0_173.jpg,
acne04,classification,train,levle0_174,0,processed/acne_classification/images/train/class_0/levle0_174.jpg,,raw/acne_1024/all_1024/levle0_174.jpg,
acne04,classification,test,levle0_175,0,processed/acne_classification/images/test/class_0/levle0_175.jpg,,raw/acne_1024/all_1024/levle0_175.jpg,
acne04,classification,train,levle0_176,0,processed/acne_classification/images/train/class_0/levle0_176.jpg,,raw/acne_1024/all_1024/levle0_176.jpg,
acne04,classification,train,levle0_177,0,processed/acne_classification/images/train/class_0/levle0_177.jpg,,raw/acne_1024/all_1024/levle0_177.jpg,
acne04,classification,train,levle0_178,0,processed/acne_classification/images/train/class_0/levle0_178.jpg,,raw/acne_1024/all_1024/levle0_178.jpg,
acne04,classification,train,levle0_179,0,processed/acne_classification/images/train/class_0/levle0_179.jpg,,raw/acne_1024/all_1024/levle0_179.jpg,
acne04,classification,train,levle0_180,0,processed/acne_classification/images/train/class_0/levle0_180.jpg,,raw/acne_1024/all_1024/levle0_180.jpg,
acne04,classification,train,levle0_181,0,processed/acne_classification/images/train/class_0/levle0_181.jpg,,raw/acne_1024/all_1024/levle0_181.jpg,
acne04,classification,test,levle0_182,0,processed/acne_classification/images/test/class_0/levle0_182.jpg,,raw/acne_1024/all_1024/levle0_182.jpg,
acne04,classification,train,levle0_183,0,processed/acne_classification/images/train/class_0/levle0_183.jpg,,raw/acne_1024/all_1024/levle0_183.jpg,
acne04,classification,train,levle0_184,0,processed/acne_classification/images/train/class_0/levle0_184.jpg,,raw/acne_1024/all_1024/levle0_184.jpg,
acne04,classification,train,levle0_185,0,processed/acne_classification/images/train/class_0/levle0_185.jpg,,raw/acne_1024/all_1024/levle0_185.jpg,
acne04,classification,train,levle0_186,0,processed/acne_classification/images/train/class_0/levle0_186.jpg,,raw/acne_1024/all_1024/levle0_186.jpg,
acne04,classification,train,levle0_187,0,processed/acne_classification/images/train/class_0/levle0_187.jpg,,raw/acne_1024/all_1024/levle0_187.jpg,
acne04,classification,val,levle0_188,0,processed/acne_classification/images/val/class_0/levle0_188.jpg,,raw/acne_1024/all_1024/levle0_188.jpg,
acne04,classification,train,levle0_189,0,processed/acne_classification/images/train/class_0/levle0_189.jpg,,raw/acne_1024/all_1024/levle0_189.jpg,
acne04,classification,train,levle0_19,0,processed/acne_classification/images/train/class_0/levle0_19.jpg,,raw/acne_1024/all_1024/levle0_19.jpg,
acne04,classification,train,levle0_190,0,processed/acne_classification/images/train/class_0/levle0_190.jpg,,raw/acne_1024/all_1024/levle0_190.jpg,
acne04,classification,train,levle0_192,0,processed/acne_classification/images/train/class_0/levle0_192.jpg,,raw/acne_1024/all_1024/levle0_192.jpg,
acne04,classification,val,levle0_193,0,processed/acne_classification/images/val/class_0/levle0_193.jpg,,raw/acne_1024/all_1024/levle0_193.jpg,
acne04,classification,val,levle0_194,0,processed/acne_classification/images/val/class_0/levle0_194.jpg,,raw/acne_1024/all_1024/levle0_194.jpg,
acne04,classification,val,levle0_195,0,processed/acne_classification/images/val/class_0/levle0_195.jpg,,raw/acne_1024/all_1024/levle0_195.jpg,
acne04,classification,train,levle0_196,0,processed/acne_classification/images/train/class_0/levle0_196.jpg,,raw/acne_1024/all_1024/levle0_196.jpg,
acne04,classification,train,levle0_197,0,processed/acne_classification/images/train/class_0/levle0_197.jpg,,raw/acne_1024/all_1024/levle0_197.jpg,
acne04,classification,train,levle0_198,0,processed/acne_classification/images/train/class_0/levle0_198.jpg,,raw/acne_1024/all_1024/levle0_198.jpg,
acne04,classification,val,levle0_2,0,processed/acne_classification/images/val/class_0/levle0_2.jpg,,raw/acne_1024/all_1024/levle0_2.jpg,
acne04,classification,train,levle0_20,0,processed/acne_classification/images/train/class_0/levle0_20.jpg,,raw/acne_1024/all_1024/levle0_20.jpg,
acne04,classification,train,levle0_202,0,processed/acne_classification/images/train/class_0/levle0_202.jpg,,raw/acne_1024/all_1024/levle0_202.jpg,
acne04,classification,train,levle0_203,0,processed/acne_classification/images/train/class_0/levle0_203.jpg,,raw/acne_1024/all_1024/levle0_203.jpg,
acne04,classification,train,levle0_204,0,processed/acne_classification/images/train/class_0/levle0_204.jpg,,raw/acne_1024/all_1024/levle0_204.jpg,
acne04,classification,train,levle0_205,0,processed/acne_classification/images/train/class_0/levle0_205.jpg,,raw/acne_1024/all_1024/levle0_205.jpg,
acne04,classification,train,levle0_206,0,processed/acne_classification/images/train/class_0/levle0_206.jpg,,raw/acne_1024/all_1024/levle0_206.jpg,
acne04,classification,train,levle0_207,0,processed/acne_classification/images/train/class_0/levle0_207.jpg,,raw/acne_1024/all_1024/levle0_207.jpg,
acne04,classification,val,levle0_209,0,processed/acne_classification/images/val/class_0/levle0_209.jpg,,raw/acne_1024/all_1024/levle0_209.jpg,
acne04,classification,train,levle0_21,0,processed/acne_classification/images/train/class_0/levle0_21.jpg,,raw/acne_1024/all_1024/levle0_21.jpg,
acne04,classification,train,levle0_210,0,processed/acne_classification/images/train/class_0/levle0_210.jpg,,raw/acne_1024/all_1024/levle0_210.jpg,
acne04,classification,val,levle0_211,0,processed/acne_classification/images/val/class_0/levle0_211.jpg,,raw/acne_1024/all_1024/levle0_211.jpg,
acne04,classification,train,levle0_212,0,processed/acne_classification/images/train/class_0/levle0_212.jpg,,raw/acne_1024/all_1024/levle0_212.jpg,
acne04,classification,train,levle0_213,0,processed/acne_classification/images/train/class_0/levle0_213.jpg,,raw/acne_1024/all_1024/levle0_213.jpg,
acne04,classification,val,levle0_214,0,processed/acne_classification/images/val/class_0/levle0_214.jpg,,raw/acne_1024/all_1024/levle0_214.jpg,
acne04,classification,train,levle0_215,0,processed/acne_classification/images/train/class_0/levle0_215.jpg,,raw/acne_1024/all_1024/levle0_215.jpg,
acne04,classification,val,levle0_216,0,processed/acne_classification/images/val/class_0/levle0_216.jpg,,raw/acne_1024/all_1024/levle0_216.jpg,
acne04,classification,train,levle0_217,0,processed/acne_classification/images/train/class_0/levle0_217.jpg,,raw/acne_1024/all_1024/levle0_217.jpg,
acne04,classification,train,levle0_218,0,processed/acne_classification/images/train/class_0/levle0_218.jpg,,raw/acne_1024/all_1024/levle0_218.jpg,
acne04,classification,train,levle0_219,0,processed/acne_classification/images/train/class_0/levle0_219.jpg,,raw/acne_1024/all_1024/levle0_219.jpg,
acne04,classification,val,levle0_22,0,processed/acne_classification/images/val/class_0/levle0_22.jpg,,raw/acne_1024/all_1024/levle0_22.jpg,
acne04,classification,train,levle0_220,0,processed/acne_classification/images/train/class_0/levle0_220.jpg,,raw/acne_1024/all_1024/levle0_220.jpg,
acne04,classification,train,levle0_221,0,processed/acne_classification/images/train/class_0/levle0_221.jpg,,raw/acne_1024/all_1024/levle0_221.jpg,
acne04,classification,train,levle0_222,0,processed/acne_classification/images/train/class_0/levle0_222.jpg,,raw/acne_1024/all_1024/levle0_222.jpg,
acne04,classification,test,levle0_223,0,processed/acne_classification/images/test/class_0/levle0_223.jpg,,raw/acne_1024/all_1024/levle0_223.jpg,
acne04,classification,train,levle0_225,0,processed/acne_classification/images/train/class_0/levle0_225.jpg,,raw/acne_1024/all_1024/levle0_225.jpg,
acne04,classification,train,levle0_226,0,processed/acne_classification/images/train/class_0/levle0_226.jpg,,raw/acne_1024/all_1024/levle0_226.jpg,
acne04,classification,val,levle0_227,0,processed/acne_classification/images/val/class_0/levle0_227.jpg,,raw/acne_1024/all_1024/levle0_227.jpg,
acne04,classification,train,levle0_228,0,processed/acne_classification/images/train/class_0/levle0_228.jpg,,raw/acne_1024/all_1024/levle0_228.jpg,
acne04,classification,val,levle0_229,0,processed/acne_classification/images/val/class_0/levle0_229.jpg,,raw/acne_1024/all_1024/levle0_229.jpg,
acne04,classification,test,levle0_23,0,processed/acne_classification/images/test/class_0/levle0_23.jpg,,raw/acne_1024/all_1024/levle0_23.jpg,
acne04,classification,val,levle0_230,0,processed/acne_classification/images/val/class_0/levle0_230.jpg,,raw/acne_1024/all_1024/levle0_230.jpg,
acne04,classification,train,levle0_231,0,processed/acne_classification/images/train/class_0/levle0_231.jpg,,raw/acne_1024/all_1024/levle0_231.jpg,
acne04,classification,train,levle0_232,0,processed/acne_classification/images/train/class_0/levle0_232.jpg,,raw/acne_1024/all_1024/levle0_232.jpg,
acne04,classification,train,levle0_233,0,processed/acne_classification/images/train/class_0/levle0_233.jpg,,raw/acne_1024/all_1024/levle0_233.jpg,
acne04,classification,train,levle0_234,0,processed/acne_classification/images/train/class_0/levle0_234.jpg,,raw/acne_1024/all_1024/levle0_234.jpg,
acne04,classification,test,levle0_235,0,processed/acne_classification/images/test/class_0/levle0_235.jpg,,raw/acne_1024/all_1024/levle0_235.jpg,
acne04,classification,train,levle0_236,0,processed/acne_classification/images/train/class_0/levle0_236.jpg,,raw/acne_1024/all_1024/levle0_236.jpg,
acne04,classification,train,levle0_238,0,processed/acne_classification/images/train/class_0/levle0_238.jpg,,raw/acne_1024/all_1024/levle0_238.jpg,
acne04,classification,val,levle0_239,0,processed/acne_classification/images/val/class_0/levle0_239.jpg,,raw/acne_1024/all_1024/levle0_239.jpg,
acne04,classification,val,levle0_24,0,processed/acne_classification/images/val/class_0/levle0_24.jpg,,raw/acne_1024/all_1024/levle0_24.jpg,
acne04,classification,test,levle0_240,0,processed/acne_classification/images/test/class_0/levle0_240.jpg,,raw/acne_1024/all_1024/levle0_240.jpg,
acne04,classification,train,levle0_241,0,processed/acne_classification/images/train/class_0/levle0_241.jpg,,raw/acne_1024/all_1024/levle0_241.jpg,
acne04,classification,train,levle0_242,0,processed/acne_classification/images/train/class_0/levle0_242.jpg,,raw/acne_1024/all_1024/levle0_242.jpg,
acne04,classification,train,levle0_243,0,processed/acne_classification/images/train/class_0/levle0_243.jpg,,raw/acne_1024/all_1024/levle0_243.jpg,
acne04,classification,train,levle0_244,0,processed/acne_classification/images/train/class_0/levle0_244.jpg,,raw/acne_1024/all_1024/levle0_244.jpg,
acne04,classification,val,levle0_245,0,processed/acne_classification/images/val/class_0/levle0_245.jpg,,raw/acne_1024/all_1024/levle0_245.jpg,
acne04,classification,val,levle0_246,0,processed/acne_classification/images/val/class_0/levle0_246.jpg,,raw/acne_1024/all_1024/levle0_246.jpg,
acne04,classification,train,levle0_247,0,processed/acne_classification/images/train/class_0/levle0_247.jpg,,raw/acne_1024/all_1024/levle0_247.jpg,
acne04,classification,val,levle0_248,0,processed/acne_classification/images/val/class_0/levle0_248.jpg,,raw/acne_1024/all_1024/levle0_248.jpg,
acne04,classification,train,levle0_249,0,processed/acne_classification/images/train/class_0/levle0_249.jpg,,raw/acne_1024/all_1024/levle0_249.jpg,
acne04,classification,train,levle0_25,0,processed/acne_classification/images/train/class_0/levle0_25.jpg,,raw/acne_1024/all_1024/levle0_25.jpg,
acne04,classification,train,levle0_250,0,processed/acne_classification/images/train/class_0/levle0_250.jpg,,raw/acne_1024/all_1024/levle0_250.jpg,
acne04,classification,train,levle0_251,0,processed/acne_classification/images/train/class_0/levle0_251.jpg,,raw/acne_1024/all_1024/levle0_251.jpg,
acne04,classification,train,levle0_252,0,processed/acne_classification/images/train/class_0/levle0_252.jpg,,raw/acne_1024/all_1024/levle0_252.jpg,
acne04,classification,val,levle0_253,0,processed/acne_classification/images/val/class_0/levle0_253.jpg,,raw/acne_1024/all_1024/levle0_253.jpg,
acne04,classification,train,levle0_255,0,processed/acne_classification/images/train/class_0/levle0_255.jpg,,raw/acne_1024/all_1024/levle0_255.jpg,
acne04,classification,train,levle0_256,0,processed/acne_classification/images/train/class_0/levle0_256.jpg,,raw/acne_1024/all_1024/levle0_256.jpg,
acne04,classification,train,levle0_257,0,processed/acne_classification/images/train/class_0/levle0_257.jpg,,raw/acne_1024/all_1024/levle0_257.jpg,
acne04,classification,train,levle0_258,0,processed/acne_classification/images/train/class_0/levle0_258.jpg,,raw/acne_1024/all_1024/levle0_258.jpg,
acne04,classification,train,levle0_259,0,processed/acne_classification/images/train/class_0/levle0_259.jpg,,raw/acne_1024/all_1024/levle0_259.jpg,
acne04,classification,train,levle0_26,0,processed/acne_classification/images/train/class_0/levle0_26.jpg,,raw/acne_1024/all_1024/levle0_26.jpg,
acne04,classification,train,levle0_260,0,processed/acne_classification/images/train/class_0/levle0_260.jpg,,raw/acne_1024/all_1024/levle0_260.jpg,
acne04,classification,train,levle0_261,0,processed/acne_classification/images/train/class_0/levle0_261.jpg,,raw/acne_1024/all_1024/levle0_261.jpg,
acne04,classification,train,levle0_263,0,processed/acne_classification/images/train/class_0/levle0_263.jpg,,raw/acne_1024/all_1024/levle0_263.jpg,
acne04,classification,train,levle0_264,0,processed/acne_classification/images/train/class_0/levle0_264.jpg,,raw/acne_1024/all_1024/levle0_264.jpg,
acne04,classification,test,levle0_265,0,processed/acne_classification/images/test/class_0/levle0_265.jpg,,raw/acne_1024/all_1024/levle0_265.jpg,
acne04,classification,train,levle0_266,0,processed/acne_classification/images/train/class_0/levle0_266.jpg,,raw/acne_1024/all_1024/levle0_266.jpg,
acne04,classification,train,levle0_267,0,processed/acne_classification/images/train/class_0/levle0_267.jpg,,raw/acne_1024/all_1024/levle0_267.jpg,
acne04,classification,test,levle0_268,0,processed/acne_classification/images/test/class_0/levle0_268.jpg,,raw/acne_1024/all_1024/levle0_268.jpg,
acne04,classification,train,levle0_269,0,processed/acne_classification/images/train/class_0/levle0_269.jpg,,raw/acne_1024/all_1024/levle0_269.jpg,
acne04,classification,train,levle0_27,0,processed/acne_classification/images/train/class_0/levle0_27.jpg,,raw/acne_1024/all_1024/levle0_27.jpg,
acne04,classification,train,levle0_270,0,processed/acne_classification/images/train/class_0/levle0_270.jpg,,raw/acne_1024/all_1024/levle0_270.jpg,
acne04,classification,train,levle0_271,0,processed/acne_classification/images/train/class_0/levle0_271.jpg,,raw/acne_1024/all_1024/levle0_271.jpg,
acne04,classification,train,levle0_272,0,processed/acne_classification/images/train/class_0/levle0_272.jpg,,raw/acne_1024/all_1024/levle0_272.jpg,
acne04,classification,train,levle0_273,0,processed/acne_classification/images/train/class_0/levle0_273.jpg,,raw/acne_1024/all_1024/levle0_273.jpg,
acne04,classification,train,levle0_274,0,processed/acne_classification/images/train/class_0/levle0_274.jpg,,raw/acne_1024/all_1024/levle0_274.jpg,
acne04,classification,train,levle0_275,0,processed/acne_classification/images/train/class_0/levle0_275.jpg,,raw/acne_1024/all_1024/levle0_275.jpg,
acne04,classification,val,levle0_276,0,processed/acne_classification/images/val/class_0/levle0_276.jpg,,raw/acne_1024/all_1024/levle0_276.jpg,
acne04,classification,train,levle0_277,0,processed/acne_classification/images/train/class_0/levle0_277.jpg,,raw/acne_1024/all_1024/levle0_277.jpg,
acne04,classification,train,levle0_278,0,processed/acne_classification/images/train/class_0/levle0_278.jpg,,raw/acne_1024/all_1024/levle0_278.jpg,
acne04,classification,train,levle0_279,0,processed/acne_classification/images/train/class_0/levle0_279.jpg,,raw/acne_1024/all_1024/levle0_279.jpg,
acne04,classification,val,levle0_28,0,processed/acne_classification/images/val/class_0/levle0_28.jpg,,raw/acne_1024/all_1024/levle0_28.jpg,
acne04,classification,train,levle0_280,0,processed/acne_classification/images/train/class_0/levle0_280.jpg,,raw/acne_1024/all_1024/levle0_280.jpg,
acne04,classification,test,levle0_281,0,processed/acne_classification/images/test/class_0/levle0_281.jpg,,raw/acne_1024/all_1024/levle0_281.jpg,
acne04,classification,train,levle0_282,0,processed/acne_classification/images/train/class_0/levle0_282.jpg,,raw/acne_1024/all_1024/levle0_282.jpg,
acne04,classification,train,levle0_283,0,processed/acne_classification/images/train/class_0/levle0_283.jpg,,raw/acne_1024/all_1024/levle0_283.jpg,
acne04,classification,train,levle0_284,0,processed/acne_classification/images/train/class_0/levle0_284.jpg,,raw/acne_1024/all_1024/levle0_284.jpg,
acne04,classification,train,levle0_285,0,processed/acne_classification/images/train/class_0/levle0_285.jpg,,raw/acne_1024/all_1024/levle0_285.jpg,
acne04,classification,train,levle0_286,0,processed/acne_classification/images/train/class_0/levle0_286.jpg,,raw/acne_1024/all_1024/levle0_286.jpg,
acne04,classification,train,levle0_287,0,processed/acne_classification/images/train/class_0/levle0_287.jpg,,raw/acne_1024/all_1024/levle0_287.jpg,
acne04,classification,train,levle0_288,0,processed/acne_classification/images/train/class_0/levle0_288.jpg,,raw/acne_1024/all_1024/levle0_288.jpg,
acne04,classification,train,levle0_289,0,processed/acne_classification/images/train/class_0/levle0_289.jpg,,raw/acne_1024/all_1024/levle0_289.jpg,
acne04,classification,train,levle0_290,0,processed/acne_classification/images/train/class_0/levle0_290.jpg,,raw/acne_1024/all_1024/levle0_290.jpg,
acne04,classification,train,levle0_291,0,processed/acne_classification/images/train/class_0/levle0_291.jpg,,raw/acne_1024/all_1024/levle0_291.jpg,
acne04,classification,train,levle0_292,0,processed/acne_classification/images/train/class_0/levle0_292.jpg,,raw/acne_1024/all_1024/levle0_292.jpg,
acne04,classification,train,levle0_293,0,processed/acne_classification/images/train/class_0/levle0_293.jpg,,raw/acne_1024/all_1024/levle0_293.jpg,
acne04,classification,train,levle0_294,0,processed/acne_classification/images/train/class_0/levle0_294.jpg,,raw/acne_1024/all_1024/levle0_294.jpg,
acne04,classification,train,levle0_295,0,processed/acne_classification/images/train/class_0/levle0_295.jpg,,raw/acne_1024/all_1024/levle0_295.jpg,
acne04,classification,train,levle0_296,0,processed/acne_classification/images/train/class_0/levle0_296.jpg,,raw/acne_1024/all_1024/levle0_296.jpg,
acne04,classification,train,levle0_297,0,processed/acne_classification/images/train/class_0/levle0_297.jpg,,raw/acne_1024/all_1024/levle0_297.jpg,
acne04,classification,train,levle0_298,0,processed/acne_classification/images/train/class_0/levle0_298.jpg,,raw/acne_1024/all_1024/levle0_298.jpg,
acne04,classification,train,levle0_299,0,processed/acne_classification/images/train/class_0/levle0_299.jpg,,raw/acne_1024/all_1024/levle0_299.jpg,
acne04,classification,train,levle0_3,0,processed/acne_classification/images/train/class_0/levle0_3.jpg,,raw/acne_1024/all_1024/levle0_3.jpg,
acne04,classification,train,levle0_300,0,processed/acne_classification/images/train/class_0/levle0_300.jpg,,raw/acne_1024/all_1024/levle0_300.jpg,
acne04,classification,train,levle0_301,0,processed/acne_classification/images/train/class_0/levle0_301.jpg,,raw/acne_1024/all_1024/levle0_301.jpg,
acne04,classification,train,levle0_302,0,processed/acne_classification/images/train/class_0/levle0_302.jpg,,raw/acne_1024/all_1024/levle0_302.jpg,
acne04,classification,train,levle0_303,0,processed/acne_classification/images/train/class_0/levle0_303.jpg,,raw/acne_1024/all_1024/levle0_303.jpg,
acne04,classification,train,levle0_304,0,processed/acne_classification/images/train/class_0/levle0_304.jpg,,raw/acne_1024/all_1024/levle0_304.jpg,
acne04,classification,val,levle0_305,0,processed/acne_classification/images/val/class_0/levle0_305.jpg,,raw/acne_1024/all_1024/levle0_305.jpg,
acne04,classification,train,levle0_306,0,processed/acne_classification/images/train/class_0/levle0_306.jpg,,raw/acne_1024/all_1024/levle0_306.jpg,
acne04,classification,train,levle0_307,0,processed/acne_classification/images/train/class_0/levle0_307.jpg,,raw/acne_1024/all_1024/levle0_307.jpg,
acne04,classification,train,levle0_308,0,processed/acne_classification/images/train/class_0/levle0_308.jpg,,raw/acne_1024/all_1024/levle0_308.jpg,
acne04,classification,val,levle0_309,0,processed/acne_classification/images/val/class_0/levle0_309.jpg,,raw/acne_1024/all_1024/levle0_309.jpg,
acne04,classification,train,levle0_31,0,processed/acne_classification/images/train/class_0/levle0_31.jpg,,raw/acne_1024/all_1024/levle0_31.jpg,
acne04,classification,train,levle0_310,0,processed/acne_classification/images/train/class_0/levle0_310.jpg,,raw/acne_1024/all_1024/levle0_310.jpg,
acne04,classification,val,levle0_311,0,processed/acne_classification/images/val/class_0/levle0_311.jpg,,raw/acne_1024/all_1024/levle0_311.jpg,
acne04,classification,val,levle0_312,0,processed/acne_classification/images/val/class_0/levle0_312.jpg,,raw/acne_1024/all_1024/levle0_312.jpg,
acne04,classification,val,levle0_313,0,processed/acne_classification/images/val/class_0/levle0_313.jpg,,raw/acne_1024/all_1024/levle0_313.jpg,
acne04,classification,val,levle0_314,0,processed/acne_classification/images/val/class_0/levle0_314.jpg,,raw/acne_1024/all_1024/levle0_314.jpg,
acne04,classification,train,levle0_315,0,processed/acne_classification/images/train/class_0/levle0_315.jpg,,raw/acne_1024/all_1024/levle0_315.jpg,
acne04,classification,train,levle0_316,0,processed/acne_classification/images/train/class_0/levle0_316.jpg,,raw/acne_1024/all_1024/levle0_316.jpg,
acne04,classification,train,levle0_317,0,processed/acne_classification/images/train/class_0/levle0_317.jpg,,raw/acne_1024/all_1024/levle0_317.jpg,
acne04,classification,train,levle0_318,0,processed/acne_classification/images/train/class_0/levle0_318.jpg,,raw/acne_1024/all_1024/levle0_318.jpg,
acne04,classification,train,levle0_319,0,processed/acne_classification/images/train/class_0/levle0_319.jpg,,raw/acne_1024/all_1024/levle0_319.jpg,
acne04,classification,train,levle0_32,0,processed/acne_classification/images/train/class_0/levle0_32.jpg,,raw/acne_1024/all_1024/levle0_32.jpg,
acne04,classification,train,levle0_320,0,processed/acne_classification/images/train/class_0/levle0_320.jpg,,raw/acne_1024/all_1024/levle0_320.jpg,
acne04,classification,train,levle0_321,0,processed/acne_classification/images/train/class_0/levle0_321.jpg,,raw/acne_1024/all_1024/levle0_321.jpg,
acne04,classification,train,levle0_322,0,processed/acne_classification/images/train/class_0/levle0_322.jpg,,raw/acne_1024/all_1024/levle0_322.jpg,
acne04,classification,train,levle0_323,0,processed/acne_classification/images/train/class_0/levle0_323.jpg,,raw/acne_1024/all_1024/levle0_323.jpg,
acne04,classification,val,levle0_324,0,processed/acne_classification/images/val/class_0/levle0_324.jpg,,raw/acne_1024/all_1024/levle0_324.jpg,
acne04,classification,train,levle0_325,0,processed/acne_classification/images/train/class_0/levle0_325.jpg,,raw/acne_1024/all_1024/levle0_325.jpg,
acne04,classification,train,levle0_326,0,processed/acne_classification/images/train/class_0/levle0_326.jpg,,raw/acne_1024/all_1024/levle0_326.jpg,
acne04,classification,test,levle0_327,0,processed/acne_classification/images/test/class_0/levle0_327.jpg,,raw/acne_1024/all_1024/levle0_327.jpg,
acne04,classification,val,levle0_328,0,processed/acne_classification/images/val/class_0/levle0_328.jpg,,raw/acne_1024/all_1024/levle0_328.jpg,
acne04,classification,train,levle0_329,0,processed/acne_classification/images/train/class_0/levle0_329.jpg,,raw/acne_1024/all_1024/levle0_329.jpg,
acne04,classification,train,levle0_33,0,processed/acne_classification/images/train/class_0/levle0_33.jpg,,raw/acne_1024/all_1024/levle0_33.jpg,
acne04,classification,train,levle0_330,0,processed/acne_classification/images/train/class_0/levle0_330.jpg,,raw/acne_1024/all_1024/levle0_330.jpg,
acne04,classification,train,levle0_331,0,processed/acne_classification/images/train/class_0/levle0_331.jpg,,raw/acne_1024/all_1024/levle0_331.jpg,
acne04,classification,train,levle0_332,0,processed/acne_classification/images/train/class_0/levle0_332.jpg,,raw/acne_1024/all_1024/levle0_332.jpg,
acne04,classification,train,levle0_334,0,processed/acne_classification/images/train/class_0/levle0_334.jpg,,raw/acne_1024/all_1024/levle0_334.jpg,
acne04,classification,train,levle0_335,0,processed/acne_classification/images/train/class_0/levle0_335.jpg,,raw/acne_1024/all_1024/levle0_335.jpg,
acne04,classification,train,levle0_336,0,processed/acne_classification/images/train/class_0/levle0_336.jpg,,raw/acne_1024/all_1024/levle0_336.jpg,
acne04,classification,train,levle0_337,0,processed/acne_classification/images/train/class_0/levle0_337.jpg,,raw/acne_1024/all_1024/levle0_337.jpg,
acne04,classification,val,levle0_338,0,processed/acne_classification/images/val/class_0/levle0_338.jpg,,raw/acne_1024/all_1024/levle0_338.jpg,
acne04,classification,train,levle0_339,0,processed/acne_classification/images/train/class_0/levle0_339.jpg,,raw/acne_1024/all_1024/levle0_339.jpg,
acne04,classification,train,levle0_34,0,processed/acne_classification/images/train/class_0/levle0_34.jpg,,raw/acne_1024/all_1024/levle0_34.jpg,
acne04,classification,train,levle0_340,0,processed/acne_classification/images/train/class_0/levle0_340.jpg,,raw/acne_1024/all_1024/levle0_340.jpg,
acne04,classification,train,levle0_341,0,processed/acne_classification/images/train/class_0/levle0_341.jpg,,raw/acne_1024/all_1024/levle0_341.jpg,
acne04,classification,train,levle0_342,0,processed/acne_classification/images/train/class_0/levle0_342.jpg,,raw/acne_1024/all_1024/levle0_342.jpg,
acne04,classification,test,levle0_343,0,processed/acne_classification/images/test/class_0/levle0_343.jpg,,raw/acne_1024/all_1024/levle0_343.jpg,
acne04,classification,train,levle0_345,0,processed/acne_classification/images/train/class_0/levle0_345.jpg,,raw/acne_1024/all_1024/levle0_345.jpg,
acne04,classification,val,levle0_346,0,processed/acne_classification/images/val/class_0/levle0_346.jpg,,raw/acne_1024/all_1024/levle0_346.jpg,
acne04,classification,train,levle0_347,0,processed/acne_classification/images/train/class_0/levle0_347.jpg,,raw/acne_1024/all_1024/levle0_347.jpg,
acne04,classification,val,levle0_349,0,processed/acne_classification/images/val/class_0/levle0_349.jpg,,raw/acne_1024/all_1024/levle0_349.jpg,
acne04,classification,train,levle0_35,0,processed/acne_classification/images/train/class_0/levle0_35.jpg,,raw/acne_1024/all_1024/levle0_35.jpg,
acne04,classification,test,levle0_350,0,processed/acne_classification/images/test/class_0/levle0_350.jpg,,raw/acne_1024/all_1024/levle0_350.jpg,
acne04,classification,train,levle0_351,0,processed/acne_classification/images/train/class_0/levle0_351.jpg,,raw/acne_1024/all_1024/levle0_351.jpg,
acne04,classification,train,levle0_353,0,processed/acne_classification/images/train/class_0/levle0_353.jpg,,raw/acne_1024/all_1024/levle0_353.jpg,
acne04,classification,val,levle0_354,0,processed/acne_classification/images/val/class_0/levle0_354.jpg,,raw/acne_1024/all_1024/levle0_354.jpg,
acne04,classification,train,levle0_355,0,processed/acne_classification/images/train/class_0/levle0_355.jpg,,raw/acne_1024/all_1024/levle0_355.jpg,
acne04,classification,train,levle0_356,0,processed/acne_classification/images/train/class_0/levle0_356.jpg,,raw/acne_1024/all_1024/levle0_356.jpg,
acne04,classification,train,levle0_357,0,processed/acne_classification/images/train/class_0/levle0_357.jpg,,raw/acne_1024/all_1024/levle0_357.jpg,
acne04,classification,val,levle0_358,0,processed/acne_classification/images/val/class_0/levle0_358.jpg,,raw/acne_1024/all_1024/levle0_358.jpg,
acne04,classification,train,levle0_359,0,processed/acne_classification/images/train/class_0/levle0_359.jpg,,raw/acne_1024/all_1024/levle0_359.jpg,
acne04,classification,test,levle0_36,0,processed/acne_classification/images/test/class_0/levle0_36.jpg,,raw/acne_1024/all_1024/levle0_36.jpg,
acne04,classification,train,levle0_360,0,processed/acne_classification/images/train/class_0/levle0_360.jpg,,raw/acne_1024/all_1024/levle0_360.jpg,
acne04,classification,val,levle0_361,0,processed/acne_classification/images/val/class_0/levle0_361.jpg,,raw/acne_1024/all_1024/levle0_361.jpg,
acne04,classification,val,levle0_362,0,processed/acne_classification/images/val/class_0/levle0_362.jpg,,raw/acne_1024/all_1024/levle0_362.jpg,
acne04,classification,train,levle0_363,0,processed/acne_classification/images/train/class_0/levle0_363.jpg,,raw/acne_1024/all_1024/levle0_363.jpg,
acne04,classification,val,levle0_364,0,processed/acne_classification/images/val/class_0/levle0_364.jpg,,raw/acne_1024/all_1024/levle0_364.jpg,
acne04,classification,train,levle0_365,0,processed/acne_classification/images/train/class_0/levle0_365.jpg,,raw/acne_1024/all_1024/levle0_365.jpg,
acne04,classification,train,levle0_366,0,processed/acne_classification/images/train/class_0/levle0_366.jpg,,raw/acne_1024/all_1024/levle0_366.jpg,
acne04,classification,val,levle0_367,0,processed/acne_classification/images/val/class_0/levle0_367.jpg,,raw/acne_1024/all_1024/levle0_367.jpg,
acne04,classification,train,levle0_368,0,processed/acne_classification/images/train/class_0/levle0_368.jpg,,raw/acne_1024/all_1024/levle0_368.jpg,
acne04,classification,val,levle0_37,0,processed/acne_classification/images/val/class_0/levle0_37.jpg,,raw/acne_1024/all_1024/levle0_37.jpg,
acne04,classification,train,levle0_371,0,processed/acne_classification/images/train/class_0/levle0_371.jpg,,raw/acne_1024/all_1024/levle0_371.jpg,
acne04,classification,val,levle0_372,0,processed/acne_classification/images/val/class_0/levle0_372.jpg,,raw/acne_1024/all_1024/levle0_372.jpg,
acne04,classification,train,levle0_373,0,processed/acne_classification/images/train/class_0/levle0_373.jpg,,raw/acne_1024/all_1024/levle0_373.jpg,
acne04,classification,train,levle0_374,0,processed/acne_classification/images/train/class_0/levle0_374.jpg,,raw/acne_1024/all_1024/levle0_374.jpg,
acne04,classification,test,levle0_375,0,processed/acne_classification/images/test/class_0/levle0_375.jpg,,raw/acne_1024/all_1024/levle0_375.jpg,
acne04,classification,train,levle0_376,0,processed/acne_classification/images/train/class_0/levle0_376.jpg,,raw/acne_1024/all_1024/levle0_376.jpg,
acne04,classification,train,levle0_377,0,processed/acne_classification/images/train/class_0/levle0_377.jpg,,raw/acne_1024/all_1024/levle0_377.jpg,
acne04,classification,test,levle0_378,0,processed/acne_classification/images/test/class_0/levle0_378.jpg,,raw/acne_1024/all_1024/levle0_378.jpg,
acne04,classification,train,levle0_379,0,processed/acne_classification/images/train/class_0/levle0_379.jpg,,raw/acne_1024/all_1024/levle0_379.jpg,
acne04,classification,val,levle0_38,0,processed/acne_classification/images/val/class_0/levle0_38.jpg,,raw/acne_1024/all_1024/levle0_38.jpg,
acne04,classification,train,levle0_380,0,processed/acne_classification/images/train/class_0/levle0_380.jpg,,raw/acne_1024/all_1024/levle0_380.jpg,
acne04,classification,train,levle0_381,0,processed/acne_classification/images/train/class_0/levle0_381.jpg,,raw/acne_1024/all_1024/levle0_381.jpg,
acne04,classification,train,levle0_382,0,processed/acne_classification/images/train/class_0/levle0_382.jpg,,raw/acne_1024/all_1024/levle0_382.jpg,
acne04,classification,val,levle0_383,0,processed/acne_classification/images/val/class_0/levle0_383.jpg,,raw/acne_1024/all_1024/levle0_383.jpg,
acne04,classification,val,levle0_384,0,processed/acne_classification/images/val/class_0/levle0_384.jpg,,raw/acne_1024/all_1024/levle0_384.jpg,
acne04,classification,train,levle0_385,0,processed/acne_classification/images/train/class_0/levle0_385.jpg,,raw/acne_1024/all_1024/levle0_385.jpg,
acne04,classification,train,levle0_386,0,processed/acne_classification/images/train/class_0/levle0_386.jpg,,raw/acne_1024/all_1024/levle0_386.jpg,
acne04,classification,train,levle0_387,0,processed/acne_classification/images/train/class_0/levle0_387.jpg,,raw/acne_1024/all_1024/levle0_387.jpg,
acne04,classification,train,levle0_388,0,processed/acne_classification/images/train/class_0/levle0_388.jpg,,raw/acne_1024/all_1024/levle0_388.jpg,
acne04,classification,train,levle0_389,0,processed/acne_classification/images/train/class_0/levle0_389.jpg,,raw/acne_1024/all_1024/levle0_389.jpg,
acne04,classification,train,levle0_39,0,processed/acne_classification/images/train/class_0/levle0_39.jpg,,raw/acne_1024/all_1024/levle0_39.jpg,
acne04,classification,train,levle0_390,0,processed/acne_classification/images/train/class_0/levle0_390.jpg,,raw/acne_1024/all_1024/levle0_390.jpg,
acne04,classification,test,levle0_391,0,processed/acne_classification/images/test/class_0/levle0_391.jpg,,raw/acne_1024/all_1024/levle0_391.jpg,
acne04,classification,train,levle0_392,0,processed/acne_classification/images/train/class_0/levle0_392.jpg,,raw/acne_1024/all_1024/levle0_392.jpg,
acne04,classification,train,levle0_393,0,processed/acne_classification/images/train/class_0/levle0_393.jpg,,raw/acne_1024/all_1024/levle0_393.jpg,
acne04,classification,test,levle0_394,0,processed/acne_classification/images/test/class_0/levle0_394.jpg,,raw/acne_1024/all_1024/levle0_394.jpg,
acne04,classification,train,levle0_395,0,processed/acne_classification/images/train/class_0/levle0_395.jpg,,raw/acne_1024/all_1024/levle0_395.jpg,
acne04,classification,train,levle0_396,0,processed/acne_classification/images/train/class_0/levle0_396.jpg,,raw/acne_1024/all_1024/levle0_396.jpg,
acne04,classification,train,levle0_397,0,processed/acne_classification/images/train/class_0/levle0_397.jpg,,raw/acne_1024/all_1024/levle0_397.jpg,
acne04,classification,train,levle0_398,0,processed/acne_classification/images/train/class_0/levle0_398.jpg,,raw/acne_1024/all_1024/levle0_398.jpg,
acne04,classification,train,levle0_399,0,processed/acne_classification/images/train/class_0/levle0_399.jpg,,raw/acne_1024/all_1024/levle0_399.jpg,
acne04,classification,train,levle0_4,0,processed/acne_classification/images/train/class_0/levle0_4.jpg,,raw/acne_1024/all_1024/levle0_4.jpg,
acne04,classification,train,levle0_40,0,processed/acne_classification/images/train/class_0/levle0_40.jpg,,raw/acne_1024/all_1024/levle0_40.jpg,
acne04,classification,val,levle0_400,0,processed/acne_classification/images/val/class_0/levle0_400.jpg,,raw/acne_1024/all_1024/levle0_400.jpg,
acne04,classification,train,levle0_401,0,processed/acne_classification/images/train/class_0/levle0_401.jpg,,raw/acne_1024/all_1024/levle0_401.jpg,
acne04,classification,test,levle0_402,0,processed/acne_classification/images/test/class_0/levle0_402.jpg,,raw/acne_1024/all_1024/levle0_402.jpg,
acne04,classification,val,levle0_403,0,processed/acne_classification/images/val/class_0/levle0_403.jpg,,raw/acne_1024/all_1024/levle0_403.jpg,
acne04,classification,train,levle0_404,0,processed/acne_classification/images/train/class_0/levle0_404.jpg,,raw/acne_1024/all_1024/levle0_404.jpg,
acne04,classification,val,levle0_405,0,processed/acne_classification/images/val/class_0/levle0_405.jpg,,raw/acne_1024/all_1024/levle0_405.jpg,
acne04,classification,train,levle0_406,0,processed/acne_classification/images/train/class_0/levle0_406.jpg,,raw/acne_1024/all_1024/levle0_406.jpg,
acne04,classification,train,levle0_407,0,processed/acne_classification/images/train/class_0/levle0_407.jpg,,raw/acne_1024/all_1024/levle0_407.jpg,
acne04,classification,val,levle0_409,0,processed/acne_classification/images/val/class_0/levle0_409.jpg,,raw/acne_1024/all_1024/levle0_409.jpg,
acne04,classification,val,levle0_41,0,processed/acne_classification/images/val/class_0/levle0_41.jpg,,raw/acne_1024/all_1024/levle0_41.jpg,
acne04,classification,train,levle0_410,0,processed/acne_classification/images/train/class_0/levle0_410.jpg,,raw/acne_1024/all_1024/levle0_410.jpg,
acne04,classification,val,levle0_411,0,processed/acne_classification/images/val/class_0/levle0_411.jpg,,raw/acne_1024/all_1024/levle0_411.jpg,
acne04,classification,test,levle0_412,0,processed/acne_classification/images/test/class_0/levle0_412.jpg,,raw/acne_1024/all_1024/levle0_412.jpg,
acne04,classification,val,levle0_413,0,processed/acne_classification/images/val/class_0/levle0_413.jpg,,raw/acne_1024/all_1024/levle0_413.jpg,
acne04,classification,train,levle0_414,0,processed/acne_classification/images/train/class_0/levle0_414.jpg,,raw/acne_1024/all_1024/levle0_414.jpg,
acne04,classification,train,levle0_415,0,processed/acne_classification/images/train/class_0/levle0_415.jpg,,raw/acne_1024/all_1024/levle0_415.jpg,
acne04,classification,train,levle0_416,0,processed/acne_classification/images/train/class_0/levle0_416.jpg,,raw/acne_1024/all_1024/levle0_416.jpg,
acne04,classification,val,levle0_417,0,processed/acne_classification/images/val/class_0/levle0_417.jpg,,raw/acne_1024/all_1024/levle0_417.jpg,
acne04,classification,val,levle0_418,0,processed/acne_classification/images/val/class_0/levle0_418.jpg,,raw/acne_1024/all_1024/levle0_418.jpg,
acne04,classification,train,levle0_419,0,processed/acne_classification/images/train/class_0/levle0_419.jpg,,raw/acne_1024/all_1024/levle0_419.jpg,
acne04,classification,test,levle0_42,0,processed/acne_classification/images/test/class_0/levle0_42.jpg,,raw/acne_1024/all_1024/levle0_42.jpg,
acne04,classification,train,levle0_420,0,processed/acne_classification/images/train/class_0/levle0_420.jpg,,raw/acne_1024/all_1024/levle0_420.jpg,
acne04,classification,train,levle0_421,0,processed/acne_classification/images/train/class_0/levle0_421.jpg,,raw/acne_1024/all_1024/levle0_421.jpg,
acne04,classification,train,levle0_422,0,processed/acne_classification/images/train/class_0/levle0_422.jpg,,raw/acne_1024/all_1024/levle0_422.jpg,
acne04,classification,test,levle0_423,0,processed/acne_classification/images/test/class_0/levle0_423.jpg,,raw/acne_1024/all_1024/levle0_423.jpg,
acne04,classification,train,levle0_424,0,processed/acne_classification/images/train/class_0/levle0_424.jpg,,raw/acne_1024/all_1024/levle0_424.jpg,
acne04,classification,train,levle0_425,0,processed/acne_classification/images/train/class_0/levle0_425.jpg,,raw/acne_1024/all_1024/levle0_425.jpg,
acne04,classification,test,levle0_426,0,processed/acne_classification/images/test/class_0/levle0_426.jpg,,raw/acne_1024/all_1024/levle0_426.jpg,
acne04,classification,val,levle0_427,0,processed/acne_classification/images/val/class_0/levle0_427.jpg,,raw/acne_1024/all_1024/levle0_427.jpg,
acne04,classification,train,levle0_428,0,processed/acne_classification/images/train/class_0/levle0_428.jpg,,raw/acne_1024/all_1024/levle0_428.jpg,
acne04,classification,train,levle0_429,0,processed/acne_classification/images/train/class_0/levle0_429.jpg,,raw/acne_1024/all_1024/levle0_429.jpg,
acne04,classification,train,levle0_43,0,processed/acne_classification/images/train/class_0/levle0_43.jpg,,raw/acne_1024/all_1024/levle0_43.jpg,
acne04,classification,test,levle0_430,0,processed/acne_classification/images/test/class_0/levle0_430.jpg,,raw/acne_1024/all_1024/levle0_430.jpg,
acne04,classification,train,levle0_432,0,processed/acne_classification/images/train/class_0/levle0_432.jpg,,raw/acne_1024/all_1024/levle0_432.jpg,
acne04,classification,val,levle0_436,0,processed/acne_classification/images/val/class_0/levle0_436.jpg,,raw/acne_1024/all_1024/levle0_436.jpg,
acne04,classification,val,levle0_438,0,processed/acne_classification/images/val/class_0/levle0_438.jpg,,raw/acne_1024/all_1024/levle0_438.jpg,
acne04,classification,train,levle0_439,0,processed/acne_classification/images/train/class_0/levle0_439.jpg,,raw/acne_1024/all_1024/levle0_439.jpg,
acne04,classification,val,levle0_44,0,processed/acne_classification/images/val/class_0/levle0_44.jpg,,raw/acne_1024/all_1024/levle0_44.jpg,
acne04,classification,val,levle0_440,0,processed/acne_classification/images/val/class_0/levle0_440.jpg,,raw/acne_1024/all_1024/levle0_440.jpg,
acne04,classification,train,levle0_441,0,processed/acne_classification/images/train/class_0/levle0_441.jpg,,raw/acne_1024/all_1024/levle0_441.jpg,
acne04,classification,train,levle0_442,0,processed/acne_classification/images/train/class_0/levle0_442.jpg,,raw/acne_1024/all_1024/levle0_442.jpg,
acne04,classification,test,levle0_443,0,processed/acne_classification/images/test/class_0/levle0_443.jpg,,raw/acne_1024/all_1024/levle0_443.jpg,
acne04,classification,train,levle0_444,0,processed/acne_classification/images/train/class_0/levle0_444.jpg,,raw/acne_1024/all_1024/levle0_444.jpg,
acne04,classification,val,levle0_446,0,processed/acne_classification/images/val/class_0/levle0_446.jpg,,raw/acne_1024/all_1024/levle0_446.jpg,
acne04,classification,train,levle0_447,0,processed/acne_classification/images/train/class_0/levle0_447.jpg,,raw/acne_1024/all_1024/levle0_447.jpg,
acne04,classification,train,levle0_448,0,processed/acne_classification/images/train/class_0/levle0_448.jpg,,raw/acne_1024/all_1024/levle0_448.jpg,
acne04,classification,train,levle0_449,0,processed/acne_classification/images/train/class_0/levle0_449.jpg,,raw/acne_1024/all_1024/levle0_449.jpg,
acne04,classification,test,levle0_45,0,processed/acne_classification/images/test/class_0/levle0_45.jpg,,raw/acne_1024/all_1024/levle0_45.jpg,
acne04,classification,train,levle0_450,0,processed/acne_classification/images/train/class_0/levle0_450.jpg,,raw/acne_1024/all_1024/levle0_450.jpg,
acne04,classification,train,levle0_451,0,processed/acne_classification/images/train/class_0/levle0_451.jpg,,raw/acne_1024/all_1024/levle0_451.jpg,
acne04,classification,val,levle0_452,0,processed/acne_classification/images/val/class_0/levle0_452.jpg,,raw/acne_1024/all_1024/levle0_452.jpg,
acne04,classification,train,levle0_453,0,processed/acne_classification/images/train/class_0/levle0_453.jpg,,raw/acne_1024/all_1024/levle0_453.jpg,
acne04,classification,train,levle0_454,0,processed/acne_classification/images/train/class_0/levle0_454.jpg,,raw/acne_1024/all_1024/levle0_454.jpg,
acne04,classification,val,levle0_455,0,processed/acne_classification/images/val/class_0/levle0_455.jpg,,raw/acne_1024/all_1024/levle0_455.jpg,
acne04,classification,train,levle0_456,0,processed/acne_classification/images/train/class_0/levle0_456.jpg,,raw/acne_1024/all_1024/levle0_456.jpg,
acne04,classification,train,levle0_457,0,processed/acne_classification/images/train/class_0/levle0_457.jpg,,raw/acne_1024/all_1024/levle0_457.jpg,
acne04,classification,val,levle0_458,0,processed/acne_classification/images/val/class_0/levle0_458.jpg,,raw/acne_1024/all_1024/levle0_458.jpg,
acne04,classification,test,levle0_459,0,processed/acne_classification/images/test/class_0/levle0_459.jpg,,raw/acne_1024/all_1024/levle0_459.jpg,
acne04,classification,train,levle0_46,0,processed/acne_classification/images/train/class_0/levle0_46.jpg,,raw/acne_1024/all_1024/levle0_46.jpg,
acne04,classification,test,levle0_460,0,processed/acne_classification/images/test/class_0/levle0_460.jpg,,raw/acne_1024/all_1024/levle0_460.jpg,
acne04,classification,train,levle0_461,0,processed/acne_classification/images/train/class_0/levle0_461.jpg,,raw/acne_1024/all_1024/levle0_461.jpg,
acne04,classification,train,levle0_462,0,processed/acne_classification/images/train/class_0/levle0_462.jpg,,raw/acne_1024/all_1024/levle0_462.jpg,
acne04,classification,train,levle0_463,0,processed/acne_classification/images/train/class_0/levle0_463.jpg,,raw/acne_1024/all_1024/levle0_463.jpg,
acne04,classification,train,levle0_465,0,processed/acne_classification/images/train/class_0/levle0_465.jpg,,raw/acne_1024/all_1024/levle0_465.jpg,
acne04,classification,test,levle0_466,0,processed/acne_classification/images/test/class_0/levle0_466.jpg,,raw/acne_1024/all_1024/levle0_466.jpg,
acne04,classification,train,levle0_467,0,processed/acne_classification/images/train/class_0/levle0_467.jpg,,raw/acne_1024/all_1024/levle0_467.jpg,
acne04,classification,train,levle0_468,0,processed/acne_classification/images/train/class_0/levle0_468.jpg,,raw/acne_1024/all_1024/levle0_468.jpg,
acne04,classification,train,levle0_469,0,processed/acne_classification/images/train/class_0/levle0_469.jpg,,raw/acne_1024/all_1024/levle0_469.jpg,
acne04,classification,test,levle0_47,0,processed/acne_classification/images/test/class_0/levle0_47.jpg,,raw/acne_1024/all_1024/levle0_47.jpg,
acne04,classification,train,levle0_470,0,processed/acne_classification/images/train/class_0/levle0_470.jpg,,raw/acne_1024/all_1024/levle0_470.jpg,
acne04,classification,train,levle0_471,0,processed/acne_classification/images/train/class_0/levle0_471.jpg,,raw/acne_1024/all_1024/levle0_471.jpg,
acne04,classification,train,levle0_473,0,processed/acne_classification/images/train/class_0/levle0_473.jpg,,raw/acne_1024/all_1024/levle0_473.jpg,
acne04,classification,val,levle0_474,0,processed/acne_classification/images/val/class_0/levle0_474.jpg,,raw/acne_1024/all_1024/levle0_474.jpg,
acne04,classification,train,levle0_475,0,processed/acne_classification/images/train/class_0/levle0_475.jpg,,raw/acne_1024/all_1024/levle0_475.jpg,
acne04,classification,val,levle0_476,0,processed/acne_classification/images/val/class_0/levle0_476.jpg,,raw/acne_1024/all_1024/levle0_476.jpg,
acne04,classification,train,levle0_477,0,processed/acne_classification/images/train/class_0/levle0_477.jpg,,raw/acne_1024/all_1024/levle0_477.jpg,
acne04,classification,train,levle0_478,0,processed/acne_classification/images/train/class_0/levle0_478.jpg,,raw/acne_1024/all_1024/levle0_478.jpg,
acne04,classification,train,levle0_48,0,processed/acne_classification/images/train/class_0/levle0_48.jpg,,raw/acne_1024/all_1024/levle0_48.jpg,
acne04,classification,test,levle0_480,0,processed/acne_classification/images/test/class_0/levle0_480.jpg,,raw/acne_1024/all_1024/levle0_480.jpg,
acne04,classification,val,levle0_482,0,processed/acne_classification/images/val/class_0/levle0_482.jpg,,raw/acne_1024/all_1024/levle0_482.jpg,
acne04,classification,train,levle0_483,0,processed/acne_classification/images/train/class_0/levle0_483.jpg,,raw/acne_1024/all_1024/levle0_483.jpg,
acne04,classification,train,levle0_484,0,processed/acne_classification/images/train/class_0/levle0_484.jpg,,raw/acne_1024/all_1024/levle0_484.jpg,
acne04,classification,test,levle0_485,0,processed/acne_classification/images/test/class_0/levle0_485.jpg,,raw/acne_1024/all_1024/levle0_485.jpg,
acne04,classification,val,levle0_486,0,processed/acne_classification/images/val/class_0/levle0_486.jpg,,raw/acne_1024/all_1024/levle0_486.jpg,
acne04,classification,train,levle0_487,0,processed/acne_classification/images/train/class_0/levle0_487.jpg,,raw/acne_1024/all_1024/levle0_487.jpg,
acne04,classification,train,levle0_488,0,processed/acne_classification/images/train/class_0/levle0_488.jpg,,raw/acne_1024/all_1024/levle0_488.jpg,
acne04,classification,train,levle0_489,0,processed/acne_classification/images/train/class_0/levle0_489.jpg,,raw/acne_1024/all_1024/levle0_489.jpg,
acne04,classification,train,levle0_49,0,processed/acne_classification/images/train/class_0/levle0_49.jpg,,raw/acne_1024/all_1024/levle0_49.jpg,
acne04,classification,train,levle0_491,0,processed/acne_classification/images/train/class_0/levle0_491.jpg,,raw/acne_1024/all_1024/levle0_491.jpg,
acne04,classification,train,levle0_492,0,processed/acne_classification/images/train/class_0/levle0_492.jpg,,raw/acne_1024/all_1024/levle0_492.jpg,
acne04,classification,test,levle0_493,0,processed/acne_classification/images/test/class_0/levle0_493.jpg,,raw/acne_1024/all_1024/levle0_493.jpg,
acne04,classification,val,levle0_494,0,processed/acne_classification/images/val/class_0/levle0_494.jpg,,raw/acne_1024/all_1024/levle0_494.jpg,
acne04,classification,train,levle0_495,0,processed/acne_classification/images/train/class_0/levle0_495.jpg,,raw/acne_1024/all_1024/levle0_495.jpg,
acne04,classification,val,levle0_496,0,processed/acne_classification/images/val/class_0/levle0_496.jpg,,raw/acne_1024/all_1024/levle0_496.jpg,
acne04,classification,val,levle0_497,0,processed/acne_classification/images/val/class_0/levle0_497.jpg,,raw/acne_1024/all_1024/levle0_497.jpg,
acne04,classification,train,levle0_498,0,processed/acne_classification/images/train/class_0/levle0_498.jpg,,raw/acne_1024/all_1024/levle0_498.jpg,
acne04,classification,val,levle0_499,0,processed/acne_classification/images/val/class_0/levle0_499.jpg,,raw/acne_1024/all_1024/levle0_499.jpg,
acne04,classification,test,levle0_50,0,processed/acne_classification/images/test/class_0/levle0_50.jpg,,raw/acne_1024/all_1024/levle0_50.jpg,
acne04,classification,val,levle0_501,0,processed/acne_classification/images/val/class_0/levle0_501.jpg,,raw/acne_1024/all_1024/levle0_501.jpg,
acne04,classification,train,levle0_503,0,processed/acne_classification/images/train/class_0/levle0_503.jpg,,raw/acne_1024/all_1024/levle0_503.jpg,
acne04,classification,train,levle0_504,0,processed/acne_classification/images/train/class_0/levle0_504.jpg,,raw/acne_1024/all_1024/levle0_504.jpg,
acne04,classification,train,levle0_505,0,processed/acne_classification/images/train/class_0/levle0_505.jpg,,raw/acne_1024/all_1024/levle0_505.jpg,
acne04,classification,train,levle0_506,0,processed/acne_classification/images/train/class_0/levle0_506.jpg,,raw/acne_1024/all_1024/levle0_506.jpg,
acne04,classification,test,levle0_507,0,processed/acne_classification/images/test/class_0/levle0_507.jpg,,raw/acne_1024/all_1024/levle0_507.jpg,
acne04,classification,train,levle0_508,0,processed/acne_classification/images/train/class_0/levle0_508.jpg,,raw/acne_1024/all_1024/levle0_508.jpg,
acne04,classification,train,levle0_509,0,processed/acne_classification/images/train/class_0/levle0_509.jpg,,raw/acne_1024/all_1024/levle0_509.jpg,
acne04,classification,val,levle0_51,0,processed/acne_classification/images/val/class_0/levle0_51.jpg,,raw/acne_1024/all_1024/levle0_51.jpg,
acne04,classification,train,levle0_510,0,processed/acne_classification/images/train/class_0/levle0_510.jpg,,raw/acne_1024/all_1024/levle0_510.jpg,
acne04,classification,val,levle0_511,0,processed/acne_classification/images/val/class_0/levle0_511.jpg,,raw/acne_1024/all_1024/levle0_511.jpg,
acne04,classification,train,levle0_512,0,processed/acne_classification/images/train/class_0/levle0_512.jpg,,raw/acne_1024/all_1024/levle0_512.jpg,
acne04,classification,train,levle0_513,0,processed/acne_classification/images/train/class_0/levle0_513.jpg,,raw/acne_1024/all_1024/levle0_513.jpg,
acne04,classification,train,levle0_514,0,processed/acne_classification/images/train/class_0/levle0_514.jpg,,raw/acne_1024/all_1024/levle0_514.jpg,
acne04,classification,test,levle0_515,0,processed/acne_classification/images/test/class_0/levle0_515.jpg,,raw/acne_1024/all_1024/levle0_515.jpg,
acne04,classification,train,levle0_516,0,processed/acne_classification/images/train/class_0/levle0_516.jpg,,raw/acne_1024/all_1024/levle0_516.jpg,
acne04,classification,test,levle0_517,0,processed/acne_classification/images/test/class_0/levle0_517.jpg,,raw/acne_1024/all_1024/levle0_517.jpg,
acne04,classification,train,levle0_518,0,processed/acne_classification/images/train/class_0/levle0_518.jpg,,raw/acne_1024/all_1024/levle0_518.jpg,
acne04,classification,test,levle0_519,0,processed/acne_classification/images/test/class_0/levle0_519.jpg,,raw/acne_1024/all_1024/levle0_519.jpg,
acne04,classification,train,levle0_52,0,processed/acne_classification/images/train/class_0/levle0_52.jpg,,raw/acne_1024/all_1024/levle0_52.jpg,
acne04,classification,val,levle0_520,0,processed/acne_classification/images/val/class_0/levle0_520.jpg,,raw/acne_1024/all_1024/levle0_520.jpg,
acne04,classification,train,levle0_521,0,processed/acne_classification/images/train/class_0/levle0_521.jpg,,raw/acne_1024/all_1024/levle0_521.jpg,
acne04,classification,train,levle0_522,0,processed/acne_classification/images/train/class_0/levle0_522.jpg,,raw/acne_1024/all_1024/levle0_522.jpg,
acne04,classification,train,levle0_523,0,processed/acne_classification/images/train/class_0/levle0_523.jpg,,raw/acne_1024/all_1024/levle0_523.jpg,
acne04,classification,val,levle0_524,0,processed/acne_classification/images/val/class_0/levle0_524.jpg,,raw/acne_1024/all_1024/levle0_524.jpg,
acne04,classification,train,levle0_526,0,processed/acne_classification/images/train/class_0/levle0_526.jpg,,raw/acne_1024/all_1024/levle0_526.jpg,
acne04,classification,train,levle0_527,0,processed/acne_classification/images/train/class_0/levle0_527.jpg,,raw/acne_1024/all_1024/levle0_527.jpg,
acne04,classification,train,levle0_528,0,processed/acne_classification/images/train/class_0/levle0_528.jpg,,raw/acne_1024/all_1024/levle0_528.jpg,
acne04,classification,train,levle0_529,0,processed/acne_classification/images/train/class_0/levle0_529.jpg,,raw/acne_1024/all_1024/levle0_529.jpg,
acne04,classification,train,levle0_53,0,processed/acne_classification/images/train/class_0/levle0_53.jpg,,raw/acne_1024/all_1024/levle0_53.jpg,
acne04,classification,train,levle0_530,0,processed/acne_classification/images/train/class_0/levle0_530.jpg,,raw/acne_1024/all_1024/levle0_530.jpg,
acne04,classification,train,levle0_531,0,processed/acne_classification/images/train/class_0/levle0_531.jpg,,raw/acne_1024/all_1024/levle0_531.jpg,
acne04,classification,val,levle0_54,0,processed/acne_classification/images/val/class_0/levle0_54.jpg,,raw/acne_1024/all_1024/levle0_54.jpg,
acne04,classification,train,levle0_55,0,processed/acne_classification/images/train/class_0/levle0_55.jpg,,raw/acne_1024/all_1024/levle0_55.jpg,
acne04,classification,train,levle0_56,0,processed/acne_classification/images/train/class_0/levle0_56.jpg,,raw/acne_1024/all_1024/levle0_56.jpg,
acne04,classification,train,levle0_57,0,processed/acne_classification/images/train/class_0/levle0_57.jpg,,raw/acne_1024/all_1024/levle0_57.jpg,
acne04,classification,train,levle0_58,0,processed/acne_classification/images/train/class_0/levle0_58.jpg,,raw/acne_1024/all_1024/levle0_58.jpg,
acne04,classification,train,levle0_59,0,processed/acne_classification/images/train/class_0/levle0_59.jpg,,raw/acne_1024/all_1024/levle0_59.jpg,
acne04,classification,val,levle0_60,0,processed/acne_classification/images/val/class_0/levle0_60.jpg,,raw/acne_1024/all_1024/levle0_60.jpg,
acne04,classification,test,levle0_61,0,processed/acne_classification/images/test/class_0/levle0_61.jpg,,raw/acne_1024/all_1024/levle0_61.jpg,
acne04,classification,train,levle0_62,0,processed/acne_classification/images/train/class_0/levle0_62.jpg,,raw/acne_1024/all_1024/levle0_62.jpg,
acne04,classification,train,levle0_63,0,processed/acne_classification/images/train/class_0/levle0_63.jpg,,raw/acne_1024/all_1024/levle0_63.jpg,
acne04,classification,val,levle0_64,0,processed/acne_classification/images/val/class_0/levle0_64.jpg,,raw/acne_1024/all_1024/levle0_64.jpg,
acne04,classification,train,levle0_66,0,processed/acne_classification/images/train/class_0/levle0_66.jpg,,raw/acne_1024/all_1024/levle0_66.jpg,
acne04,classification,train,levle0_67,0,processed/acne_classification/images/train/class_0/levle0_67.jpg,,raw/acne_1024/all_1024/levle0_67.jpg,
acne04,classification,train,levle0_68,0,processed/acne_classification/images/train/class_0/levle0_68.jpg,,raw/acne_1024/all_1024/levle0_68.jpg,
acne04,classification,train,levle0_69,0,processed/acne_classification/images/train/class_0/levle0_69.jpg,,raw/acne_1024/all_1024/levle0_69.jpg,
acne04,classification,train,levle0_7,0,processed/acne_classification/images/train/class_0/levle0_7.jpg,,raw/acne_1024/all_1024/levle0_7.jpg,
acne04,classification,train,levle0_70,0,processed/acne_classification/images/train/class_0/levle0_70.jpg,,raw/acne_1024/all_1024/levle0_70.jpg,
acne04,classification,train,levle0_72,0,processed/acne_classification/images/train/class_0/levle0_72.jpg,,raw/acne_1024/all_1024/levle0_72.jpg,
acne04,classification,train,levle0_73,0,processed/acne_classification/images/train/class_0/levle0_73.jpg,,raw/acne_1024/all_1024/levle0_73.jpg,
acne04,classification,train,levle0_74,0,processed/acne_classification/images/train/class_0/levle0_74.jpg,,raw/acne_1024/all_1024/levle0_74.jpg,
acne04,classification,train,levle0_75,0,processed/acne_classification/images/train/class_0/levle0_75.jpg,,raw/acne_1024/all_1024/levle0_75.jpg,
acne04,classification,val,levle0_76,0,processed/acne_classification/images/val/class_0/levle0_76.jpg,,raw/acne_1024/all_1024/levle0_76.jpg,
acne04,classification,test,levle0_77,0,processed/acne_classification/images/test/class_0/levle0_77.jpg,,raw/acne_1024/all_1024/levle0_77.jpg,
acne04,classification,test,levle0_78,0,processed/acne_classification/images/test/class_0/levle0_78.jpg,,raw/acne_1024/all_1024/levle0_78.jpg,
acne04,classification,train,levle0_79,0,processed/acne_classification/images/train/class_0/levle0_79.jpg,,raw/acne_1024/all_1024/levle0_79.jpg,
acne04,classification,train,levle0_8,0,processed/acne_classification/images/train/class_0/levle0_8.jpg,,raw/acne_1024/all_1024/levle0_8.jpg,
acne04,classification,val,levle0_80,0,processed/acne_classification/images/val/class_0/levle0_80.jpg,,raw/acne_1024/all_1024/levle0_80.jpg,
acne04,classification,train,levle0_81,0,processed/acne_classification/images/train/class_0/levle0_81.jpg,,raw/acne_1024/all_1024/levle0_81.jpg,
acne04,classification,val,levle0_82,0,processed/acne_classification/images/val/class_0/levle0_82.jpg,,raw/acne_1024/all_1024/levle0_82.jpg,
acne04,classification,train,levle0_83,0,processed/acne_classification/images/train/class_0/levle0_83.jpg,,raw/acne_1024/all_1024/levle0_83.jpg,
acne04,classification,train,levle0_85,0,processed/acne_classification/images/train/class_0/levle0_85.jpg,,raw/acne_1024/all_1024/levle0_85.jpg,
acne04,classification,train,levle0_86,0,processed/acne_classification/images/train/class_0/levle0_86.jpg,,raw/acne_1024/all_1024/levle0_86.jpg,
acne04,classification,train,levle0_87,0,processed/acne_classification/images/train/class_0/levle0_87.jpg,,raw/acne_1024/all_1024/levle0_87.jpg,
acne04,classification,train,levle0_88,0,processed/acne_classification/images/train/class_0/levle0_88.jpg,,raw/acne_1024/all_1024/levle0_88.jpg,
acne04,classification,train,levle0_89,0,processed/acne_classification/images/train/class_0/levle0_89.jpg,,raw/acne_1024/all_1024/levle0_89.jpg,
acne04,classification,train,levle0_9,0,processed/acne_classification/images/train/class_0/levle0_9.jpg,,raw/acne_1024/all_1024/levle0_9.jpg,
acne04,classification,val,levle0_90,0,processed/acne_classification/images/val/class_0/levle0_90.jpg,,raw/acne_1024/all_1024/levle0_90.jpg,
acne04,classification,val,levle0_91,0,processed/acne_classification/images/val/class_0/levle0_91.jpg,,raw/acne_1024/all_1024/levle0_91.jpg,
acne04,classification,train,levle0_92,0,processed/acne_classification/images/train/class_0/levle0_92.jpg,,raw/acne_1024/all_1024/levle0_92.jpg,
acne04,classification,test,levle0_94,0,processed/acne_classification/images/test/class_0/levle0_94.jpg,,raw/acne_1024/all_1024/levle0_94.jpg,
acne04,classification,val,levle0_95,0,processed/acne_classification/images/val/class_0/levle0_95.jpg,,raw/acne_1024/all_1024/levle0_95.jpg,
acne04,classification,val,levle0_96,0,processed/acne_classification/images/val/class_0/levle0_96.jpg,,raw/acne_1024/all_1024/levle0_96.jpg,
acne04,classification,train,levle0_97,0,processed/acne_classification/images/train/class_0/levle0_97.jpg,,raw/acne_1024/all_1024/levle0_97.jpg,
acne04,classification,train,levle0_98,0,processed/acne_classification/images/train/class_0/levle0_98.jpg,,raw/acne_1024/all_1024/levle0_98.jpg,
acne04,classification,train,levle0_99,0,processed/acne_classification/images/train/class_0/levle0_99.jpg,,raw/acne_1024/all_1024/levle0_99.jpg,
acne04,classification,test,levle1_0,1,processed/acne_classification/images/test/class_1/levle1_0.jpg,,raw/acne_1024/all_1024/levle1_0.jpg,
acne04,classification,test,levle1_100,1,processed/acne_classification/images/test/class_1/levle1_100.jpg,,raw/acne_1024/all_1024/levle1_100.jpg,
acne04,classification,val,levle1_101,1,processed/acne_classification/images/val/class_1/levle1_101.jpg,,raw/acne_1024/all_1024/levle1_101.jpg,
acne04,classification,test,levle1_102,1,processed/acne_classification/images/test/class_1/levle1_102.jpg,,raw/acne_1024/all_1024/levle1_102.jpg,
acne04,classification,train,levle1_103,1,processed/acne_classification/images/train/class_1/levle1_103.jpg,,raw/acne_1024/all_1024/levle1_103.jpg,
acne04,classification,train,levle1_104,1,processed/acne_classification/images/train/class_1/levle1_104.jpg,,raw/acne_1024/all_1024/levle1_104.jpg,
acne04,classification,train,levle1_105,1,processed/acne_classification/images/train/class_1/levle1_105.jpg,,raw/acne_1024/all_1024/levle1_105.jpg,
acne04,classification,train,levle1_106,1,processed/acne_classification/images/train/class_1/levle1_106.jpg,,raw/acne_1024/all_1024/levle1_106.jpg,
acne04,classification,train,levle1_107,1,processed/acne_classification/images/train/class_1/levle1_107.jpg,,raw/acne_1024/all_1024/levle1_107.jpg,
acne04,classification,train,levle1_108,1,processed/acne_classification/images/train/class_1/levle1_108.jpg,,raw/acne_1024/all_1024/levle1_108.jpg,
acne04,classification,train,levle1_109,1,processed/acne_classification/images/train/class_1/levle1_109.jpg,,raw/acne_1024/all_1024/levle1_109.jpg,
acne04,classification,train,levle1_11,1,processed/acne_classification/images/train/class_1/levle1_11.jpg,,raw/acne_1024/all_1024/levle1_11.jpg,
acne04,classification,train,levle1_110,1,processed/acne_classification/images/train/class_1/levle1_110.jpg,,raw/acne_1024/all_1024/levle1_110.jpg,
acne04,classification,val,levle1_111,1,processed/acne_classification/images/val/class_1/levle1_111.jpg,,raw/acne_1024/all_1024/levle1_111.jpg,
acne04,classification,val,levle1_112,1,processed/acne_classification/images/val/class_1/levle1_112.jpg,,raw/acne_1024/all_1024/levle1_112.jpg,
acne04,classification,train,levle1_113,1,processed/acne_classification/images/train/class_1/levle1_113.jpg,,raw/acne_1024/all_1024/levle1_113.jpg,
acne04,classification,train,levle1_114,1,processed/acne_classification/images/train/class_1/levle1_114.jpg,,raw/acne_1024/all_1024/levle1_114.jpg,
acne04,classification,train,levle1_115,1,processed/acne_classification/images/train/class_1/levle1_115.jpg,,raw/acne_1024/all_1024/levle1_115.jpg,
acne04,classification,val,levle1_116,1,processed/acne_classification/images/val/class_1/levle1_116.jpg,,raw/acne_1024/all_1024/levle1_116.jpg,
acne04,classification,test,levle1_117,1,processed/acne_classification/images/test/class_1/levle1_117.jpg,,raw/acne_1024/all_1024/levle1_117.jpg,
acne04,classification,train,levle1_118,1,processed/acne_classification/images/train/class_1/levle1_118.jpg,,raw/acne_1024/all_1024/levle1_118.jpg,
acne04,classification,train,levle1_119,1,processed/acne_classification/images/train/class_1/levle1_119.jpg,,raw/acne_1024/all_1024/levle1_119.jpg,
acne04,classification,val,levle1_12,1,processed/acne_classification/images/val/class_1/levle1_12.jpg,,raw/acne_1024/all_1024/levle1_12.jpg,
acne04,classification,train,levle1_120,1,processed/acne_classification/images/train/class_1/levle1_120.jpg,,raw/acne_1024/all_1024/levle1_120.jpg,
acne04,classification,train,levle1_121,1,processed/acne_classification/images/train/class_1/levle1_121.jpg,,raw/acne_1024/all_1024/levle1_121.jpg,
acne04,classification,test,levle1_122,1,processed/acne_classification/images/test/class_1/levle1_122.jpg,,raw/acne_1024/all_1024/levle1_122.jpg,
acne04,classification,train,levle1_123,1,processed/acne_classification/images/train/class_1/levle1_123.jpg,,raw/acne_1024/all_1024/levle1_123.jpg,
acne04,classification,train,levle1_124,1,processed/acne_classification/images/train/class_1/levle1_124.jpg,,raw/acne_1024/all_1024/levle1_124.jpg,
acne04,classification,val,levle1_125,1,processed/acne_classification/images/val/class_1/levle1_125.jpg,,raw/acne_1024/all_1024/levle1_125.jpg,
acne04,classification,train,levle1_126,1,processed/acne_classification/images/train/class_1/levle1_126.jpg,,raw/acne_1024/all_1024/levle1_126.jpg,
acne04,classification,train,levle1_127,1,processed/acne_classification/images/train/class_1/levle1_127.jpg,,raw/acne_1024/all_1024/levle1_127.jpg,
acne04,classification,train,levle1_128,1,processed/acne_classification/images/train/class_1/levle1_128.jpg,,raw/acne_1024/all_1024/levle1_128.jpg,
acne04,classification,train,levle1_129,1,processed/acne_classification/images/train/class_1/levle1_129.jpg,,raw/acne_1024/all_1024/levle1_129.jpg,
acne04,classification,train,levle1_130,1,processed/acne_classification/images/train/class_1/levle1_130.jpg,,raw/acne_1024/all_1024/levle1_130.jpg,
acne04,classification,train,levle1_131,1,processed/acne_classification/images/train/class_1/levle1_131.jpg,,raw/acne_1024/all_1024/levle1_131.jpg,
acne04,classification,test,levle1_132,1,processed/acne_classification/images/test/class_1/levle1_132.jpg,,raw/acne_1024/all_1024/levle1_132.jpg,
acne04,classification,val,levle1_133,1,processed/acne_classification/images/val/class_1/levle1_133.jpg,,raw/acne_1024/all_1024/levle1_133.jpg,
acne04,classification,train,levle1_134,1,processed/acne_classification/images/train/class_1/levle1_134.jpg,,raw/acne_1024/all_1024/levle1_134.jpg,
acne04,classification,test,levle1_135,1,processed/acne_classification/images/test/class_1/levle1_135.jpg,,raw/acne_1024/all_1024/levle1_135.jpg,
acne04,classification,train,levle1_136,1,processed/acne_classification/images/train/class_1/levle1_136.jpg,,raw/acne_1024/all_1024/levle1_136.jpg,
acne04,classification,val,levle1_137,1,processed/acne_classification/images/val/class_1/levle1_137.jpg,,raw/acne_1024/all_1024/levle1_137.jpg,
acne04,classification,val,levle1_138,1,processed/acne_classification/images/val/class_1/levle1_138.jpg,,raw/acne_1024/all_1024/levle1_138.jpg,
acne04,classification,val,levle1_139,1,processed/acne_classification/images/val/class_1/levle1_139.jpg,,raw/acne_1024/all_1024/levle1_139.jpg,
acne04,classification,train,levle1_140,1,processed/acne_classification/images/train/class_1/levle1_140.jpg,,raw/acne_1024/all_1024/levle1_140.jpg,
acne04,classification,train,levle1_141,1,processed/acne_classification/images/train/class_1/levle1_141.jpg,,raw/acne_1024/all_1024/levle1_141.jpg,
acne04,classification,train,levle1_142,1,processed/acne_classification/images/train/class_1/levle1_142.jpg,,raw/acne_1024/all_1024/levle1_142.jpg,
acne04,classification,train,levle1_143,1,processed/acne_classification/images/train/class_1/levle1_143.jpg,,raw/acne_1024/all_1024/levle1_143.jpg,
acne04,classification,train,levle1_144,1,processed/acne_classification/images/train/class_1/levle1_144.jpg,,raw/acne_1024/all_1024/levle1_144.jpg,
acne04,classification,train,levle1_145,1,processed/acne_classification/images/train/class_1/levle1_145.jpg,,raw/acne_1024/all_1024/levle1_145.jpg,
acne04,classification,train,levle1_146,1,processed/acne_classification/images/train/class_1/levle1_146.jpg,,raw/acne_1024/all_1024/levle1_146.jpg,
acne04,classification,val,levle1_147,1,processed/acne_classification/images/val/class_1/levle1_147.jpg,,raw/acne_1024/all_1024/levle1_147.jpg,
acne04,classification,train,levle1_149,1,processed/acne_classification/images/train/class_1/levle1_149.jpg,,raw/acne_1024/all_1024/levle1_149.jpg,
acne04,classification,train,levle1_15,1,processed/acne_classification/images/train/class_1/levle1_15.jpg,,raw/acne_1024/all_1024/levle1_15.jpg,
acne04,classification,train,levle1_150,1,processed/acne_classification/images/train/class_1/levle1_150.jpg,,raw/acne_1024/all_1024/levle1_150.jpg,
acne04,classification,train,levle1_151,1,processed/acne_classification/images/train/class_1/levle1_151.jpg,,raw/acne_1024/all_1024/levle1_151.jpg,
acne04,classification,train,levle1_152,1,processed/acne_classification/images/train/class_1/levle1_152.jpg,,raw/acne_1024/all_1024/levle1_152.jpg,
acne04,classification,train,levle1_153,1,processed/acne_classification/images/train/class_1/levle1_153.jpg,,raw/acne_1024/all_1024/levle1_153.jpg,
acne04,classification,train,levle1_154,1,processed/acne_classification/images/train/class_1/levle1_154.jpg,,raw/acne_1024/all_1024/levle1_154.jpg,
acne04,classification,train,levle1_155,1,processed/acne_classification/images/train/class_1/levle1_155.jpg,,raw/acne_1024/all_1024/levle1_155.jpg,
acne04,classification,val,levle1_156,1,processed/acne_classification/images/val/class_1/levle1_156.jpg,,raw/acne_1024/all_1024/levle1_156.jpg,
acne04,classification,train,levle1_157,1,processed/acne_classification/images/train/class_1/levle1_157.jpg,,raw/acne_1024/all_1024/levle1_157.jpg,
acne04,classification,test,levle1_158,1,processed/acne_classification/images/test/class_1/levle1_158.jpg,,raw/acne_1024/all_1024/levle1_158.jpg,
acne04,classification,train,levle1_159,1,processed/acne_classification/images/train/class_1/levle1_159.jpg,,raw/acne_1024/all_1024/levle1_159.jpg,
acne04,classification,val,levle1_16,1,processed/acne_classification/images/val/class_1/levle1_16.jpg,,raw/acne_1024/all_1024/levle1_16.jpg,
acne04,classification,train,levle1_160,1,processed/acne_classification/images/train/class_1/levle1_160.jpg,,raw/acne_1024/all_1024/levle1_160.jpg,
acne04,classification,train,levle1_161,1,processed/acne_classification/images/train/class_1/levle1_161.jpg,,raw/acne_1024/all_1024/levle1_161.jpg,
acne04,classification,train,levle1_162,1,processed/acne_classification/images/train/class_1/levle1_162.jpg,,raw/acne_1024/all_1024/levle1_162.jpg,
acne04,classification,train,levle1_163,1,processed/acne_classification/images/train/class_1/levle1_163.jpg,,raw/acne_1024/all_1024/levle1_163.jpg,
acne04,classification,test,levle1_164,1,processed/acne_classification/images/test/class_1/levle1_164.jpg,,raw/acne_1024/all_1024/levle1_164.jpg,
acne04,classification,val,levle1_165,1,processed/acne_classification/images/val/class_1/levle1_165.jpg,,raw/acne_1024/all_1024/levle1_165.jpg,
acne04,classification,train,levle1_166,1,processed/acne_classification/images/train/class_1/levle1_166.jpg,,raw/acne_1024/all_1024/levle1_166.jpg,
acne04,classification,train,levle1_167,1,processed/acne_classification/images/train/class_1/levle1_167.jpg,,raw/acne_1024/all_1024/levle1_167.jpg,
acne04,classification,train,levle1_168,1,processed/acne_classification/images/train/class_1/levle1_168.jpg,,raw/acne_1024/all_1024/levle1_168.jpg,
acne04,classification,train,levle1_169,1,processed/acne_classification/images/train/class_1/levle1_169.jpg,,raw/acne_1024/all_1024/levle1_169.jpg,
acne04,classification,train,levle1_17,1,processed/acne_classification/images/train/class_1/levle1_17.jpg,,raw/acne_1024/all_1024/levle1_17.jpg,
acne04,classification,test,levle1_170,1,processed/acne_classification/images/test/class_1/levle1_170.jpg,,raw/acne_1024/all_1024/levle1_170.jpg,
acne04,classification,val,levle1_171,1,processed/acne_classification/images/val/class_1/levle1_171.jpg,,raw/acne_1024/all_1024/levle1_171.jpg,
acne04,classification,train,levle1_172,1,processed/acne_classification/images/train/class_1/levle1_172.jpg,,raw/acne_1024/all_1024/levle1_172.jpg,
acne04,classification,train,levle1_173,1,processed/acne_classification/images/train/class_1/levle1_173.jpg,,raw/acne_1024/all_1024/levle1_173.jpg,
acne04,classification,train,levle1_174,1,processed/acne_classification/images/train/class_1/levle1_174.jpg,,raw/acne_1024/all_1024/levle1_174.jpg,
acne04,classification,train,levle1_175,1,processed/acne_classification/images/train/class_1/levle1_175.jpg,,raw/acne_1024/all_1024/levle1_175.jpg,
acne04,classification,test,levle1_176,1,processed/acne_classification/images/test/class_1/levle1_176.jpg,,raw/acne_1024/all_1024/levle1_176.jpg,
acne04,classification,val,levle1_177,1,processed/acne_classification/images/val/class_1/levle1_177.jpg,,raw/acne_1024/all_1024/levle1_177.jpg,
acne04,classification,train,levle1_178,1,processed/acne_classification/images/train/class_1/levle1_178.jpg,,raw/acne_1024/all_1024/levle1_178.jpg,
acne04,classification,train,levle1_179,1,processed/acne_classification/images/train/class_1/levle1_179.jpg,,raw/acne_1024/all_1024/levle1_179.jpg,
acne04,classification,train,levle1_18,1,processed/acne_classification/images/train/class_1/levle1_18.jpg,,raw/acne_1024/all_1024/levle1_18.jpg,
acne04,classification,val,levle1_180,1,processed/acne_classification/images/val/class_1/levle1_180.jpg,,raw/acne_1024/all_1024/levle1_180.jpg,
acne04,classification,train,levle1_181,1,processed/acne_classification/images/train/class_1/levle1_181.jpg,,raw/acne_1024/all_1024/levle1_181.jpg,
acne04,classification,train,levle1_182,1,processed/acne_classification/images/train/class_1/levle1_182.jpg,,raw/acne_1024/all_1024/levle1_182.jpg,
acne04,classification,train,levle1_183,1,processed/acne_classification/images/train/class_1/levle1_183.jpg,,raw/acne_1024/all_1024/levle1_183.jpg,
acne04,classification,train,levle1_184,1,processed/acne_classification/images/train/class_1/levle1_184.jpg,,raw/acne_1024/all_1024/levle1_184.jpg,
acne04,classification,train,levle1_185,1,processed/acne_classification/images/train/class_1/levle1_185.jpg,,raw/acne_1024/all_1024/levle1_185.jpg,
acne04,classification,val,levle1_186,1,processed/acne_classification/images/val/class_1/levle1_186.jpg,,raw/acne_1024/all_1024/levle1_186.jpg,
acne04,classification,test,levle1_187,1,processed/acne_classification/images/test/class_1/levle1_187.jpg,,raw/acne_1024/all_1024/levle1_187.jpg,
acne04,classification,train,levle1_188,1,processed/acne_classification/images/train/class_1/levle1_188.jpg,,raw/acne_1024/all_1024/levle1_188.jpg,
acne04,classification,val,levle1_189,1,processed/acne_classification/images/val/class_1/levle1_189.jpg,,raw/acne_1024/all_1024/levle1_189.jpg,
acne04,classification,train,levle1_19,1,processed/acne_classification/images/train/class_1/levle1_19.jpg,,raw/acne_1024/all_1024/levle1_19.jpg,
acne04,classification,train,levle1_190,1,processed/acne_classification/images/train/class_1/levle1_190.jpg,,raw/acne_1024/all_1024/levle1_190.jpg,
acne04,classification,test,levle1_191,1,processed/acne_classification/images/test/class_1/levle1_191.jpg,,raw/acne_1024/all_1024/levle1_191.jpg,
acne04,classification,train,levle1_192,1,processed/acne_classification/images/train/class_1/levle1_192.jpg,,raw/acne_1024/all_1024/levle1_192.jpg,
acne04,classification,test,levle1_193,1,processed/acne_classification/images/test/class_1/levle1_193.jpg,,raw/acne_1024/all_1024/levle1_193.jpg,
acne04,classification,train,levle1_194,1,processed/acne_classification/images/train/class_1/levle1_194.jpg,,raw/acne_1024/all_1024/levle1_194.jpg,
acne04,classification,val,levle1_195,1,processed/acne_classification/images/val/class_1/levle1_195.jpg,,raw/acne_1024/all_1024/levle1_195.jpg,
acne04,classification,val,levle1_196,1,processed/acne_classification/images/val/class_1/levle1_196.jpg,,raw/acne_1024/all_1024/levle1_196.jpg,
acne04,classification,train,levle1_197,1,processed/acne_classification/images/train/class_1/levle1_197.jpg,,raw/acne_1024/all_1024/levle1_197.jpg,
acne04,classification,train,levle1_198,1,processed/acne_classification/images/train/class_1/levle1_198.jpg,,raw/acne_1024/all_1024/levle1_198.jpg,
acne04,classification,train,levle1_199,1,processed/acne_classification/images/train/class_1/levle1_199.jpg,,raw/acne_1024/all_1024/levle1_199.jpg,
acne04,classification,train,levle1_20,1,processed/acne_classification/images/train/class_1/levle1_20.jpg,,raw/acne_1024/all_1024/levle1_20.jpg,
acne04,classification,train,levle1_200,1,processed/acne_classification/images/train/class_1/levle1_200.jpg,,raw/acne_1024/all_1024/levle1_200.jpg,
acne04,classification,test,levle1_201,1,processed/acne_classification/images/test/class_1/levle1_201.jpg,,raw/acne_1024/all_1024/levle1_201.jpg,
acne04,classification,val,levle1_202,1,processed/acne_classification/images/val/class_1/levle1_202.jpg,,raw/acne_1024/all_1024/levle1_202.jpg,
acne04,classification,train,levle1_203,1,processed/acne_classification/images/train/class_1/levle1_203.jpg,,raw/acne_1024/all_1024/levle1_203.jpg,
acne04,classification,test,levle1_204,1,processed/acne_classification/images/test/class_1/levle1_204.jpg,,raw/acne_1024/all_1024/levle1_204.jpg,
acne04,classification,train,levle1_205,1,processed/acne_classification/images/train/class_1/levle1_205.jpg,,raw/acne_1024/all_1024/levle1_205.jpg,
acne04,classification,train,levle1_206,1,processed/acne_classification/images/train/class_1/levle1_206.jpg,,raw/acne_1024/all_1024/levle1_206.jpg,
acne04,classification,val,levle1_207,1,processed/acne_classification/images/val/class_1/levle1_207.jpg,,raw/acne_1024/all_1024/levle1_207.jpg,
acne04,classification,train,levle1_208,1,processed/acne_classification/images/train/class_1/levle1_208.jpg,,raw/acne_1024/all_1024/levle1_208.jpg,
acne04,classification,train,levle1_209,1,processed/acne_classification/images/train/class_1/levle1_209.jpg,,raw/acne_1024/all_1024/levle1_209.jpg,
acne04,classification,val,levle1_21,1,processed/acne_classification/images/val/class_1/levle1_21.jpg,,raw/acne_1024/all_1024/levle1_21.jpg,
acne04,classification,train,levle1_210,1,processed/acne_classification/images/train/class_1/levle1_210.jpg,,raw/acne_1024/all_1024/levle1_210.jpg,
acne04,classification,train,levle1_211,1,processed/acne_classification/images/train/class_1/levle1_211.jpg,,raw/acne_1024/all_1024/levle1_211.jpg,
acne04,classification,val,levle1_212,1,processed/acne_classification/images/val/class_1/levle1_212.jpg,,raw/acne_1024/all_1024/levle1_212.jpg,
acne04,classification,test,levle1_213,1,processed/acne_classification/images/test/class_1/levle1_213.jpg,,raw/acne_1024/all_1024/levle1_213.jpg,
acne04,classification,train,levle1_214,1,processed/acne_classification/images/train/class_1/levle1_214.jpg,,raw/acne_1024/all_1024/levle1_214.jpg,
acne04,classification,train,levle1_215,1,processed/acne_classification/images/train/class_1/levle1_215.jpg,,raw/acne_1024/all_1024/levle1_215.jpg,
acne04,classification,train,levle1_216,1,processed/acne_classification/images/train/class_1/levle1_216.jpg,,raw/acne_1024/all_1024/levle1_216.jpg,
acne04,classification,train,levle1_217,1,processed/acne_classification/images/train/class_1/levle1_217.jpg,,raw/acne_1024/all_1024/levle1_217.jpg,
acne04,classification,train,levle1_218,1,processed/acne_classification/images/train/class_1/levle1_218.jpg,,raw/acne_1024/all_1024/levle1_218.jpg,
acne04,classification,train,levle1_219,1,processed/acne_classification/images/train/class_1/levle1_219.jpg,,raw/acne_1024/all_1024/levle1_219.jpg,
acne04,classification,test,levle1_22,1,processed/acne_classification/images/test/class_1/levle1_22.jpg,,raw/acne_1024/all_1024/levle1_22.jpg,
acne04,classification,train,levle1_220,1,processed/acne_classification/images/train/class_1/levle1_220.jpg,,raw/acne_1024/all_1024/levle1_220.jpg,
acne04,classification,train,levle1_221,1,processed/acne_classification/images/train/class_1/levle1_221.jpg,,raw/acne_1024/all_1024/levle1_221.jpg,
acne04,classification,train,levle1_222,1,processed/acne_classification/images/train/class_1/levle1_222.jpg,,raw/acne_1024/all_1024/levle1_222.jpg,
acne04,classification,val,levle1_223,1,processed/acne_classification/images/val/class_1/levle1_223.jpg,,raw/acne_1024/all_1024/levle1_223.jpg,
acne04,classification,val,levle1_224,1,processed/acne_classification/images/val/class_1/levle1_224.jpg,,raw/acne_1024/all_1024/levle1_224.jpg,
acne04,classification,train,levle1_225,1,processed/acne_classification/images/train/class_1/levle1_225.jpg,,raw/acne_1024/all_1024/levle1_225.jpg,
acne04,classification,train,levle1_226,1,processed/acne_classification/images/train/class_1/levle1_226.jpg,,raw/acne_1024/all_1024/levle1_226.jpg,
acne04,classification,val,levle1_227,1,processed/acne_classification/images/val/class_1/levle1_227.jpg,,raw/acne_1024/all_1024/levle1_227.jpg,
acne04,classification,val,levle1_228,1,processed/acne_classification/images/val/class_1/levle1_228.jpg,,raw/acne_1024/all_1024/levle1_228.jpg,
acne04,classification,val,levle1_229,1,processed/acne_classification/images/val/class_1/levle1_229.jpg,,raw/acne_1024/all_1024/levle1_229.jpg,
acne04,classification,train,levle1_23,1,processed/acne_classification/images/train/class_1/levle1_23.jpg,,raw/acne_1024/all_1024/levle1_23.jpg,
acne04,classification,val,levle1_230,1,processed/acne_classification/images/val/class_1/levle1_230.jpg,,raw/acne_1024/all_1024/levle1_230.jpg,
acne04,classification,val,levle1_231,1,processed/acne_classification/images/val/class_1/levle1_231.jpg,,raw/acne_1024/all_1024/levle1_231.jpg,
acne04,classification,train,levle1_232,1,processed/acne_classification/images/train/class_1/levle1_232.jpg,,raw/acne_1024/all_1024/levle1_232.jpg,
acne04,classification,train,levle1_233,1,processed/acne_classification/images/train/class_1/levle1_233.jpg,,raw/acne_1024/all_1024/levle1_233.jpg,
acne04,classification,train,levle1_234,1,processed/acne_classification/images/train/class_1/levle1_234.jpg,,raw/acne_1024/all_1024/levle1_234.jpg,
acne04,classification,train,levle1_235,1,processed/acne_classification/images/train/class_1/levle1_235.jpg,,raw/acne_1024/all_1024/levle1_235.jpg,
acne04,classification,train,levle1_236,1,processed/acne_classification/images/train/class_1/levle1_236.jpg,,raw/acne_1024/all_1024/levle1_236.jpg,
acne04,classification,train,levle1_237,1,processed/acne_classification/images/train/class_1/levle1_237.jpg,,raw/acne_1024/all_1024/levle1_237.jpg,
acne04,classification,val,levle1_238,1,processed/acne_classification/images/val/class_1/levle1_238.jpg,,raw/acne_1024/all_1024/levle1_238.jpg,
acne04,classification,train,levle1_239,1,processed/acne_classification/images/train/class_1/levle1_239.jpg,,raw/acne_1024/all_1024/levle1_239.jpg,
acne04,classification,train,levle1_24,1,processed/acne_classification/images/train/class_1/levle1_24.jpg,,raw/acne_1024/all_1024/levle1_24.jpg,
acne04,classification,val,levle1_240,1,processed/acne_classification/images/val/class_1/levle1_240.jpg,,raw/acne_1024/all_1024/levle1_240.jpg,
acne04,classification,train,levle1_241,1,processed/acne_classification/images/train/class_1/levle1_241.jpg,,raw/acne_1024/all_1024/levle1_241.jpg,
acne04,classification,val,levle1_242,1,processed/acne_classification/images/val/class_1/levle1_242.jpg,,raw/acne_1024/all_1024/levle1_242.jpg,
acne04,classification,train,levle1_243,1,processed/acne_classification/images/train/class_1/levle1_243.jpg,,raw/acne_1024/all_1024/levle1_243.jpg,
acne04,classification,train,levle1_244,1,processed/acne_classification/images/train/class_1/levle1_244.jpg,,raw/acne_1024/all_1024/levle1_244.jpg,
acne04,classification,val,levle1_245,1,processed/acne_classification/images/val/class_1/levle1_245.jpg,,raw/acne_1024/all_1024/levle1_245.jpg,
acne04,classification,test,levle1_246,1,processed/acne_classification/images/test/class_1/levle1_246.jpg,,raw/acne_1024/all_1024/levle1_246.jpg,
acne04,classification,train,levle1_247,1,processed/acne_classification/images/train/class_1/levle1_247.jpg,,raw/acne_1024/all_1024/levle1_247.jpg,
acne04,classification,train,levle1_248,1,processed/acne_classification/images/train/class_1/levle1_248.jpg,,raw/acne_1024/all_1024/levle1_248.jpg,
acne04,classification,train,levle1_249,1,processed/acne_classification/images/train/class_1/levle1_249.jpg,,raw/acne_1024/all_1024/levle1_249.jpg,
acne04,classification,test,levle1_25,1,processed/acne_classification/images/test/class_1/levle1_25.jpg,,raw/acne_1024/all_1024/levle1_25.jpg,
acne04,classification,test,levle1_250,1,processed/acne_classification/images/test/class_1/levle1_250.jpg,,raw/acne_1024/all_1024/levle1_250.jpg,
acne04,classification,val,levle1_251,1,processed/acne_classification/images/val/class_1/levle1_251.jpg,,raw/acne_1024/all_1024/levle1_251.jpg,
acne04,classification,val,levle1_252,1,processed/acne_classification/images/val/class_1/levle1_252.jpg,,raw/acne_1024/all_1024/levle1_252.jpg,
acne04,classification,val,levle1_253,1,processed/acne_classification/images/val/class_1/levle1_253.jpg,,raw/acne_1024/all_1024/levle1_253.jpg,
acne04,classification,train,levle1_254,1,processed/acne_classification/images/train/class_1/levle1_254.jpg,,raw/acne_1024/all_1024/levle1_254.jpg,
acne04,classification,train,levle1_257,1,processed/acne_classification/images/train/class_1/levle1_257.jpg,,raw/acne_1024/all_1024/levle1_257.jpg,
acne04,classification,val,levle1_258,1,processed/acne_classification/images/val/class_1/levle1_258.jpg,,raw/acne_1024/all_1024/levle1_258.jpg,
acne04,classification,train,levle1_259,1,processed/acne_classification/images/train/class_1/levle1_259.jpg,,raw/acne_1024/all_1024/levle1_259.jpg,
acne04,classification,train,levle1_260,1,processed/acne_classification/images/train/class_1/levle1_260.jpg,,raw/acne_1024/all_1024/levle1_260.jpg,
acne04,classification,train,levle1_261,1,processed/acne_classification/images/train/class_1/levle1_261.jpg,,raw/acne_1024/all_1024/levle1_261.jpg,
acne04,classification,train,levle1_262,1,processed/acne_classification/images/train/class_1/levle1_262.jpg,,raw/acne_1024/all_1024/levle1_262.jpg,
acne04,classification,train,levle1_263,1,processed/acne_classification/images/train/class_1/levle1_263.jpg,,raw/acne_1024/all_1024/levle1_263.jpg,
acne04,classification,train,levle1_264,1,processed/acne_classification/images/train/class_1/levle1_264.jpg,,raw/acne_1024/all_1024/levle1_264.jpg,
acne04,classification,val,levle1_265,1,processed/acne_classification/images/val/class_1/levle1_265.jpg,,raw/acne_1024/all_1024/levle1_265.jpg,
acne04,classification,test,levle1_266,1,processed/acne_classification/images/test/class_1/levle1_266.jpg,,raw/acne_1024/all_1024/levle1_266.jpg,
acne04,classification,train,levle1_267,1,processed/acne_classification/images/train/class_1/levle1_267.jpg,,raw/acne_1024/all_1024/levle1_267.jpg,
acne04,classification,train,levle1_268,1,processed/acne_classification/images/train/class_1/levle1_268.jpg,,raw/acne_1024/all_1024/levle1_268.jpg,
acne04,classification,val,levle1_269,1,processed/acne_classification/images/val/class_1/levle1_269.jpg,,raw/acne_1024/all_1024/levle1_269.jpg,
acne04,classification,test,levle1_270,1,processed/acne_classification/images/test/class_1/levle1_270.jpg,,raw/acne_1024/all_1024/levle1_270.jpg,
acne04,classification,val,levle1_271,1,processed/acne_classification/images/val/class_1/levle1_271.jpg,,raw/acne_1024/all_1024/levle1_271.jpg,
acne04,classification,train,levle1_272,1,processed/acne_classification/images/train/class_1/levle1_272.jpg,,raw/acne_1024/all_1024/levle1_272.jpg,
acne04,classification,train,levle1_273,1,processed/acne_classification/images/train/class_1/levle1_273.jpg,,raw/acne_1024/all_1024/levle1_273.jpg,
acne04,classification,train,levle1_274,1,processed/acne_classification/images/train/class_1/levle1_274.jpg,,raw/acne_1024/all_1024/levle1_274.jpg,
acne04,classification,val,levle1_275,1,processed/acne_classification/images/val/class_1/levle1_275.jpg,,raw/acne_1024/all_1024/levle1_275.jpg,
acne04,classification,train,levle1_276,1,processed/acne_classification/images/train/class_1/levle1_276.jpg,,raw/acne_1024/all_1024/levle1_276.jpg,
acne04,classification,train,levle1_277,1,processed/acne_classification/images/train/class_1/levle1_277.jpg,,raw/acne_1024/all_1024/levle1_277.jpg,
acne04,classification,train,levle1_278,1,processed/acne_classification/images/train/class_1/levle1_278.jpg,,raw/acne_1024/all_1024/levle1_278.jpg,
acne04,classification,train,levle1_279,1,processed/acne_classification/images/train/class_1/levle1_279.jpg,,raw/acne_1024/all_1024/levle1_279.jpg,
acne04,classification,train,levle1_28,1,processed/acne_classification/images/train/class_1/levle1_28.jpg,,raw/acne_1024/all_1024/levle1_28.jpg,
acne04,classification,train,levle1_280,1,processed/acne_classification/images/train/class_1/levle1_280.jpg,,raw/acne_1024/all_1024/levle1_280.jpg,
acne04,classification,val,levle1_281,1,processed/acne_classification/images/val/class_1/levle1_281.jpg,,raw/acne_1024/all_1024/levle1_281.jpg,
acne04,classification,val,levle1_282,1,processed/acne_classification/images/val/class_1/levle1_282.jpg,,raw/acne_1024/all_1024/levle1_282.jpg,
acne04,classification,train,levle1_283,1,processed/acne_classification/images/train/class_1/levle1_283.jpg,,raw/acne_1024/all_1024/levle1_283.jpg,
acne04,classification,test,levle1_284,1,processed/acne_classification/images/test/class_1/levle1_284.jpg,,raw/acne_1024/all_1024/levle1_284.jpg,
acne04,classification,train,levle1_285,1,processed/acne_classification/images/train/class_1/levle1_285.jpg,,raw/acne_1024/all_1024/levle1_285.jpg,
acne04,classification,train,levle1_286,1,processed/acne_classification/images/train/class_1/levle1_286.jpg,,raw/acne_1024/all_1024/levle1_286.jpg,
acne04,classification,val,levle1_287,1,processed/acne_classification/images/val/class_1/levle1_287.jpg,,raw/acne_1024/all_1024/levle1_287.jpg,
acne04,classification,train,levle1_288,1,processed/acne_classification/images/train/class_1/levle1_288.jpg,,raw/acne_1024/all_1024/levle1_288.jpg,
acne04,classification,val,levle1_289,1,processed/acne_classification/images/val/class_1/levle1_289.jpg,,raw/acne_1024/all_1024/levle1_289.jpg,
acne04,classification,train,levle1_29,1,processed/acne_classification/images/train/class_1/levle1_29.jpg,,raw/acne_1024/all_1024/levle1_29.jpg,
acne04,classification,train,levle1_290,1,processed/acne_classification/images/train/class_1/levle1_290.jpg,,raw/acne_1024/all_1024/levle1_290.jpg,
acne04,classification,train,levle1_291,1,processed/acne_classification/images/train/class_1/levle1_291.jpg,,raw/acne_1024/all_1024/levle1_291.jpg,
acne04,classification,train,levle1_292,1,processed/acne_classification/images/train/class_1/levle1_292.jpg,,raw/acne_1024/all_1024/levle1_292.jpg,
acne04,classification,val,levle1_293,1,processed/acne_classification/images/val/class_1/levle1_293.jpg,,raw/acne_1024/all_1024/levle1_293.jpg,
acne04,classification,val,levle1_294,1,processed/acne_classification/images/val/class_1/levle1_294.jpg,,raw/acne_1024/all_1024/levle1_294.jpg,
acne04,classification,train,levle1_295,1,processed/acne_classification/images/train/class_1/levle1_295.jpg,,raw/acne_1024/all_1024/levle1_295.jpg,
acne04,classification,test,levle1_296,1,processed/acne_classification/images/test/class_1/levle1_296.jpg,,raw/acne_1024/all_1024/levle1_296.jpg,
acne04,classification,train,levle1_297,1,processed/acne_classification/images/train/class_1/levle1_297.jpg,,raw/acne_1024/all_1024/levle1_297.jpg,
acne04,classification,test,levle1_298,1,processed/acne_classification/images/test/class_1/levle1_298.jpg,,raw/acne_1024/all_1024/levle1_298.jpg,
acne04,classification,val,levle1_299,1,processed/acne_classification/images/val/class_1/levle1_299.jpg,,raw/acne_1024/all_1024/levle1_299.jpg,
acne04,classification,test,levle1_30,1,processed/acne_classification/images/test/class_1/levle1_30.jpg,,raw/acne_1024/all_1024/levle1_30.jpg,
acne04,classification,train,levle1_300,1,processed/acne_classification/images/train/class_1/levle1_300.jpg,,raw/acne_1024/all_1024/levle1_300.jpg,
acne04,classification,val,levle1_301,1,processed/acne_classification/images/val/class_1/levle1_301.jpg,,raw/acne_1024/all_1024/levle1_301.jpg,
acne04,classification,train,levle1_302,1,processed/acne_classification/images/train/class_1/levle1_302.jpg,,raw/acne_1024/all_1024/levle1_302.jpg,
acne04,classification,test,levle1_303,1,processed/acne_classification/images/test/class_1/levle1_303.jpg,,raw/acne_1024/all_1024/levle1_303.jpg,
acne04,classification,train,levle1_304,1,processed/acne_classification/images/train/class_1/levle1_304.jpg,,raw/acne_1024/all_1024/levle1_304.jpg,
acne04,classification,train,levle1_305,1,processed/acne_classification/images/train/class_1/levle1_305.jpg,,raw/acne_1024/all_1024/levle1_305.jpg,
acne04,classification,val,levle1_306,1,processed/acne_classification/images/val/class_1/levle1_306.jpg,,raw/acne_1024/all_1024/levle1_306.jpg,
acne04,classification,train,levle1_307,1,processed/acne_classification/images/train/class_1/levle1_307.jpg,,raw/acne_1024/all_1024/levle1_307.jpg,
acne04,classification,val,levle1_308,1,processed/acne_classification/images/val/class_1/levle1_308.jpg,,raw/acne_1024/all_1024/levle1_308.jpg,
acne04,classification,test,levle1_309,1,processed/acne_classification/images/test/class_1/levle1_309.jpg,,raw/acne_1024/all_1024/levle1_309.jpg,
acne04,classification,val,levle1_31,1,processed/acne_classification/images/val/class_1/levle1_31.jpg,,raw/acne_1024/all_1024/levle1_31.jpg,
acne04,classification,train,levle1_310,1,processed/acne_classification/images/train/class_1/levle1_310.jpg,,raw/acne_1024/all_1024/levle1_310.jpg,
acne04,classification,train,levle1_311,1,processed/acne_classification/images/train/class_1/levle1_311.jpg,,raw/acne_1024/all_1024/levle1_311.jpg,
acne04,classification,train,levle1_312,1,processed/acne_classification/images/train/class_1/levle1_312.jpg,,raw/acne_1024/all_1024/levle1_312.jpg,
acne04,classification,train,levle1_313,1,processed/acne_classification/images/train/class_1/levle1_313.jpg,,raw/acne_1024/all_1024/levle1_313.jpg,
acne04,classification,val,levle1_314,1,processed/acne_classification/images/val/class_1/levle1_314.jpg,,raw/acne_1024/all_1024/levle1_314.jpg,
acne04,classification,train,levle1_315,1,processed/acne_classification/images/train/class_1/levle1_315.jpg,,raw/acne_1024/all_1024/levle1_315.jpg,
acne04,classification,train,levle1_316,1,processed/acne_classification/images/train/class_1/levle1_316.jpg,,raw/acne_1024/all_1024/levle1_316.jpg,
acne04,classification,train,levle1_317,1,processed/acne_classification/images/train/class_1/levle1_317.jpg,,raw/acne_1024/all_1024/levle1_317.jpg,
acne04,classification,train,levle1_318,1,processed/acne_classification/images/train/class_1/levle1_318.jpg,,raw/acne_1024/all_1024/levle1_318.jpg,
acne04,classification,train,levle1_319,1,processed/acne_classification/images/train/class_1/levle1_319.jpg,,raw/acne_1024/all_1024/levle1_319.jpg,
acne04,classification,train,levle1_32,1,processed/acne_classification/images/train/class_1/levle1_32.jpg,,raw/acne_1024/all_1024/levle1_32.jpg,
acne04,classification,train,levle1_320,1,processed/acne_classification/images/train/class_1/levle1_320.jpg,,raw/acne_1024/all_1024/levle1_320.jpg,
acne04,classification,val,levle1_321,1,processed/acne_classification/images/val/class_1/levle1_321.jpg,,raw/acne_1024/all_1024/levle1_321.jpg,
acne04,classification,train,levle1_322,1,processed/acne_classification/images/train/class_1/levle1_322.jpg,,raw/acne_1024/all_1024/levle1_322.jpg,
acne04,classification,train,levle1_323,1,processed/acne_classification/images/train/class_1/levle1_323.jpg,,raw/acne_1024/all_1024/levle1_323.jpg,
acne04,classification,train,levle1_324,1,processed/acne_classification/images/train/class_1/levle1_324.jpg,,raw/acne_1024/all_1024/levle1_324.jpg,
acne04,classification,train,levle1_325,1,processed/acne_classification/images/train/class_1/levle1_325.jpg,,raw/acne_1024/all_1024/levle1_325.jpg,
acne04,classification,val,levle1_326,1,processed/acne_classification/images/val/class_1/levle1_326.jpg,,raw/acne_1024/all_1024/levle1_326.jpg,
acne04,classification,train,levle1_327,1,processed/acne_classification/images/train/class_1/levle1_327.jpg,,raw/acne_1024/all_1024/levle1_327.jpg,
acne04,classification,val,levle1_328,1,processed/acne_classification/images/val/class_1/levle1_328.jpg,,raw/acne_1024/all_1024/levle1_328.jpg,
acne04,classification,val,levle1_329,1,processed/acne_classification/images/val/class_1/levle1_329.jpg,,raw/acne_1024/all_1024/levle1_329.jpg,
acne04,classification,train,levle1_33,1,processed/acne_classification/images/train/class_1/levle1_33.jpg,,raw/acne_1024/all_1024/levle1_33.jpg,
acne04,classification,train,levle1_330,1,processed/acne_classification/images/train/class_1/levle1_330.jpg,,raw/acne_1024/all_1024/levle1_330.jpg,
acne04,classification,val,levle1_331,1,processed/acne_classification/images/val/class_1/levle1_331.jpg,,raw/acne_1024/all_1024/levle1_331.jpg,
acne04,classification,train,levle1_332,1,processed/acne_classification/images/train/class_1/levle1_332.jpg,,raw/acne_1024/all_1024/levle1_332.jpg,
acne04,classification,test,levle1_333,1,processed/acne_classification/images/test/class_1/levle1_333.jpg,,raw/acne_1024/all_1024/levle1_333.jpg,
acne04,classification,train,levle1_334,1,processed/acne_classification/images/train/class_1/levle1_334.jpg,,raw/acne_1024/all_1024/levle1_334.jpg,
acne04,classification,val,levle1_335,1,processed/acne_classification/images/val/class_1/levle1_335.jpg,,raw/acne_1024/all_1024/levle1_335.jpg,
acne04,classification,train,levle1_336,1,processed/acne_classification/images/train/class_1/levle1_336.jpg,,raw/acne_1024/all_1024/levle1_336.jpg,
acne04,classification,train,levle1_337,1,processed/acne_classification/images/train/class_1/levle1_337.jpg,,raw/acne_1024/all_1024/levle1_337.jpg,
acne04,classification,train,levle1_338,1,processed/acne_classification/images/train/class_1/levle1_338.jpg,,raw/acne_1024/all_1024/levle1_338.jpg,
acne04,classification,val,levle1_339,1,processed/acne_classification/images/val/class_1/levle1_339.jpg,,raw/acne_1024/all_1024/levle1_339.jpg,
acne04,classification,train,levle1_34,1,processed/acne_classification/images/train/class_1/levle1_34.jpg,,raw/acne_1024/all_1024/levle1_34.jpg,
acne04,classification,train,levle1_340,1,processed/acne_classification/images/train/class_1/levle1_340.jpg,,raw/acne_1024/all_1024/levle1_340.jpg,
acne04,classification,train,levle1_341,1,processed/acne_classification/images/train/class_1/levle1_341.jpg,,raw/acne_1024/all_1024/levle1_341.jpg,
acne04,classification,train,levle1_342,1,processed/acne_classification/images/train/class_1/levle1_342.jpg,,raw/acne_1024/all_1024/levle1_342.jpg,
acne04,classification,train,levle1_343,1,processed/acne_classification/images/train/class_1/levle1_343.jpg,,raw/acne_1024/all_1024/levle1_343.jpg,
acne04,classification,test,levle1_344,1,processed/acne_classification/images/test/class_1/levle1_344.jpg,,raw/acne_1024/all_1024/levle1_344.jpg,
acne04,classification,test,levle1_345,1,processed/acne_classification/images/test/class_1/levle1_345.jpg,,raw/acne_1024/all_1024/levle1_345.jpg,
acne04,classification,train,levle1_346,1,processed/acne_classification/images/train/class_1/levle1_346.jpg,,raw/acne_1024/all_1024/levle1_346.jpg,
acne04,classification,val,levle1_347,1,processed/acne_classification/images/val/class_1/levle1_347.jpg,,raw/acne_1024/all_1024/levle1_347.jpg,
acne04,classification,test,levle1_348,1,processed/acne_classification/images/test/class_1/levle1_348.jpg,,raw/acne_1024/all_1024/levle1_348.jpg,
acne04,classification,val,levle1_349,1,processed/acne_classification/images/val/class_1/levle1_349.jpg,,raw/acne_1024/all_1024/levle1_349.jpg,
acne04,classification,train,levle1_35,1,processed/acne_classification/images/train/class_1/levle1_35.jpg,,raw/acne_1024/all_1024/levle1_35.jpg,
acne04,classification,train,levle1_350,1,processed/acne_classification/images/train/class_1/levle1_350.jpg,,raw/acne_1024/all_1024/levle1_350.jpg,
acne04,classification,train,levle1_351,1,processed/acne_classification/images/train/class_1/levle1_351.jpg,,raw/acne_1024/all_1024/levle1_351.jpg,
acne04,classification,test,levle1_352,1,processed/acne_classification/images/test/class_1/levle1_352.jpg,,raw/acne_1024/all_1024/levle1_352.jpg,
acne04,classification,train,levle1_353,1,processed/acne_classification/images/train/class_1/levle1_353.jpg,,raw/acne_1024/all_1024/levle1_353.jpg,
acne04,classification,val,levle1_354,1,processed/acne_classification/images/val/class_1/levle1_354.jpg,,raw/acne_1024/all_1024/levle1_354.jpg,
acne04,classification,train,levle1_355,1,processed/acne_classification/images/train/class_1/levle1_355.jpg,,raw/acne_1024/all_1024/levle1_355.jpg,
acne04,classification,val,levle1_356,1,processed/acne_classification/images/val/class_1/levle1_356.jpg,,raw/acne_1024/all_1024/levle1_356.jpg,
acne04,classification,train,levle1_357,1,processed/acne_classification/images/train/class_1/levle1_357.jpg,,raw/acne_1024/all_1024/levle1_357.jpg,
acne04,classification,train,levle1_358,1,processed/acne_classification/images/train/class_1/levle1_358.jpg,,raw/acne_1024/all_1024/levle1_358.jpg,
acne04,classification,train,levle1_359,1,processed/acne_classification/images/train/class_1/levle1_359.jpg,,raw/acne_1024/all_1024/levle1_359.jpg,
acne04,classification,train,levle1_36,1,processed/acne_classification/images/train/class_1/levle1_36.jpg,,raw/acne_1024/all_1024/levle1_36.jpg,
acne04,classification,train,levle1_360,1,processed/acne_classification/images/train/class_1/levle1_360.jpg,,raw/acne_1024/all_1024/levle1_360.jpg,
acne04,classification,train,levle1_361,1,processed/acne_classification/images/train/class_1/levle1_361.jpg,,raw/acne_1024/all_1024/levle1_361.jpg,
acne04,classification,train,levle1_362,1,processed/acne_classification/images/train/class_1/levle1_362.jpg,,raw/acne_1024/all_1024/levle1_362.jpg,
acne04,classification,test,levle1_363,1,processed/acne_classification/images/test/class_1/levle1_363.jpg,,raw/acne_1024/all_1024/levle1_363.jpg,
acne04,classification,train,levle1_364,1,processed/acne_classification/images/train/class_1/levle1_364.jpg,,raw/acne_1024/all_1024/levle1_364.jpg,
acne04,classification,train,levle1_365,1,processed/acne_classification/images/train/class_1/levle1_365.jpg,,raw/acne_1024/all_1024/levle1_365.jpg,
acne04,classification,train,levle1_366,1,processed/acne_classification/images/train/class_1/levle1_366.jpg,,raw/acne_1024/all_1024/levle1_366.jpg,
acne04,classification,val,levle1_367,1,processed/acne_classification/images/val/class_1/levle1_367.jpg,,raw/acne_1024/all_1024/levle1_367.jpg,
acne04,classification,test,levle1_368,1,processed/acne_classification/images/test/class_1/levle1_368.jpg,,raw/acne_1024/all_1024/levle1_368.jpg,
acne04,classification,val,levle1_369,1,processed/acne_classification/images/val/class_1/levle1_369.jpg,,raw/acne_1024/all_1024/levle1_369.jpg,
acne04,classification,train,levle1_37,1,processed/acne_classification/images/train/class_1/levle1_37.jpg,,raw/acne_1024/all_1024/levle1_37.jpg,
acne04,classification,test,levle1_370,1,processed/acne_classification/images/test/class_1/levle1_370.jpg,,raw/acne_1024/all_1024/levle1_370.jpg,
acne04,classification,val,levle1_371,1,processed/acne_classification/images/val/class_1/levle1_371.jpg,,raw/acne_1024/all_1024/levle1_371.jpg,
acne04,classification,train,levle1_372,1,processed/acne_classification/images/train/class_1/levle1_372.jpg,,raw/acne_1024/all_1024/levle1_372.jpg,
acne04,classification,train,levle1_373,1,processed/acne_classification/images/train/class_1/levle1_373.jpg,,raw/acne_1024/all_1024/levle1_373.jpg,
acne04,classification,train,levle1_374,1,processed/acne_classification/images/train/class_1/levle1_374.jpg,,raw/acne_1024/all_1024/levle1_374.jpg,
acne04,classification,train,levle1_375,1,processed/acne_classification/images/train/class_1/levle1_375.jpg,,raw/acne_1024/all_1024/levle1_375.jpg,
acne04,classification,train,levle1_376,1,processed/acne_classification/images/train/class_1/levle1_376.jpg,,raw/acne_1024/all_1024/levle1_376.jpg,
acne04,classification,train,levle1_377,1,processed/acne_classification/images/train/class_1/levle1_377.jpg,,raw/acne_1024/all_1024/levle1_377.jpg,
acne04,classification,train,levle1_378,1,processed/acne_classification/images/train/class_1/levle1_378.jpg,,raw/acne_1024/all_1024/levle1_378.jpg,
acne04,classification,train,levle1_379,1,processed/acne_classification/images/train/class_1/levle1_379.jpg,,raw/acne_1024/all_1024/levle1_379.jpg,
acne04,classification,val,levle1_38,1,processed/acne_classification/images/val/class_1/levle1_38.jpg,,raw/acne_1024/all_1024/levle1_38.jpg,
acne04,classification,train,levle1_380,1,processed/acne_classification/images/train/class_1/levle1_380.jpg,,raw/acne_1024/all_1024/levle1_380.jpg,
acne04,classification,train,levle1_381,1,processed/acne_classification/images/train/class_1/levle1_381.jpg,,raw/acne_1024/all_1024/levle1_381.jpg,
acne04,classification,train,levle1_382,1,processed/acne_classification/images/train/class_1/levle1_382.jpg,,raw/acne_1024/all_1024/levle1_382.jpg,
acne04,classification,test,levle1_383,1,processed/acne_classification/images/test/class_1/levle1_383.jpg,,raw/acne_1024/all_1024/levle1_383.jpg,
acne04,classification,train,levle1_384,1,processed/acne_classification/images/train/class_1/levle1_384.jpg,,raw/acne_1024/all_1024/levle1_384.jpg,
acne04,classification,train,levle1_385,1,processed/acne_classification/images/train/class_1/levle1_385.jpg,,raw/acne_1024/all_1024/levle1_385.jpg,
acne04,classification,train,levle1_386,1,processed/acne_classification/images/train/class_1/levle1_386.jpg,,raw/acne_1024/all_1024/levle1_386.jpg,
acne04,classification,test,levle1_387,1,processed/acne_classification/images/test/class_1/levle1_387.jpg,,raw/acne_1024/all_1024/levle1_387.jpg,
acne04,classification,train,levle1_388,1,processed/acne_classification/images/train/class_1/levle1_388.jpg,,raw/acne_1024/all_1024/levle1_388.jpg,
acne04,classification,train,levle1_389,1,processed/acne_classification/images/train/class_1/levle1_389.jpg,,raw/acne_1024/all_1024/levle1_389.jpg,
acne04,classification,train,levle1_39,1,processed/acne_classification/images/train/class_1/levle1_39.jpg,,raw/acne_1024/all_1024/levle1_39.jpg,
acne04,classification,train,levle1_390,1,processed/acne_classification/images/train/class_1/levle1_390.jpg,,raw/acne_1024/all_1024/levle1_390.jpg,
acne04,classification,val,levle1_391,1,processed/acne_classification/images/val/class_1/levle1_391.jpg,,raw/acne_1024/all_1024/levle1_391.jpg,
acne04,classification,train,levle1_392,1,processed/acne_classification/images/train/class_1/levle1_392.jpg,,raw/acne_1024/all_1024/levle1_392.jpg,
acne04,classification,train,levle1_393,1,processed/acne_classification/images/train/class_1/levle1_393.jpg,,raw/acne_1024/all_1024/levle1_393.jpg,
acne04,classification,train,levle1_394,1,processed/acne_classification/images/train/class_1/levle1_394.jpg,,raw/acne_1024/all_1024/levle1_394.jpg,
acne04,classification,val,levle1_395,1,processed/acne_classification/images/val/class_1/levle1_395.jpg,,raw/acne_1024/all_1024/levle1_395.jpg,
acne04,classification,train,levle1_396,1,processed/acne_classification/images/train/class_1/levle1_396.jpg,,raw/acne_1024/all_1024/levle1_396.jpg,
acne04,classification,val,levle1_397,1,processed/acne_classification/images/val/class_1/levle1_397.jpg,,raw/acne_1024/all_1024/levle1_397.jpg,
acne04,classification,test,levle1_398,1,processed/acne_classification/images/test/class_1/levle1_398.jpg,,raw/acne_1024/all_1024/levle1_398.jpg,
acne04,classification,val,levle1_399,1,processed/acne_classification/images/val/class_1/levle1_399.jpg,,raw/acne_1024/all_1024/levle1_399.jpg,
acne04,classification,train,levle1_40,1,processed/acne_classification/images/train/class_1/levle1_40.jpg,,raw/acne_1024/all_1024/levle1_40.jpg,
acne04,classification,train,levle1_400,1,processed/acne_classification/images/train/class_1/levle1_400.jpg,,raw/acne_1024/all_1024/levle1_400.jpg,
acne04,classification,train,levle1_401,1,processed/acne_classification/images/train/class_1/levle1_401.jpg,,raw/acne_1024/all_1024/levle1_401.jpg,
acne04,classification,train,levle1_402,1,processed/acne_classification/images/train/class_1/levle1_402.jpg,,raw/acne_1024/all_1024/levle1_402.jpg,
acne04,classification,train,levle1_403,1,processed/acne_classification/images/train/class_1/levle1_403.jpg,,raw/acne_1024/all_1024/levle1_403.jpg,
acne04,classification,train,levle1_404,1,processed/acne_classification/images/train/class_1/levle1_404.jpg,,raw/acne_1024/all_1024/levle1_404.jpg,
acne04,classification,test,levle1_405,1,processed/acne_classification/images/test/class_1/levle1_405.jpg,,raw/acne_1024/all_1024/levle1_405.jpg,
acne04,classification,train,levle1_406,1,processed/acne_classification/images/train/class_1/levle1_406.jpg,,raw/acne_1024/all_1024/levle1_406.jpg,
acne04,classification,train,levle1_407,1,processed/acne_classification/images/train/class_1/levle1_407.jpg,,raw/acne_1024/all_1024/levle1_407.jpg,
acne04,classification,train,levle1_408,1,processed/acne_classification/images/train/class_1/levle1_408.jpg,,raw/acne_1024/all_1024/levle1_408.jpg,
acne04,classification,train,levle1_409,1,processed/acne_classification/images/train/class_1/levle1_409.jpg,,raw/acne_1024/all_1024/levle1_409.jpg,
acne04,classification,val,levle1_41,1,processed/acne_classification/images/val/class_1/levle1_41.jpg,,raw/acne_1024/all_1024/levle1_41.jpg,
acne04,classification,train,levle1_410,1,processed/acne_classification/images/train/class_1/levle1_410.jpg,,raw/acne_1024/all_1024/levle1_410.jpg,
acne04,classification,val,levle1_411,1,processed/acne_classification/images/val/class_1/levle1_411.jpg,,raw/acne_1024/all_1024/levle1_411.jpg,
acne04,classification,train,levle1_412,1,processed/acne_classification/images/train/class_1/levle1_412.jpg,,raw/acne_1024/all_1024/levle1_412.jpg,
acne04,classification,train,levle1_413,1,processed/acne_classification/images/train/class_1/levle1_413.jpg,,raw/acne_1024/all_1024/levle1_413.jpg,
acne04,classification,train,levle1_414,1,processed/acne_classification/images/train/class_1/levle1_414.jpg,,raw/acne_1024/all_1024/levle1_414.jpg,
acne04,classification,train,levle1_415,1,processed/acne_classification/images/train/class_1/levle1_415.jpg,,raw/acne_1024/all_1024/levle1_415.jpg,
acne04,classification,val,levle1_416,1,processed/acne_classification/images/val/class_1/levle1_416.jpg,,raw/acne_1024/all_1024/levle1_416.jpg,
acne04,classification,train,levle1_417,1,processed/acne_classification/images/train/class_1/levle1_417.jpg,,raw/acne_1024/all_1024/levle1_417.jpg,
acne04,classification,train,levle1_418,1,processed/acne_classification/images/train/class_1/levle1_418.jpg,,raw/acne_1024/all_1024/levle1_418.jpg,
acne04,classification,train,levle1_419,1,processed/acne_classification/images/train/class_1/levle1_419.jpg,,raw/acne_1024/all_1024/levle1_419.jpg,
acne04,classification,train,levle1_42,1,processed/acne_classification/images/train/class_1/levle1_42.jpg,,raw/acne_1024/all_1024/levle1_42.jpg,
acne04,classification,train,levle1_420,1,processed/acne_classification/images/train/class_1/levle1_420.jpg,,raw/acne_1024/all_1024/levle1_420.jpg,
acne04,classification,test,levle1_421,1,processed/acne_classification/images/test/class_1/levle1_421.jpg,,raw/acne_1024/all_1024/levle1_421.jpg,
acne04,classification,train,levle1_422,1,processed/acne_classification/images/train/class_1/levle1_422.jpg,,raw/acne_1024/all_1024/levle1_422.jpg,
acne04,classification,train,levle1_423,1,processed/acne_classification/images/train/class_1/levle1_423.jpg,,raw/acne_1024/all_1024/levle1_423.jpg,
acne04,classification,train,levle1_424,1,processed/acne_classification/images/train/class_1/levle1_424.jpg,,raw/acne_1024/all_1024/levle1_424.jpg,
acne04,classification,train,levle1_425,1,processed/acne_classification/images/train/class_1/levle1_425.jpg,,raw/acne_1024/all_1024/levle1_425.jpg,
acne04,classification,train,levle1_426,1,processed/acne_classification/images/train/class_1/levle1_426.jpg,,raw/acne_1024/all_1024/levle1_426.jpg,
acne04,classification,train,levle1_427,1,processed/acne_classification/images/train/class_1/levle1_427.jpg,,raw/acne_1024/all_1024/levle1_427.jpg,
acne04,classification,test,levle1_428,1,processed/acne_classification/images/test/class_1/levle1_428.jpg,,raw/acne_1024/all_1024/levle1_428.jpg,
acne04,classification,val,levle1_429,1,processed/acne_classification/images/val/class_1/levle1_429.jpg,,raw/acne_1024/all_1024/levle1_429.jpg,
acne04,classification,train,levle1_43,1,processed/acne_classification/images/train/class_1/levle1_43.jpg,,raw/acne_1024/all_1024/levle1_43.jpg,
acne04,classification,train,levle1_430,1,processed/acne_classification/images/train/class_1/levle1_430.jpg,,raw/acne_1024/all_1024/levle1_430.jpg,
acne04,classification,train,levle1_431,1,processed/acne_classification/images/train/class_1/levle1_431.jpg,,raw/acne_1024/all_1024/levle1_431.jpg,
acne04,classification,train,levle1_432,1,processed/acne_classification/images/train/class_1/levle1_432.jpg,,raw/acne_1024/all_1024/levle1_432.jpg,
acne04,classification,train,levle1_433,1,processed/acne_classification/images/train/class_1/levle1_433.jpg,,raw/acne_1024/all_1024/levle1_433.jpg,
acne04,classification,train,levle1_434,1,processed/acne_classification/images/train/class_1/levle1_434.jpg,,raw/acne_1024/all_1024/levle1_434.jpg,
acne04,classification,train,levle1_435,1,processed/acne_classification/images/train/class_1/levle1_435.jpg,,raw/acne_1024/all_1024/levle1_435.jpg,
acne04,classification,val,levle1_436,1,processed/acne_classification/images/val/class_1/levle1_436.jpg,,raw/acne_1024/all_1024/levle1_436.jpg,
acne04,classification,train,levle1_437,1,processed/acne_classification/images/train/class_1/levle1_437.jpg,,raw/acne_1024/all_1024/levle1_437.jpg,
acne04,classification,test,levle1_439,1,processed/acne_classification/images/test/class_1/levle1_439.jpg,,raw/acne_1024/all_1024/levle1_439.jpg,
acne04,classification,train,levle1_44,1,processed/acne_classification/images/train/class_1/levle1_44.jpg,,raw/acne_1024/all_1024/levle1_44.jpg,
acne04,classification,train,levle1_440,1,processed/acne_classification/images/train/class_1/levle1_440.jpg,,raw/acne_1024/all_1024/levle1_440.jpg,
acne04,classification,train,levle1_441,1,processed/acne_classification/images/train/class_1/levle1_441.jpg,,raw/acne_1024/all_1024/levle1_441.jpg,
acne04,classification,test,levle1_442,1,processed/acne_classification/images/test/class_1/levle1_442.jpg,,raw/acne_1024/all_1024/levle1_442.jpg,
acne04,classification,val,levle1_443,1,processed/acne_classification/images/val/class_1/levle1_443.jpg,,raw/acne_1024/all_1024/levle1_443.jpg,
acne04,classification,train,levle1_444,1,processed/acne_classification/images/train/class_1/levle1_444.jpg,,raw/acne_1024/all_1024/levle1_444.jpg,
acne04,classification,train,levle1_445,1,processed/acne_classification/images/train/class_1/levle1_445.jpg,,raw/acne_1024/all_1024/levle1_445.jpg,
acne04,classification,train,levle1_446,1,processed/acne_classification/images/train/class_1/levle1_446.jpg,,raw/acne_1024/all_1024/levle1_446.jpg,
acne04,classification,train,levle1_447,1,processed/acne_classification/images/train/class_1/levle1_447.jpg,,raw/acne_1024/all_1024/levle1_447.jpg,
acne04,classification,test,levle1_448,1,processed/acne_classification/images/test/class_1/levle1_448.jpg,,raw/acne_1024/all_1024/levle1_448.jpg,
acne04,classification,train,levle1_449,1,processed/acne_classification/images/train/class_1/levle1_449.jpg,,raw/acne_1024/all_1024/levle1_449.jpg,
acne04,classification,train,levle1_45,1,processed/acne_classification/images/train/class_1/levle1_45.jpg,,raw/acne_1024/all_1024/levle1_45.jpg,
acne04,classification,train,levle1_450,1,processed/acne_classification/images/train/class_1/levle1_450.jpg,,raw/acne_1024/all_1024/levle1_450.jpg,
acne04,classification,train,levle1_451,1,processed/acne_classification/images/train/class_1/levle1_451.jpg,,raw/acne_1024/all_1024/levle1_451.jpg,
acne04,classification,train,levle1_452,1,processed/acne_classification/images/train/class_1/levle1_452.jpg,,raw/acne_1024/all_1024/levle1_452.jpg,
acne04,classification,train,levle1_453,1,processed/acne_classification/images/train/class_1/levle1_453.jpg,,raw/acne_1024/all_1024/levle1_453.jpg,
acne04,classification,train,levle1_454,1,processed/acne_classification/images/train/class_1/levle1_454.jpg,,raw/acne_1024/all_1024/levle1_454.jpg,
acne04,classification,train,levle1_455,1,processed/acne_classification/images/train/class_1/levle1_455.jpg,,raw/acne_1024/all_1024/levle1_455.jpg,
acne04,classification,train,levle1_456,1,processed/acne_classification/images/train/class_1/levle1_456.jpg,,raw/acne_1024/all_1024/levle1_456.jpg,
acne04,classification,train,levle1_457,1,processed/acne_classification/images/train/class_1/levle1_457.jpg,,raw/acne_1024/all_1024/levle1_457.jpg,
acne04,classification,train,levle1_458,1,processed/acne_classification/images/train/class_1/levle1_458.jpg,,raw/acne_1024/all_1024/levle1_458.jpg,
acne04,classification,train,levle1_459,1,processed/acne_classification/images/train/class_1/levle1_459.jpg,,raw/acne_1024/all_1024/levle1_459.jpg,
acne04,classification,train,levle1_46,1,processed/acne_classification/images/train/class_1/levle1_46.jpg,,raw/acne_1024/all_1024/levle1_46.jpg,
acne04,classification,train,levle1_460,1,processed/acne_classification/images/train/class_1/levle1_460.jpg,,raw/acne_1024/all_1024/levle1_460.jpg,
acne04,classification,train,levle1_461,1,processed/acne_classification/images/train/class_1/levle1_461.jpg,,raw/acne_1024/all_1024/levle1_461.jpg,
acne04,classification,test,levle1_462,1,processed/acne_classification/images/test/class_1/levle1_462.jpg,,raw/acne_1024/all_1024/levle1_462.jpg,
acne04,classification,train,levle1_463,1,processed/acne_classification/images/train/class_1/levle1_463.jpg,,raw/acne_1024/all_1024/levle1_463.jpg,
acne04,classification,train,levle1_464,1,processed/acne_classification/images/train/class_1/levle1_464.jpg,,raw/acne_1024/all_1024/levle1_464.jpg,
acne04,classification,test,levle1_465,1,processed/acne_classification/images/test/class_1/levle1_465.jpg,,raw/acne_1024/all_1024/levle1_465.jpg,
acne04,classification,train,levle1_466,1,processed/acne_classification/images/train/class_1/levle1_466.jpg,,raw/acne_1024/all_1024/levle1_466.jpg,
acne04,classification,train,levle1_467,1,processed/acne_classification/images/train/class_1/levle1_467.jpg,,raw/acne_1024/all_1024/levle1_467.jpg,
acne04,classification,val,levle1_468,1,processed/acne_classification/images/val/class_1/levle1_468.jpg,,raw/acne_1024/all_1024/levle1_468.jpg,
acne04,classification,train,levle1_469,1,processed/acne_classification/images/train/class_1/levle1_469.jpg,,raw/acne_1024/all_1024/levle1_469.jpg,
acne04,classification,train,levle1_47,1,processed/acne_classification/images/train/class_1/levle1_47.jpg,,raw/acne_1024/all_1024/levle1_47.jpg,
acne04,classification,train,levle1_470,1,processed/acne_classification/images/train/class_1/levle1_470.jpg,,raw/acne_1024/all_1024/levle1_470.jpg,
acne04,classification,train,levle1_471,1,processed/acne_classification/images/train/class_1/levle1_471.jpg,,raw/acne_1024/all_1024/levle1_471.jpg,
acne04,classification,val,levle1_472,1,processed/acne_classification/images/val/class_1/levle1_472.jpg,,raw/acne_1024/all_1024/levle1_472.jpg,
acne04,classification,train,levle1_474,1,processed/acne_classification/images/train/class_1/levle1_474.jpg,,raw/acne_1024/all_1024/levle1_474.jpg,
acne04,classification,train,levle1_475,1,processed/acne_classification/images/train/class_1/levle1_475.jpg,,raw/acne_1024/all_1024/levle1_475.jpg,
acne04,classification,val,levle1_476,1,processed/acne_classification/images/val/class_1/levle1_476.jpg,,raw/acne_1024/all_1024/levle1_476.jpg,
acne04,classification,test,levle1_477,1,processed/acne_classification/images/test/class_1/levle1_477.jpg,,raw/acne_1024/all_1024/levle1_477.jpg,
acne04,classification,test,levle1_478,1,processed/acne_classification/images/test/class_1/levle1_478.jpg,,raw/acne_1024/all_1024/levle1_478.jpg,
acne04,classification,test,levle1_479,1,processed/acne_classification/images/test/class_1/levle1_479.jpg,,raw/acne_1024/all_1024/levle1_479.jpg,
acne04,classification,val,levle1_48,1,processed/acne_classification/images/val/class_1/levle1_48.jpg,,raw/acne_1024/all_1024/levle1_48.jpg,
acne04,classification,train,levle1_480,1,processed/acne_classification/images/train/class_1/levle1_480.jpg,,raw/acne_1024/all_1024/levle1_480.jpg,
acne04,classification,train,levle1_481,1,processed/acne_classification/images/train/class_1/levle1_481.jpg,,raw/acne_1024/all_1024/levle1_481.jpg,
acne04,classification,val,levle1_482,1,processed/acne_classification/images/val/class_1/levle1_482.jpg,,raw/acne_1024/all_1024/levle1_482.jpg,
acne04,classification,train,levle1_483,1,processed/acne_classification/images/train/class_1/levle1_483.jpg,,raw/acne_1024/all_1024/levle1_483.jpg,
acne04,classification,val,levle1_484,1,processed/acne_classification/images/val/class_1/levle1_484.jpg,,raw/acne_1024/all_1024/levle1_484.jpg,
acne04,classification,val,levle1_485,1,processed/acne_classification/images/val/class_1/levle1_485.jpg,,raw/acne_1024/all_1024/levle1_485.jpg,
acne04,classification,train,levle1_486,1,processed/acne_classification/images/train/class_1/levle1_486.jpg,,raw/acne_1024/all_1024/levle1_486.jpg,
acne04,classification,train,levle1_487,1,processed/acne_classification/images/train/class_1/levle1_487.jpg,,raw/acne_1024/all_1024/levle1_487.jpg,
acne04,classification,val,levle1_488,1,processed/acne_classification/images/val/class_1/levle1_488.jpg,,raw/acne_1024/all_1024/levle1_488.jpg,
acne04,classification,train,levle1_489,1,processed/acne_classification/images/train/class_1/levle1_489.jpg,,raw/acne_1024/all_1024/levle1_489.jpg,
acne04,classification,test,levle1_49,1,processed/acne_classification/images/test/class_1/levle1_49.jpg,,raw/acne_1024/all_1024/levle1_49.jpg,
acne04,classification,train,levle1_490,1,processed/acne_classification/images/train/class_1/levle1_490.jpg,,raw/acne_1024/all_1024/levle1_490.jpg,
acne04,classification,val,levle1_491,1,processed/acne_classification/images/val/class_1/levle1_491.jpg,,raw/acne_1024/all_1024/levle1_491.jpg,
acne04,classification,train,levle1_492,1,processed/acne_classification/images/train/class_1/levle1_492.jpg,,raw/acne_1024/all_1024/levle1_492.jpg,
acne04,classification,train,levle1_493,1,processed/acne_classification/images/train/class_1/levle1_493.jpg,,raw/acne_1024/all_1024/levle1_493.jpg,
acne04,classification,train,levle1_494,1,processed/acne_classification/images/train/class_1/levle1_494.jpg,,raw/acne_1024/all_1024/levle1_494.jpg,
acne04,classification,val,levle1_495,1,processed/acne_classification/images/val/class_1/levle1_495.jpg,,raw/acne_1024/all_1024/levle1_495.jpg,
acne04,classification,train,levle1_496,1,processed/acne_classification/images/train/class_1/levle1_496.jpg,,raw/acne_1024/all_1024/levle1_496.jpg,
acne04,classification,train,levle1_497,1,processed/acne_classification/images/train/class_1/levle1_497.jpg,,raw/acne_1024/all_1024/levle1_497.jpg,
acne04,classification,val,levle1_498,1,processed/acne_classification/images/val/class_1/levle1_498.jpg,,raw/acne_1024/all_1024/levle1_498.jpg,
acne04,classification,train,levle1_499,1,processed/acne_classification/images/train/class_1/levle1_499.jpg,,raw/acne_1024/all_1024/levle1_499.jpg,
acne04,classification,train,levle1_50,1,processed/acne_classification/images/train/class_1/levle1_50.jpg,,raw/acne_1024/all_1024/levle1_50.jpg,
acne04,classification,val,levle1_500,1,processed/acne_classification/images/val/class_1/levle1_500.jpg,,raw/acne_1024/all_1024/levle1_500.jpg,
acne04,classification,train,levle1_501,1,processed/acne_classification/images/train/class_1/levle1_501.jpg,,raw/acne_1024/all_1024/levle1_501.jpg,
acne04,classification,train,levle1_502,1,processed/acne_classification/images/train/class_1/levle1_502.jpg,,raw/acne_1024/all_1024/levle1_502.jpg,
acne04,classification,train,levle1_503,1,processed/acne_classification/images/train/class_1/levle1_503.jpg,,raw/acne_1024/all_1024/levle1_503.jpg,
acne04,classification,train,levle1_504,1,processed/acne_classification/images/train/class_1/levle1_504.jpg,,raw/acne_1024/all_1024/levle1_504.jpg,
acne04,classification,val,levle1_505,1,processed/acne_classification/images/val/class_1/levle1_505.jpg,,raw/acne_1024/all_1024/levle1_505.jpg,
acne04,classification,train,levle1_506,1,processed/acne_classification/images/train/class_1/levle1_506.jpg,,raw/acne_1024/all_1024/levle1_506.jpg,
acne04,classification,train,levle1_507,1,processed/acne_classification/images/train/class_1/levle1_507.jpg,,raw/acne_1024/all_1024/levle1_507.jpg,
acne04,classification,train,levle1_508,1,processed/acne_classification/images/train/class_1/levle1_508.jpg,,raw/acne_1024/all_1024/levle1_508.jpg,
acne04,classification,train,levle1_509,1,processed/acne_classification/images/train/class_1/levle1_509.jpg,,raw/acne_1024/all_1024/levle1_509.jpg,
acne04,classification,train,levle1_51,1,processed/acne_classification/images/train/class_1/levle1_51.jpg,,raw/acne_1024/all_1024/levle1_51.jpg,
acne04,classification,train,levle1_510,1,processed/acne_classification/images/train/class_1/levle1_510.jpg,,raw/acne_1024/all_1024/levle1_510.jpg,
acne04,classification,test,levle1_511,1,processed/acne_classification/images/test/class_1/levle1_511.jpg,,raw/acne_1024/all_1024/levle1_511.jpg,
acne04,classification,val,levle1_512,1,processed/acne_classification/images/val/class_1/levle1_512.jpg,,raw/acne_1024/all_1024/levle1_512.jpg,
acne04,classification,val,levle1_513,1,processed/acne_classification/images/val/class_1/levle1_513.jpg,,raw/acne_1024/all_1024/levle1_513.jpg,
acne04,classification,test,levle1_514,1,processed/acne_classification/images/test/class_1/levle1_514.jpg,,raw/acne_1024/all_1024/levle1_514.jpg,
acne04,classification,val,levle1_515,1,processed/acne_classification/images/val/class_1/levle1_515.jpg,,raw/acne_1024/all_1024/levle1_515.jpg,
acne04,classification,train,levle1_516,1,processed/acne_classification/images/train/class_1/levle1_516.jpg,,raw/acne_1024/all_1024/levle1_516.jpg,
acne04,classification,test,levle1_517,1,processed/acne_classification/images/test/class_1/levle1_517.jpg,,raw/acne_1024/all_1024/levle1_517.jpg,
acne04,classification,train,levle1_518,1,processed/acne_classification/images/train/class_1/levle1_518.jpg,,raw/acne_1024/all_1024/levle1_518.jpg,
acne04,classification,test,levle1_519,1,processed/acne_classification/images/test/class_1/levle1_519.jpg,,raw/acne_1024/all_1024/levle1_519.jpg,
acne04,classification,train,levle1_52,1,processed/acne_classification/images/train/class_1/levle1_52.jpg,,raw/acne_1024/all_1024/levle1_52.jpg,
acne04,classification,train,levle1_520,1,processed/acne_classification/images/train/class_1/levle1_520.jpg,,raw/acne_1024/all_1024/levle1_520.jpg,
acne04,classification,test,levle1_521,1,processed/acne_classification/images/test/class_1/levle1_521.jpg,,raw/acne_1024/all_1024/levle1_521.jpg,
acne04,classification,val,levle1_522,1,processed/acne_classification/images/val/class_1/levle1_522.jpg,,raw/acne_1024/all_1024/levle1_522.jpg,
acne04,classification,train,levle1_523,1,processed/acne_classification/images/train/class_1/levle1_523.jpg,,raw/acne_1024/all_1024/levle1_523.jpg,
acne04,classification,train,levle1_524,1,processed/acne_classification/images/train/class_1/levle1_524.jpg,,raw/acne_1024/all_1024/levle1_524.jpg,
acne04,classification,val,levle1_525,1,processed/acne_classification/images/val/class_1/levle1_525.jpg,,raw/acne_1024/all_1024/levle1_525.jpg,
acne04,classification,train,levle1_526,1,processed/acne_classification/images/train/class_1/levle1_526.jpg,,raw/acne_1024/all_1024/levle1_526.jpg,
acne04,classification,train,levle1_527,1,processed/acne_classification/images/train/class_1/levle1_527.jpg,,raw/acne_1024/all_1024/levle1_527.jpg,
acne04,classification,train,levle1_528,1,processed/acne_classification/images/train/class_1/levle1_528.jpg,,raw/acne_1024/all_1024/levle1_528.jpg,
acne04,classification,train,levle1_529,1,processed/acne_classification/images/train/class_1/levle1_529.jpg,,raw/acne_1024/all_1024/levle1_529.jpg,
acne04,classification,train,levle1_53,1,processed/acne_classification/images/train/class_1/levle1_53.jpg,,raw/acne_1024/all_1024/levle1_53.jpg,
acne04,classification,train,levle1_530,1,processed/acne_classification/images/train/class_1/levle1_530.jpg,,raw/acne_1024/all_1024/levle1_530.jpg,
acne04,classification,val,levle1_531,1,processed/acne_classification/images/val/class_1/levle1_531.jpg,,raw/acne_1024/all_1024/levle1_531.jpg,
acne04,classification,train,levle1_532,1,processed/acne_classification/images/train/class_1/levle1_532.jpg,,raw/acne_1024/all_1024/levle1_532.jpg,
acne04,classification,train,levle1_533,1,processed/acne_classification/images/train/class_1/levle1_533.jpg,,raw/acne_1024/all_1024/levle1_533.jpg,
acne04,classification,train,levle1_534,1,processed/acne_classification/images/train/class_1/levle1_534.jpg,,raw/acne_1024/all_1024/levle1_534.jpg,
acne04,classification,test,levle1_535,1,processed/acne_classification/images/test/class_1/levle1_535.jpg,,raw/acne_1024/all_1024/levle1_535.jpg,
acne04,classification,train,levle1_536,1,processed/acne_classification/images/train/class_1/levle1_536.jpg,,raw/acne_1024/all_1024/levle1_536.jpg,
acne04,classification,val,levle1_537,1,processed/acne_classification/images/val/class_1/levle1_537.jpg,,raw/acne_1024/all_1024/levle1_537.jpg,
acne04,classification,train,levle1_538,1,processed/acne_classification/images/train/class_1/levle1_538.jpg,,raw/acne_1024/all_1024/levle1_538.jpg,
acne04,classification,train,levle1_539,1,processed/acne_classification/images/train/class_1/levle1_539.jpg,,raw/acne_1024/all_1024/levle1_539.jpg,
acne04,classification,train,levle1_54,1,processed/acne_classification/images/train/class_1/levle1_54.jpg,,raw/acne_1024/all_1024/levle1_54.jpg,
acne04,classification,train,levle1_540,1,processed/acne_classification/images/train/class_1/levle1_540.jpg,,raw/acne_1024/all_1024/levle1_540.jpg,
acne04,classification,val,levle1_541,1,processed/acne_classification/images/val/class_1/levle1_541.jpg,,raw/acne_1024/all_1024/levle1_541.jpg,
acne04,classification,test,levle1_542,1,processed/acne_classification/images/test/class_1/levle1_542.jpg,,raw/acne_1024/all_1024/levle1_542.jpg,
acne04,classification,train,levle1_543,1,processed/acne_classification/images/train/class_1/levle1_543.jpg,,raw/acne_1024/all_1024/levle1_543.jpg,
acne04,classification,train,levle1_544,1,processed/acne_classification/images/train/class_1/levle1_544.jpg,,raw/acne_1024/all_1024/levle1_544.jpg,
acne04,classification,train,levle1_545,1,processed/acne_classification/images/train/class_1/levle1_545.jpg,,raw/acne_1024/all_1024/levle1_545.jpg,
acne04,classification,train,levle1_546,1,processed/acne_classification/images/train/class_1/levle1_546.jpg,,raw/acne_1024/all_1024/levle1_546.jpg,
acne04,classification,train,levle1_547,1,processed/acne_classification/images/train/class_1/levle1_547.jpg,,raw/acne_1024/all_1024/levle1_547.jpg,
acne04,classification,train,levle1_548,1,processed/acne_classification/images/train/class_1/levle1_548.jpg,,raw/acne_1024/all_1024/levle1_548.jpg,
acne04,classification,test,levle1_549,1,processed/acne_classification/images/test/class_1/levle1_549.jpg,,raw/acne_1024/all_1024/levle1_549.jpg,
acne04,classification,train,levle1_55,1,processed/acne_classification/images/train/class_1/levle1_55.jpg,,raw/acne_1024/all_1024/levle1_55.jpg,
acne04,classification,train,levle1_550,1,processed/acne_classification/images/train/class_1/levle1_550.jpg,,raw/acne_1024/all_1024/levle1_550.jpg,
acne04,classification,train,levle1_551,1,processed/acne_classification/images/train/class_1/levle1_551.jpg,,raw/acne_1024/all_1024/levle1_551.jpg,
acne04,classification,test,levle1_552,1,processed/acne_classification/images/test/class_1/levle1_552.jpg,,raw/acne_1024/all_1024/levle1_552.jpg,
acne04,classification,val,levle1_553,1,processed/acne_classification/images/val/class_1/levle1_553.jpg,,raw/acne_1024/all_1024/levle1_553.jpg,
acne04,classification,val,levle1_554,1,processed/acne_classification/images/val/class_1/levle1_554.jpg,,raw/acne_1024/all_1024/levle1_554.jpg,
acne04,classification,val,levle1_555,1,processed/acne_classification/images/val/class_1/levle1_555.jpg,,raw/acne_1024/all_1024/levle1_555.jpg,
acne04,classification,train,levle1_556,1,processed/acne_classification/images/train/class_1/levle1_556.jpg,,raw/acne_1024/all_1024/levle1_556.jpg,
acne04,classification,train,levle1_557,1,processed/acne_classification/images/train/class_1/levle1_557.jpg,,raw/acne_1024/all_1024/levle1_557.jpg,
acne04,classification,val,levle1_558,1,processed/acne_classification/images/val/class_1/levle1_558.jpg,,raw/acne_1024/all_1024/levle1_558.jpg,
acne04,classification,train,levle1_559,1,processed/acne_classification/images/train/class_1/levle1_559.jpg,,raw/acne_1024/all_1024/levle1_559.jpg,
acne04,classification,val,levle1_56,1,processed/acne_classification/images/val/class_1/levle1_56.jpg,,raw/acne_1024/all_1024/levle1_56.jpg,
acne04,classification,train,levle1_560,1,processed/acne_classification/images/train/class_1/levle1_560.jpg,,raw/acne_1024/all_1024/levle1_560.jpg,
acne04,classification,train,levle1_561,1,processed/acne_classification/images/train/class_1/levle1_561.jpg,,raw/acne_1024/all_1024/levle1_561.jpg,
acne04,classification,train,levle1_562,1,processed/acne_classification/images/train/class_1/levle1_562.jpg,,raw/acne_1024/all_1024/levle1_562.jpg,
acne04,classification,train,levle1_563,1,processed/acne_classification/images/train/class_1/levle1_563.jpg,,raw/acne_1024/all_1024/levle1_563.jpg,
acne04,classification,train,levle1_564,1,processed/acne_classification/images/train/class_1/levle1_564.jpg,,raw/acne_1024/all_1024/levle1_564.jpg,
acne04,classification,val,levle1_565,1,processed/acne_classification/images/val/class_1/levle1_565.jpg,,raw/acne_1024/all_1024/levle1_565.jpg,
acne04,classification,train,levle1_566,1,processed/acne_classification/images/train/class_1/levle1_566.jpg,,raw/acne_1024/all_1024/levle1_566.jpg,
acne04,classification,train,levle1_567,1,processed/acne_classification/images/train/class_1/levle1_567.jpg,,raw/acne_1024/all_1024/levle1_567.jpg,
acne04,classification,train,levle1_568,1,processed/acne_classification/images/train/class_1/levle1_568.jpg,,raw/acne_1024/all_1024/levle1_568.jpg,
acne04,classification,train,levle1_569,1,processed/acne_classification/images/train/class_1/levle1_569.jpg,,raw/acne_1024/all_1024/levle1_569.jpg,
acne04,classification,val,levle1_57,1,processed/acne_classification/images/val/class_1/levle1_57.jpg,,raw/acne_1024/all_1024/levle1_57.jpg,
acne04,classification,test,levle1_570,1,processed/acne_classification/images/test/class_1/levle1_570.jpg,,raw/acne_1024/all_1024/levle1_570.jpg,
acne04,classification,train,levle1_571,1,processed/acne_classification/images/train/class_1/levle1_571.jpg,,raw/acne_1024/all_1024/levle1_571.jpg,
acne04,classification,train,levle1_572,1,processed/acne_classification/images/train/class_1/levle1_572.jpg,,raw/acne_1024/all_1024/levle1_572.jpg,
acne04,classification,train,levle1_573,1,processed/acne_classification/images/train/class_1/levle1_573.jpg,,raw/acne_1024/all_1024/levle1_573.jpg,
acne04,classification,train,levle1_574,1,processed/acne_classification/images/train/class_1/levle1_574.jpg,,raw/acne_1024/all_1024/levle1_574.jpg,
acne04,classification,train,levle1_575,1,processed/acne_classification/images/train/class_1/levle1_575.jpg,,raw/acne_1024/all_1024/levle1_575.jpg,
acne04,classification,train,levle1_576,1,processed/acne_classification/images/train/class_1/levle1_576.jpg,,raw/acne_1024/all_1024/levle1_576.jpg,
acne04,classification,val,levle1_577,1,processed/acne_classification/images/val/class_1/levle1_577.jpg,,raw/acne_1024/all_1024/levle1_577.jpg,
acne04,classification,train,levle1_578,1,processed/acne_classification/images/train/class_1/levle1_578.jpg,,raw/acne_1024/all_1024/levle1_578.jpg,
acne04,classification,train,levle1_579,1,processed/acne_classification/images/train/class_1/levle1_579.jpg,,raw/acne_1024/all_1024/levle1_579.jpg,
acne04,classification,train,levle1_58,1,processed/acne_classification/images/train/class_1/levle1_58.jpg,,raw/acne_1024/all_1024/levle1_58.jpg,
acne04,classification,train,levle1_580,1,processed/acne_classification/images/train/class_1/levle1_580.jpg,,raw/acne_1024/all_1024/levle1_580.jpg,
acne04,classification,train,levle1_581,1,processed/acne_classification/images/train/class_1/levle1_581.jpg,,raw/acne_1024/all_1024/levle1_581.jpg,
acne04,classification,val,levle1_582,1,processed/acne_classification/images/val/class_1/levle1_582.jpg,,raw/acne_1024/all_1024/levle1_582.jpg,
acne04,classification,train,levle1_583,1,processed/acne_classification/images/train/class_1/levle1_583.jpg,,raw/acne_1024/all_1024/levle1_583.jpg,
acne04,classification,train,levle1_584,1,processed/acne_classification/images/train/class_1/levle1_584.jpg,,raw/acne_1024/all_1024/levle1_584.jpg,
acne04,classification,train,levle1_585,1,processed/acne_classification/images/train/class_1/levle1_585.jpg,,raw/acne_1024/all_1024/levle1_585.jpg,
acne04,classification,train,levle1_586,1,processed/acne_classification/images/train/class_1/levle1_586.jpg,,raw/acne_1024/all_1024/levle1_586.jpg,
acne04,classification,train,levle1_587,1,processed/acne_classification/images/train/class_1/levle1_587.jpg,,raw/acne_1024/all_1024/levle1_587.jpg,
acne04,classification,test,levle1_588,1,processed/acne_classification/images/test/class_1/levle1_588.jpg,,raw/acne_1024/all_1024/levle1_588.jpg,
acne04,classification,train,levle1_589,1,processed/acne_classification/images/train/class_1/levle1_589.jpg,,raw/acne_1024/all_1024/levle1_589.jpg,
acne04,classification,val,levle1_59,1,processed/acne_classification/images/val/class_1/levle1_59.jpg,,raw/acne_1024/all_1024/levle1_59.jpg,
acne04,classification,train,levle1_590,1,processed/acne_classification/images/train/class_1/levle1_590.jpg,,raw/acne_1024/all_1024/levle1_590.jpg,
acne04,classification,train,levle1_591,1,processed/acne_classification/images/train/class_1/levle1_591.jpg,,raw/acne_1024/all_1024/levle1_591.jpg,
acne04,classification,train,levle1_592,1,processed/acne_classification/images/train/class_1/levle1_592.jpg,,raw/acne_1024/all_1024/levle1_592.jpg,
acne04,classification,train,levle1_593,1,processed/acne_classification/images/train/class_1/levle1_593.jpg,,raw/acne_1024/all_1024/levle1_593.jpg,
acne04,classification,train,levle1_594,1,processed/acne_classification/images/train/class_1/levle1_594.jpg,,raw/acne_1024/all_1024/levle1_594.jpg,
acne04,classification,train,levle1_595,1,processed/acne_classification/images/train/class_1/levle1_595.jpg,,raw/acne_1024/all_1024/levle1_595.jpg,
acne04,classification,train,levle1_596,1,processed/acne_classification/images/train/class_1/levle1_596.jpg,,raw/acne_1024/all_1024/levle1_596.jpg,
acne04,classification,train,levle1_597,1,processed/acne_classification/images/train/class_1/levle1_597.jpg,,raw/acne_1024/all_1024/levle1_597.jpg,
acne04,classification,train,levle1_598,1,processed/acne_classification/images/train/class_1/levle1_598.jpg,,raw/acne_1024/all_1024/levle1_598.jpg,
acne04,classification,train,levle1_599,1,processed/acne_classification/images/train/class_1/levle1_599.jpg,,raw/acne_1024/all_1024/levle1_599.jpg,
acne04,classification,val,levle1_60,1,processed/acne_classification/images/val/class_1/levle1_60.jpg,,raw/acne_1024/all_1024/levle1_60.jpg,
acne04,classification,train,levle1_600,1,processed/acne_classification/images/train/class_1/levle1_600.jpg,,raw/acne_1024/all_1024/levle1_600.jpg,
acne04,classification,test,levle1_601,1,processed/acne_classification/images/test/class_1/levle1_601.jpg,,raw/acne_1024/all_1024/levle1_601.jpg,
acne04,classification,val,levle1_603,1,processed/acne_classification/images/val/class_1/levle1_603.jpg,,raw/acne_1024/all_1024/levle1_603.jpg,
acne04,classification,train,levle1_604,1,processed/acne_classification/images/train/class_1/levle1_604.jpg,,raw/acne_1024/all_1024/levle1_604.jpg,
acne04,classification,train,levle1_605,1,processed/acne_classification/images/train/class_1/levle1_605.jpg,,raw/acne_1024/all_1024/levle1_605.jpg,
acne04,classification,train,levle1_606,1,processed/acne_classification/images/train/class_1/levle1_606.jpg,,raw/acne_1024/all_1024/levle1_606.jpg,
acne04,classification,train,levle1_607,1,processed/acne_classification/images/train/class_1/levle1_607.jpg,,raw/acne_1024/all_1024/levle1_607.jpg,
acne04,classification,train,levle1_608,1,processed/acne_classification/images/train/class_1/levle1_608.jpg,,raw/acne_1024/all_1024/levle1_608.jpg,
acne04,classification,train,levle1_609,1,processed/acne_classification/images/train/class_1/levle1_609.jpg,,raw/acne_1024/all_1024/levle1_609.jpg,
acne04,classification,train,levle1_61,1,processed/acne_classification/images/train/class_1/levle1_61.jpg,,raw/acne_1024/all_1024/levle1_61.jpg,
acne04,classification,val,levle1_610,1,processed/acne_classification/images/val/class_1/levle1_610.jpg,,raw/acne_1024/all_1024/levle1_610.jpg,
acne04,classification,train,levle1_611,1,processed/acne_classification/images/train/class_1/levle1_611.jpg,,raw/acne_1024/all_1024/levle1_611.jpg,
acne04,classification,val,levle1_612,1,processed/acne_classification/images/val/class_1/levle1_612.jpg,,raw/acne_1024/all_1024/levle1_612.jpg,
acne04,classification,train,levle1_613,1,processed/acne_classification/images/train/class_1/levle1_613.jpg,,raw/acne_1024/all_1024/levle1_613.jpg,
acne04,classification,train,levle1_614,1,processed/acne_classification/images/train/class_1/levle1_614.jpg,,raw/acne_1024/all_1024/levle1_614.jpg,
acne04,classification,train,levle1_615,1,processed/acne_classification/images/train/class_1/levle1_615.jpg,,raw/acne_1024/all_1024/levle1_615.jpg,
acne04,classification,train,levle1_616,1,processed/acne_classification/images/train/class_1/levle1_616.jpg,,raw/acne_1024/all_1024/levle1_616.jpg,
acne04,classification,val,levle1_617,1,processed/acne_classification/images/val/class_1/levle1_617.jpg,,raw/acne_1024/all_1024/levle1_617.jpg,
acne04,classification,val,levle1_618,1,processed/acne_classification/images/val/class_1/levle1_618.jpg,,raw/acne_1024/all_1024/levle1_618.jpg,
acne04,classification,val,levle1_619,1,processed/acne_classification/images/val/class_1/levle1_619.jpg,,raw/acne_1024/all_1024/levle1_619.jpg,
acne04,classification,train,levle1_62,1,processed/acne_classification/images/train/class_1/levle1_62.jpg,,raw/acne_1024/all_1024/levle1_62.jpg,
acne04,classification,val,levle1_620,1,processed/acne_classification/images/val/class_1/levle1_620.jpg,,raw/acne_1024/all_1024/levle1_620.jpg,
acne04,classification,train,levle1_621,1,processed/acne_classification/images/train/class_1/levle1_621.jpg,,raw/acne_1024/all_1024/levle1_621.jpg,
acne04,classification,test,levle1_622,1,processed/acne_classification/images/test/class_1/levle1_622.jpg,,raw/acne_1024/all_1024/levle1_622.jpg,
acne04,classification,train,levle1_623,1,processed/acne_classification/images/train/class_1/levle1_623.jpg,,raw/acne_1024/all_1024/levle1_623.jpg,
acne04,classification,train,levle1_624,1,processed/acne_classification/images/train/class_1/levle1_624.jpg,,raw/acne_1024/all_1024/levle1_624.jpg,
acne04,classification,train,levle1_625,1,processed/acne_classification/images/train/class_1/levle1_625.jpg,,raw/acne_1024/all_1024/levle1_625.jpg,
acne04,classification,train,levle1_626,1,processed/acne_classification/images/train/class_1/levle1_626.jpg,,raw/acne_1024/all_1024/levle1_626.jpg,
acne04,classification,train,levle1_627,1,processed/acne_classification/images/train/class_1/levle1_627.jpg,,raw/acne_1024/all_1024/levle1_627.jpg,
acne04,classification,train,levle1_628,1,processed/acne_classification/images/train/class_1/levle1_628.jpg,,raw/acne_1024/all_1024/levle1_628.jpg,
acne04,classification,train,levle1_629,1,processed/acne_classification/images/train/class_1/levle1_629.jpg,,raw/acne_1024/all_1024/levle1_629.jpg,
acne04,classification,train,levle1_63,1,processed/acne_classification/images/train/class_1/levle1_63.jpg,,raw/acne_1024/all_1024/levle1_63.jpg,
acne04,classification,train,levle1_630,1,processed/acne_classification/images/train/class_1/levle1_630.jpg,,raw/acne_1024/all_1024/levle1_630.jpg,
acne04,classification,train,levle1_631,1,processed/acne_classification/images/train/class_1/levle1_631.jpg,,raw/acne_1024/all_1024/levle1_631.jpg,
acne04,classification,test,levle1_632,1,processed/acne_classification/images/test/class_1/levle1_632.jpg,,raw/acne_1024/all_1024/levle1_632.jpg,
acne04,classification,train,levle1_633,1,processed/acne_classification/images/train/class_1/levle1_633.jpg,,raw/acne_1024/all_1024/levle1_633.jpg,
acne04,classification,train,levle1_634,1,processed/acne_classification/images/train/class_1/levle1_634.jpg,,raw/acne_1024/all_1024/levle1_634.jpg,
acne04,classification,val,levle1_635,1,processed/acne_classification/images/val/class_1/levle1_635.jpg,,raw/acne_1024/all_1024/levle1_635.jpg,
acne04,classification,train,levle1_636,1,processed/acne_classification/images/train/class_1/levle1_636.jpg,,raw/acne_1024/all_1024/levle1_636.jpg,
acne04,classification,val,levle1_637,1,processed/acne_classification/images/val/class_1/levle1_637.jpg,,raw/acne_1024/all_1024/levle1_637.jpg,
acne04,classification,val,levle1_638,1,processed/acne_classification/images/val/class_1/levle1_638.jpg,,raw/acne_1024/all_1024/levle1_638.jpg,
acne04,classification,train,levle1_639,1,processed/acne_classification/images/train/class_1/levle1_639.jpg,,raw/acne_1024/all_1024/levle1_639.jpg,
acne04,classification,train,levle1_64,1,processed/acne_classification/images/train/class_1/levle1_64.jpg,,raw/acne_1024/all_1024/levle1_64.jpg,
acne04,classification,train,levle1_640,1,processed/acne_classification/images/train/class_1/levle1_640.jpg,,raw/acne_1024/all_1024/levle1_640.jpg,
acne04,classification,train,levle1_641,1,processed/acne_classification/images/train/class_1/levle1_641.jpg,,raw/acne_1024/all_1024/levle1_641.jpg,
acne04,classification,train,levle1_65,1,processed/acne_classification/images/train/class_1/levle1_65.jpg,,raw/acne_1024/all_1024/levle1_65.jpg,
acne04,classification,test,levle1_66,1,processed/acne_classification/images/test/class_1/levle1_66.jpg,,raw/acne_1024/all_1024/levle1_66.jpg,
acne04,classification,train,levle1_67,1,processed/acne_classification/images/train/class_1/levle1_67.jpg,,raw/acne_1024/all_1024/levle1_67.jpg,
acne04,classification,val,levle1_68,1,processed/acne_classification/images/val/class_1/levle1_68.jpg,,raw/acne_1024/all_1024/levle1_68.jpg,
acne04,classification,train,levle1_69,1,processed/acne_classification/images/train/class_1/levle1_69.jpg,,raw/acne_1024/all_1024/levle1_69.jpg,
acne04,classification,train,levle1_7,1,processed/acne_classification/images/train/class_1/levle1_7.jpg,,raw/acne_1024/all_1024/levle1_7.jpg,
acne04,classification,train,levle1_70,1,processed/acne_classification/images/train/class_1/levle1_70.jpg,,raw/acne_1024/all_1024/levle1_70.jpg,
acne04,classification,val,levle1_71,1,processed/acne_classification/images/val/class_1/levle1_71.jpg,,raw/acne_1024/all_1024/levle1_71.jpg,
acne04,classification,train,levle1_72,1,processed/acne_classification/images/train/class_1/levle1_72.jpg,,raw/acne_1024/all_1024/levle1_72.jpg,
acne04,classification,train,levle1_74,1,processed/acne_classification/images/train/class_1/levle1_74.jpg,,raw/acne_1024/all_1024/levle1_74.jpg,
acne04,classification,train,levle1_75,1,processed/acne_classification/images/train/class_1/levle1_75.jpg,,raw/acne_1024/all_1024/levle1_75.jpg,
acne04,classification,val,levle1_76,1,processed/acne_classification/images/val/class_1/levle1_76.jpg,,raw/acne_1024/all_1024/levle1_76.jpg,
acne04,classification,test,levle1_77,1,processed/acne_classification/images/test/class_1/levle1_77.jpg,,raw/acne_1024/all_1024/levle1_77.jpg,
acne04,classification,train,levle1_78,1,processed/acne_classification/images/train/class_1/levle1_78.jpg,,raw/acne_1024/all_1024/levle1_78.jpg,
acne04,classification,test,levle1_79,1,processed/acne_classification/images/test/class_1/levle1_79.jpg,,raw/acne_1024/all_1024/levle1_79.jpg,
acne04,classification,train,levle1_8,1,processed/acne_classification/images/train/class_1/levle1_8.jpg,,raw/acne_1024/all_1024/levle1_8.jpg,
acne04,classification,train,levle1_80,1,processed/acne_classification/images/train/class_1/levle1_80.jpg,,raw/acne_1024/all_1024/levle1_80.jpg,
acne04,classification,val,levle1_81,1,processed/acne_classification/images/val/class_1/levle1_81.jpg,,raw/acne_1024/all_1024/levle1_81.jpg,
acne04,classification,train,levle1_82,1,processed/acne_classification/images/train/class_1/levle1_82.jpg,,raw/acne_1024/all_1024/levle1_82.jpg,
acne04,classification,train,levle1_83,1,processed/acne_classification/images/train/class_1/levle1_83.jpg,,raw/acne_1024/all_1024/levle1_83.jpg,
acne04,classification,test,levle1_84,1,processed/acne_classification/images/test/class_1/levle1_84.jpg,,raw/acne_1024/all_1024/levle1_84.jpg,
acne04,classification,val,levle1_85,1,processed/acne_classification/images/val/class_1/levle1_85.jpg,,raw/acne_1024/all_1024/levle1_85.jpg,
acne04,classification,train,levle1_87,1,processed/acne_classification/images/train/class_1/levle1_87.jpg,,raw/acne_1024/all_1024/levle1_87.jpg,
acne04,classification,train,levle1_88,1,processed/acne_classification/images/train/class_1/levle1_88.jpg,,raw/acne_1024/all_1024/levle1_88.jpg,
acne04,classification,train,levle1_89,1,processed/acne_classification/images/train/class_1/levle1_89.jpg,,raw/acne_1024/all_1024/levle1_89.jpg,
acne04,classification,train,levle1_9,1,processed/acne_classification/images/train/class_1/levle1_9.jpg,,raw/acne_1024/all_1024/levle1_9.jpg,
acne04,classification,val,levle1_90,1,processed/acne_classification/images/val/class_1/levle1_90.jpg,,raw/acne_1024/all_1024/levle1_90.jpg,
acne04,classification,train,levle1_91,1,processed/acne_classification/images/train/class_1/levle1_91.jpg,,raw/acne_1024/all_1024/levle1_91.jpg,
acne04,classification,train,levle1_92,1,processed/acne_classification/images/train/class_1/levle1_92.jpg,,raw/acne_1024/all_1024/levle1_92.jpg,
acne04,classification,train,levle1_93,1,processed/acne_classification/images/train/class_1/levle1_93.jpg,,raw/acne_1024/all_1024/levle1_93.jpg,
acne04,classification,val,levle1_94,1,processed/acne_classification/images/val/class_1/levle1_94.jpg,,raw/acne_1024/all_1024/levle1_94.jpg,
acne04,classification,test,levle1_95,1,processed/acne_classification/images/test/class_1/levle1_95.jpg,,raw/acne_1024/all_1024/levle1_95.jpg,
acne04,classification,val,levle1_96,1,processed/acne_classification/images/val/class_1/levle1_96.jpg,,raw/acne_1024/all_1024/levle1_96.jpg,
acne04,classification,train,levle1_97,1,processed/acne_classification/images/train/class_1/levle1_97.jpg,,raw/acne_1024/all_1024/levle1_97.jpg,
acne04,classification,train,levle1_98,1,processed/acne_classification/images/train/class_1/levle1_98.jpg,,raw/acne_1024/all_1024/levle1_98.jpg,
acne04,classification,train,levle1_99,1,processed/acne_classification/images/train/class_1/levle1_99.jpg,,raw/acne_1024/all_1024/levle1_99.jpg,
acne04,classification,test,levle2_1,2,processed/acne_classification/images/test/class_2/levle2_1.jpg,,raw/acne_1024/all_1024/levle2_1.jpg,
acne04,classification,train,levle2_100,2,processed/acne_classification/images/train/class_2/levle2_100.jpg,,raw/acne_1024/all_1024/levle2_100.jpg,
acne04,classification,test,levle2_101,2,processed/acne_classification/images/test/class_2/levle2_101.jpg,,raw/acne_1024/all_1024/levle2_101.jpg,
acne04,classification,train,levle2_102,2,processed/acne_classification/images/train/class_2/levle2_102.jpg,,raw/acne_1024/all_1024/levle2_102.jpg,
acne04,classification,test,levle2_105,2,processed/acne_classification/images/test/class_2/levle2_105.jpg,,raw/acne_1024/all_1024/levle2_105.jpg,
acne04,classification,train,levle2_106,2,processed/acne_classification/images/train/class_2/levle2_106.jpg,,raw/acne_1024/all_1024/levle2_106.jpg,
acne04,classification,val,levle2_107,2,processed/acne_classification/images/val/class_2/levle2_107.jpg,,raw/acne_1024/all_1024/levle2_107.jpg,
acne04,classification,train,levle2_108,2,processed/acne_classification/images/train/class_2/levle2_108.jpg,,raw/acne_1024/all_1024/levle2_108.jpg,
acne04,classification,val,levle2_109,2,processed/acne_classification/images/val/class_2/levle2_109.jpg,,raw/acne_1024/all_1024/levle2_109.jpg,
acne04,classification,train,levle2_11,2,processed/acne_classification/images/train/class_2/levle2_11.jpg,,raw/acne_1024/all_1024/levle2_11.jpg,
acne04,classification,train,levle2_110,2,processed/acne_classification/images/train/class_2/levle2_110.jpg,,raw/acne_1024/all_1024/levle2_110.jpg,
acne04,classification,test,levle2_111,2,processed/acne_classification/images/test/class_2/levle2_111.jpg,,raw/acne_1024/all_1024/levle2_111.jpg,
acne04,classification,val,levle2_112,2,processed/acne_classification/images/val/class_2/levle2_112.jpg,,raw/acne_1024/all_1024/levle2_112.jpg,
acne04,classification,train,levle2_113,2,processed/acne_classification/images/train/class_2/levle2_113.jpg,,raw/acne_1024/all_1024/levle2_113.jpg,
acne04,classification,train,levle2_114,2,processed/acne_classification/images/train/class_2/levle2_114.jpg,,raw/acne_1024/all_1024/levle2_114.jpg,
acne04,classification,train,levle2_115,2,processed/acne_classification/images/train/class_2/levle2_115.jpg,,raw/acne_1024/all_1024/levle2_115.jpg,
acne04,classification,train,levle2_117,2,processed/acne_classification/images/train/class_2/levle2_117.jpg,,raw/acne_1024/all_1024/levle2_117.jpg,
acne04,classification,test,levle2_118,2,processed/acne_classification/images/test/class_2/levle2_118.jpg,,raw/acne_1024/all_1024/levle2_118.jpg,
acne04,classification,train,levle2_119,2,processed/acne_classification/images/train/class_2/levle2_119.jpg,,raw/acne_1024/all_1024/levle2_119.jpg,
acne04,classification,val,levle2_12,2,processed/acne_classification/images/val/class_2/levle2_12.jpg,,raw/acne_1024/all_1024/levle2_12.jpg,
acne04,classification,train,levle2_120,2,processed/acne_classification/images/train/class_2/levle2_120.jpg,,raw/acne_1024/all_1024/levle2_120.jpg,
acne04,classification,val,levle2_121,2,processed/acne_classification/images/val/class_2/levle2_121.jpg,,raw/acne_1024/all_1024/levle2_121.jpg,
acne04,classification,train,levle2_122,2,processed/acne_classification/images/train/class_2/levle2_122.jpg,,raw/acne_1024/all_1024/levle2_122.jpg,
acne04,classification,val,levle2_123,2,processed/acne_classification/images/val/class_2/levle2_123.jpg,,raw/acne_1024/all_1024/levle2_123.jpg,
acne04,classification,train,levle2_124,2,processed/acne_classification/images/train/class_2/levle2_124.jpg,,raw/acne_1024/all_1024/levle2_124.jpg,
acne04,classification,test,levle2_125,2,processed/acne_classification/images/test/class_2/levle2_125.jpg,,raw/acne_1024/all_1024/levle2_125.jpg,
acne04,classification,train,levle2_126,2,processed/acne_classification/images/train/class_2/levle2_126.jpg,,raw/acne_1024/all_1024/levle2_126.jpg,
acne04,classification,val,levle2_127,2,processed/acne_classification/images/val/class_2/levle2_127.jpg,,raw/acne_1024/all_1024/levle2_127.jpg,
acne04,classification,train,levle2_128,2,processed/acne_classification/images/train/class_2/levle2_128.jpg,,raw/acne_1024/all_1024/levle2_128.jpg,
acne04,classification,train,levle2_129,2,processed/acne_classification/images/train/class_2/levle2_129.jpg,,raw/acne_1024/all_1024/levle2_129.jpg,
acne04,classification,train,levle2_13,2,processed/acne_classification/images/train/class_2/levle2_13.jpg,,raw/acne_1024/all_1024/levle2_13.jpg,
acne04,classification,test,levle2_130,2,processed/acne_classification/images/test/class_2/levle2_130.jpg,,raw/acne_1024/all_1024/levle2_130.jpg,
acne04,classification,train,levle2_131,2,processed/acne_classification/images/train/class_2/levle2_131.jpg,,raw/acne_1024/all_1024/levle2_131.jpg,
acne04,classification,train,levle2_132,2,processed/acne_classification/images/train/class_2/levle2_132.jpg,,raw/acne_1024/all_1024/levle2_132.jpg,
acne04,classification,val,levle2_134,2,processed/acne_classification/images/val/class_2/levle2_134.jpg,,raw/acne_1024/all_1024/levle2_134.jpg,
acne04,classification,train,levle2_135,2,processed/acne_classification/images/train/class_2/levle2_135.jpg,,raw/acne_1024/all_1024/levle2_135.jpg,
acne04,classification,train,levle2_136,2,processed/acne_classification/images/train/class_2/levle2_136.jpg,,raw/acne_1024/all_1024/levle2_136.jpg,
acne04,classification,train,levle2_137,2,processed/acne_classification/images/train/class_2/levle2_137.jpg,,raw/acne_1024/all_1024/levle2_137.jpg,
acne04,classification,val,levle2_138,2,processed/acne_classification/images/val/class_2/levle2_138.jpg,,raw/acne_1024/all_1024/levle2_138.jpg,
acne04,classification,val,levle2_139,2,processed/acne_classification/images/val/class_2/levle2_139.jpg,,raw/acne_1024/all_1024/levle2_139.jpg,
acne04,classification,train,levle2_14,2,processed/acne_classification/images/train/class_2/levle2_14.jpg,,raw/acne_1024/all_1024/levle2_14.jpg,
acne04,classification,val,levle2_140,2,processed/acne_classification/images/val/class_2/levle2_140.jpg,,raw/acne_1024/all_1024/levle2_140.jpg,
acne04,classification,train,levle2_141,2,processed/acne_classification/images/train/class_2/levle2_141.jpg,,raw/acne_1024/all_1024/levle2_141.jpg,
acne04,classification,train,levle2_142,2,processed/acne_classification/images/train/class_2/levle2_142.jpg,,raw/acne_1024/all_1024/levle2_142.jpg,
acne04,classification,train,levle2_143,2,processed/acne_classification/images/train/class_2/levle2_143.jpg,,raw/acne_1024/all_1024/levle2_143.jpg,
acne04,classification,val,levle2_144,2,processed/acne_classification/images/val/class_2/levle2_144.jpg,,raw/acne_1024/all_1024/levle2_144.jpg,
acne04,classification,train,levle2_145,2,processed/acne_classification/images/train/class_2/levle2_145.jpg,,raw/acne_1024/all_1024/levle2_145.jpg,
acne04,classification,train,levle2_146,2,processed/acne_classification/images/train/class_2/levle2_146.jpg,,raw/acne_1024/all_1024/levle2_146.jpg,
acne04,classification,train,levle2_147,2,processed/acne_classification/images/train/class_2/levle2_147.jpg,,raw/acne_1024/all_1024/levle2_147.jpg,
acne04,classification,val,levle2_148,2,processed/acne_classification/images/val/class_2/levle2_148.jpg,,raw/acne_1024/all_1024/levle2_148.jpg,
acne04,classification,test,levle2_149,2,processed/acne_classification/images/test/class_2/levle2_149.jpg,,raw/acne_1024/all_1024/levle2_149.jpg,
acne04,classification,train,levle2_15,2,processed/acne_classification/images/train/class_2/levle2_15.jpg,,raw/acne_1024/all_1024/levle2_15.jpg,
acne04,classification,train,levle2_150,2,processed/acne_classification/images/train/class_2/levle2_150.jpg,,raw/acne_1024/all_1024/levle2_150.jpg,
acne04,classification,train,levle2_151,2,processed/acne_classification/images/train/class_2/levle2_151.jpg,,raw/acne_1024/all_1024/levle2_151.jpg,
acne04,classification,train,levle2_152,2,processed/acne_classification/images/train/class_2/levle2_152.jpg,,raw/acne_1024/all_1024/levle2_152.jpg,
acne04,classification,val,levle2_153,2,processed/acne_classification/images/val/class_2/levle2_153.jpg,,raw/acne_1024/all_1024/levle2_153.jpg,
acne04,classification,train,levle2_154,2,processed/acne_classification/images/train/class_2/levle2_154.jpg,,raw/acne_1024/all_1024/levle2_154.jpg,
acne04,classification,train,levle2_155,2,processed/acne_classification/images/train/class_2/levle2_155.jpg,,raw/acne_1024/all_1024/levle2_155.jpg,
acne04,classification,train,levle2_156,2,processed/acne_classification/images/train/class_2/levle2_156.jpg,,raw/acne_1024/all_1024/levle2_156.jpg,
acne04,classification,val,levle2_157,2,processed/acne_classification/images/val/class_2/levle2_157.jpg,,raw/acne_1024/all_1024/levle2_157.jpg,
acne04,classification,train,levle2_158,2,processed/acne_classification/images/train/class_2/levle2_158.jpg,,raw/acne_1024/all_1024/levle2_158.jpg,
acne04,classification,train,levle2_159,2,processed/acne_classification/images/train/class_2/levle2_159.jpg,,raw/acne_1024/all_1024/levle2_159.jpg,
acne04,classification,train,levle2_16,2,processed/acne_classification/images/train/class_2/levle2_16.jpg,,raw/acne_1024/all_1024/levle2_16.jpg,
acne04,classification,train,levle2_160,2,processed/acne_classification/images/train/class_2/levle2_160.jpg,,raw/acne_1024/all_1024/levle2_160.jpg,
acne04,classification,train,levle2_161,2,processed/acne_classification/images/train/class_2/levle2_161.jpg,,raw/acne_1024/all_1024/levle2_161.jpg,
acne04,classification,train,levle2_162,2,processed/acne_classification/images/train/class_2/levle2_162.jpg,,raw/acne_1024/all_1024/levle2_162.jpg,
acne04,classification,train,levle2_163,2,processed/acne_classification/images/train/class_2/levle2_163.jpg,,raw/acne_1024/all_1024/levle2_163.jpg,
acne04,classification,train,levle2_164,2,processed/acne_classification/images/train/class_2/levle2_164.jpg,,raw/acne_1024/all_1024/levle2_164.jpg,
acne04,classification,val,levle2_165,2,processed/acne_classification/images/val/class_2/levle2_165.jpg,,raw/acne_1024/all_1024/levle2_165.jpg,
acne04,classification,train,levle2_166,2,processed/acne_classification/images/train/class_2/levle2_166.jpg,,raw/acne_1024/all_1024/levle2_166.jpg,
acne04,classification,train,levle2_167,2,processed/acne_classification/images/train/class_2/levle2_167.jpg,,raw/acne_1024/all_1024/levle2_167.jpg,
acne04,classification,test,levle2_168,2,processed/acne_classification/images/test/class_2/levle2_168.jpg,,raw/acne_1024/all_1024/levle2_168.jpg,
acne04,classification,train,levle2_169,2,processed/acne_classification/images/train/class_2/levle2_169.jpg,,raw/acne_1024/all_1024/levle2_169.jpg,
acne04,classification,train,levle2_170,2,processed/acne_classification/images/train/class_2/levle2_170.jpg,,raw/acne_1024/all_1024/levle2_170.jpg,
acne04,classification,train,levle2_171,2,processed/acne_classification/images/train/class_2/levle2_171.jpg,,raw/acne_1024/all_1024/levle2_171.jpg,
acne04,classification,train,levle2_172,2,processed/acne_classification/images/train/class_2/levle2_172.jpg,,raw/acne_1024/all_1024/levle2_172.jpg,
acne04,classification,test,levle2_173,2,processed/acne_classification/images/test/class_2/levle2_173.jpg,,raw/acne_1024/all_1024/levle2_173.jpg,
acne04,classification,val,levle2_174,2,processed/acne_classification/images/val/class_2/levle2_174.jpg,,raw/acne_1024/all_1024/levle2_174.jpg,
acne04,classification,val,levle2_175,2,processed/acne_classification/images/val/class_2/levle2_175.jpg,,raw/acne_1024/all_1024/levle2_175.jpg,
acne04,classification,test,levle2_176,2,processed/acne_classification/images/test/class_2/levle2_176.jpg,,raw/acne_1024/all_1024/levle2_176.jpg,
acne04,classification,test,levle2_177,2,processed/acne_classification/images/test/class_2/levle2_177.jpg,,raw/acne_1024/all_1024/levle2_177.jpg,
acne04,classification,train,levle2_178,2,processed/acne_classification/images/train/class_2/levle2_178.jpg,,raw/acne_1024/all_1024/levle2_178.jpg,
acne04,classification,test,levle2_179,2,processed/acne_classification/images/test/class_2/levle2_179.jpg,,raw/acne_1024/all_1024/levle2_179.jpg,
acne04,classification,train,levle2_18,2,processed/acne_classification/images/train/class_2/levle2_18.jpg,,raw/acne_1024/all_1024/levle2_18.jpg,
acne04,classification,test,levle2_180,2,processed/acne_classification/images/test/class_2/levle2_180.jpg,,raw/acne_1024/all_1024/levle2_180.jpg,
acne04,classification,train,levle2_181,2,processed/acne_classification/images/train/class_2/levle2_181.jpg,,raw/acne_1024/all_1024/levle2_181.jpg,
acne04,classification,train,levle2_182,2,processed/acne_classification/images/train/class_2/levle2_182.jpg,,raw/acne_1024/all_1024/levle2_182.jpg,
acne04,classification,train,levle2_183,2,processed/acne_classification/images/train/class_2/levle2_183.jpg,,raw/acne_1024/all_1024/levle2_183.jpg,
acne04,classification,train,levle2_184,2,processed/acne_classification/images/train/class_2/levle2_184.jpg,,raw/acne_1024/all_1024/levle2_184.jpg,
acne04,classification,train,levle2_185,2,processed/acne_classification/images/train/class_2/levle2_185.jpg,,raw/acne_1024/all_1024/levle2_185.jpg,
acne04,classification,train,levle2_186,2,processed/acne_classification/images/train/class_2/levle2_186.jpg,,raw/acne_1024/all_1024/levle2_186.jpg,
acne04,classification,train,levle2_187,2,processed/acne_classification/images/train/class_2/levle2_187.jpg,,raw/acne_1024/all_1024/levle2_187.jpg,
acne04,classification,train,levle2_188,2,processed/acne_classification/images/train/class_2/levle2_188.jpg,,raw/acne_1024/all_1024/levle2_188.jpg,
acne04,classification,train,levle2_189,2,processed/acne_classification/images/train/class_2/levle2_189.jpg,,raw/acne_1024/all_1024/levle2_189.jpg,
acne04,classification,train,levle2_19,2,processed/acne_classification/images/train/class_2/levle2_19.jpg,,raw/acne_1024/all_1024/levle2_19.jpg,
acne04,classification,train,levle2_190,2,processed/acne_classification/images/train/class_2/levle2_190.jpg,,raw/acne_1024/all_1024/levle2_190.jpg,
acne04,classification,train,levle2_2,2,processed/acne_classification/images/train/class_2/levle2_2.jpg,,raw/acne_1024/all_1024/levle2_2.jpg,
acne04,classification,val,levle2_20,2,processed/acne_classification/images/val/class_2/levle2_20.jpg,,raw/acne_1024/all_1024/levle2_20.jpg,
acne04,classification,train,levle2_21,2,processed/acne_classification/images/train/class_2/levle2_21.jpg,,raw/acne_1024/all_1024/levle2_21.jpg,
acne04,classification,train,levle2_24,2,processed/acne_classification/images/train/class_2/levle2_24.jpg,,raw/acne_1024/all_1024/levle2_24.jpg,
acne04,classification,test,levle2_25,2,processed/acne_classification/images/test/class_2/levle2_25.jpg,,raw/acne_1024/all_1024/levle2_25.jpg,
acne04,classification,train,levle2_26,2,processed/acne_classification/images/train/class_2/levle2_26.jpg,,raw/acne_1024/all_1024/levle2_26.jpg,
acne04,classification,test,levle2_27,2,processed/acne_classification/images/test/class_2/levle2_27.jpg,,raw/acne_1024/all_1024/levle2_27.jpg,
acne04,classification,train,levle2_28,2,processed/acne_classification/images/train/class_2/levle2_28.jpg,,raw/acne_1024/all_1024/levle2_28.jpg,
acne04,classification,train,levle2_29,2,processed/acne_classification/images/train/class_2/levle2_29.jpg,,raw/acne_1024/all_1024/levle2_29.jpg,
acne04,classification,test,levle2_30,2,processed/acne_classification/images/test/class_2/levle2_30.jpg,,raw/acne_1024/all_1024/levle2_30.jpg,
acne04,classification,train,levle2_31,2,processed/acne_classification/images/train/class_2/levle2_31.jpg,,raw/acne_1024/all_1024/levle2_31.jpg,
acne04,classification,train,levle2_32,2,processed/acne_classification/images/train/class_2/levle2_32.jpg,,raw/acne_1024/all_1024/levle2_32.jpg,
acne04,classification,train,levle2_33,2,processed/acne_classification/images/train/class_2/levle2_33.jpg,,raw/acne_1024/all_1024/levle2_33.jpg,
acne04,classification,train,levle2_34,2,processed/acne_classification/images/train/class_2/levle2_34.jpg,,raw/acne_1024/all_1024/levle2_34.jpg,
acne04,classification,train,levle2_35,2,processed/acne_classification/images/train/class_2/levle2_35.jpg,,raw/acne_1024/all_1024/levle2_35.jpg,
acne04,classification,val,levle2_36,2,processed/acne_classification/images/val/class_2/levle2_36.jpg,,raw/acne_1024/all_1024/levle2_36.jpg,
acne04,classification,val,levle2_37,2,processed/acne_classification/images/val/class_2/levle2_37.jpg,,raw/acne_1024/all_1024/levle2_37.jpg,
acne04,classification,train,levle2_38,2,processed/acne_classification/images/train/class_2/levle2_38.jpg,,raw/acne_1024/all_1024/levle2_38.jpg,
acne04,classification,val,levle2_39,2,processed/acne_classification/images/val/class_2/levle2_39.jpg,,raw/acne_1024/all_1024/levle2_39.jpg,
acne04,classification,train,levle2_40,2,processed/acne_classification/images/train/class_2/levle2_40.jpg,,raw/acne_1024/all_1024/levle2_40.jpg,
acne04,classification,test,levle2_41,2,processed/acne_classification/images/test/class_2/levle2_41.jpg,,raw/acne_1024/all_1024/levle2_41.jpg,
acne04,classification,train,levle2_42,2,processed/acne_classification/images/train/class_2/levle2_42.jpg,,raw/acne_1024/all_1024/levle2_42.jpg,
acne04,classification,train,levle2_43,2,processed/acne_classification/images/train/class_2/levle2_43.jpg,,raw/acne_1024/all_1024/levle2_43.jpg,
acne04,classification,train,levle2_44,2,processed/acne_classification/images/train/class_2/levle2_44.jpg,,raw/acne_1024/all_1024/levle2_44.jpg,
acne04,classification,train,levle2_45,2,processed/acne_classification/images/train/class_2/levle2_45.jpg,,raw/acne_1024/all_1024/levle2_45.jpg,
acne04,classification,train,levle2_46,2,processed/acne_classification/images/train/class_2/levle2_46.jpg,,raw/acne_1024/all_1024/levle2_46.jpg,
acne04,classification,train,levle2_47,2,processed/acne_classification/images/train/class_2/levle2_47.jpg,,raw/acne_1024/all_1024/levle2_47.jpg,
acne04,classification,train,levle2_48,2,processed/acne_classification/images/train/class_2/levle2_48.jpg,,raw/acne_1024/all_1024/levle2_48.jpg,
acne04,classification,train,levle2_49,2,processed/acne_classification/images/train/class_2/levle2_49.jpg,,raw/acne_1024/all_1024/levle2_49.jpg,
acne04,classification,train,levle2_50,2,processed/acne_classification/images/train/class_2/levle2_50.jpg,,raw/acne_1024/all_1024/levle2_50.jpg,
acne04,classification,train,levle2_51,2,processed/acne_classification/images/train/class_2/levle2_51.jpg,,raw/acne_1024/all_1024/levle2_51.jpg,
acne04,classification,val,levle2_52,2,processed/acne_classification/images/val/class_2/levle2_52.jpg,,raw/acne_1024/all_1024/levle2_52.jpg,
acne04,classification,train,levle2_53,2,processed/acne_classification/images/train/class_2/levle2_53.jpg,,raw/acne_1024/all_1024/levle2_53.jpg,
acne04,classification,train,levle2_54,2,processed/acne_classification/images/train/class_2/levle2_54.jpg,,raw/acne_1024/all_1024/levle2_54.jpg,
acne04,classification,train,levle2_55,2,processed/acne_classification/images/train/class_2/levle2_55.jpg,,raw/acne_1024/all_1024/levle2_55.jpg,
acne04,classification,train,levle2_56,2,processed/acne_classification/images/train/class_2/levle2_56.jpg,,raw/acne_1024/all_1024/levle2_56.jpg,
acne04,classification,train,levle2_57,2,processed/acne_classification/images/train/class_2/levle2_57.jpg,,raw/acne_1024/all_1024/levle2_57.jpg,
acne04,classification,train,levle2_58,2,processed/acne_classification/images/train/class_2/levle2_58.jpg,,raw/acne_1024/all_1024/levle2_58.jpg,
acne04,classification,train,levle2_59,2,processed/acne_classification/images/train/class_2/levle2_59.jpg,,raw/acne_1024/all_1024/levle2_59.jpg,
acne04,classification,train,levle2_6,2,processed/acne_classification/images/train/class_2/levle2_6.jpg,,raw/acne_1024/all_1024/levle2_6.jpg,
acne04,classification,train,levle2_60,2,processed/acne_classification/images/train/class_2/levle2_60.jpg,,raw/acne_1024/all_1024/levle2_60.jpg,
acne04,classification,train,levle2_61,2,processed/acne_classification/images/train/class_2/levle2_61.jpg,,raw/acne_1024/all_1024/levle2_61.jpg,
acne04,classification,test,levle2_62,2,processed/acne_classification/images/test/class_2/levle2_62.jpg,,raw/acne_1024/all_1024/levle2_62.jpg,
acne04,classification,train,levle2_63,2,processed/acne_classification/images/train/class_2/levle2_63.jpg,,raw/acne_1024/all_1024/levle2_63.jpg,
acne04,classification,train,levle2_64,2,processed/acne_classification/images/train/class_2/levle2_64.jpg,,raw/acne_1024/all_1024/levle2_64.jpg,
acne04,classification,train,levle2_65,2,processed/acne_classification/images/train/class_2/levle2_65.jpg,,raw/acne_1024/all_1024/levle2_65.jpg,
acne04,classification,train,levle2_66,2,processed/acne_classification/images/train/class_2/levle2_66.jpg,,raw/acne_1024/all_1024/levle2_66.jpg,
acne04,classification,test,levle2_67,2,processed/acne_classification/images/test/class_2/levle2_67.jpg,,raw/acne_1024/all_1024/levle2_67.jpg,
acne04,classification,train,levle2_68,2,processed/acne_classification/images/train/class_2/levle2_68.jpg,,raw/acne_1024/all_1024/levle2_68.jpg,
acne04,classification,train,levle2_69,2,processed/acne_classification/images/train/class_2/levle2_69.jpg,,raw/acne_1024/all_1024/levle2_69.jpg,
acne04,classification,train,levle2_7,2,processed/acne_classification/images/train/class_2/levle2_7.jpg,,raw/acne_1024/all_1024/levle2_7.jpg,
acne04,classification,train,levle2_70,2,processed/acne_classification/images/train/class_2/levle2_70.jpg,,raw/acne_1024/all_1024/levle2_70.jpg,
acne04,classification,val,levle2_71,2,processed/acne_classification/images/val/class_2/levle2_71.jpg,,raw/acne_1024/all_1024/levle2_71.jpg,
acne04,classification,train,levle2_72,2,processed/acne_classification/images/train/class_2/levle2_72.jpg,,raw/acne_1024/all_1024/levle2_72.jpg,
acne04,classification,train,levle2_73,2,processed/acne_classification/images/train/class_2/levle2_73.jpg,,raw/acne_1024/all_1024/levle2_73.jpg,
acne04,classification,train,levle2_74,2,processed/acne_classification/images/train/class_2/levle2_74.jpg,,raw/acne_1024/all_1024/levle2_74.jpg,
acne04,classification,train,levle2_75,2,processed/acne_classification/images/train/class_2/levle2_75.jpg,,raw/acne_1024/all_1024/levle2_75.jpg,
acne04,classification,train,levle2_76,2,processed/acne_classification/images/train/class_2/levle2_76.jpg,,raw/acne_1024/all_1024/levle2_76.jpg,
acne04,classification,train,levle2_77,2,processed/acne_classification/images/train/class_2/levle2_77.jpg,,raw/acne_1024/all_1024/levle2_77.jpg,
acne04,classification,train,levle2_78,2,processed/acne_classification/images/train/class_2/levle2_78.jpg,,raw/acne_1024/all_1024/levle2_78.jpg,
acne04,classification,train,levle2_79,2,processed/acne_classification/images/train/class_2/levle2_79.jpg,,raw/acne_1024/all_1024/levle2_79.jpg,
acne04,classification,train,levle2_8,2,processed/acne_classification/images/train/class_2/levle2_8.jpg,,raw/acne_1024/all_1024/levle2_8.jpg,
acne04,classification,train,levle2_81,2,processed/acne_classification/images/train/class_2/levle2_81.jpg,,raw/acne_1024/all_1024/levle2_81.jpg,
acne04,classification,train,levle2_82,2,processed/acne_classification/images/train/class_2/levle2_82.jpg,,raw/acne_1024/all_1024/levle2_82.jpg,
acne04,classification,val,levle2_83,2,processed/acne_classification/images/val/class_2/levle2_83.jpg,,raw/acne_1024/all_1024/levle2_83.jpg,
acne04,classification,val,levle2_84,2,processed/acne_classification/images/val/class_2/levle2_84.jpg,,raw/acne_1024/all_1024/levle2_84.jpg,
acne04,classification,train,levle2_85,2,processed/acne_classification/images/train/class_2/levle2_85.jpg,,raw/acne_1024/all_1024/levle2_85.jpg,
acne04,classification,val,levle2_86,2,processed/acne_classification/images/val/class_2/levle2_86.jpg,,raw/acne_1024/all_1024/levle2_86.jpg,
acne04,classification,train,levle2_87,2,processed/acne_classification/images/train/class_2/levle2_87.jpg,,raw/acne_1024/all_1024/levle2_87.jpg,
acne04,classification,val,levle2_88,2,processed/acne_classification/images/val/class_2/levle2_88.jpg,,raw/acne_1024/all_1024/levle2_88.jpg,
acne04,classification,val,levle2_89,2,processed/acne_classification/images/val/class_2/levle2_89.jpg,,raw/acne_1024/all_1024/levle2_89.jpg,
acne04,classification,val,levle2_9,2,processed/acne_classification/images/val/class_2/levle2_9.jpg,,raw/acne_1024/all_1024/levle2_9.jpg,
acne04,classification,train,levle2_90,2,processed/acne_classification/images/train/class_2/levle2_90.jpg,,raw/acne_1024/all_1024/levle2_90.jpg,
acne04,classification,val,levle2_92,2,processed/acne_classification/images/val/class_2/levle2_92.jpg,,raw/acne_1024/all_1024/levle2_92.jpg,
acne04,classification,test,levle2_93,2,processed/acne_classification/images/test/class_2/levle2_93.jpg,,raw/acne_1024/all_1024/levle2_93.jpg,
acne04,classification,train,levle2_94,2,processed/acne_classification/images/train/class_2/levle2_94.jpg,,raw/acne_1024/all_1024/levle2_94.jpg,
acne04,classification,val,levle2_95,2,processed/acne_classification/images/val/class_2/levle2_95.jpg,,raw/acne_1024/all_1024/levle2_95.jpg,
acne04,classification,train,levle2_96,2,processed/acne_classification/images/train/class_2/levle2_96.jpg,,raw/acne_1024/all_1024/levle2_96.jpg,
acne04,classification,train,levle2_97,2,processed/acne_classification/images/train/class_2/levle2_97.jpg,,raw/acne_1024/all_1024/levle2_97.jpg,
acne04,classification,train,levle2_98,2,processed/acne_classification/images/train/class_2/levle2_98.jpg,,raw/acne_1024/all_1024/levle2_98.jpg,
acne04,classification,train,levle2_99,2,processed/acne_classification/images/train/class_2/levle2_99.jpg,,raw/acne_1024/all_1024/levle2_99.jpg,
acne04,classification,train,levle3_0,3,processed/acne_classification/images/train/class_3/levle3_0.jpg,,raw/acne_1024/all_1024/levle3_0.jpg,
acne04,classification,val,levle3_1,3,processed/acne_classification/images/val/class_3/levle3_1.jpg,,raw/acne_1024/all_1024/levle3_1.jpg,
acne04,classification,train,levle3_100,3,processed/acne_classification/images/train/class_3/levle3_100.jpg,,raw/acne_1024/all_1024/levle3_100.jpg,
acne04,classification,train,levle3_101,3,processed/acne_classification/images/train/class_3/levle3_101.jpg,,raw/acne_1024/all_1024/levle3_101.jpg,
acne04,classification,train,levle3_102,3,processed/acne_classification/images/train/class_3/levle3_102.jpg,,raw/acne_1024/all_1024/levle3_102.jpg,
acne04,classification,train,levle3_103,3,processed/acne_classification/images/train/class_3/levle3_103.jpg,,raw/acne_1024/all_1024/levle3_103.jpg,
acne04,classification,val,levle3_105,3,processed/acne_classification/images/val/class_3/levle3_105.jpg,,raw/acne_1024/all_1024/levle3_105.jpg,
acne04,classification,train,levle3_106,3,processed/acne_classification/images/train/class_3/levle3_106.jpg,,raw/acne_1024/all_1024/levle3_106.jpg,
acne04,classification,test,levle3_107,3,processed/acne_classification/images/test/class_3/levle3_107.jpg,,raw/acne_1024/all_1024/levle3_107.jpg,
acne04,classification,train,levle3_108,3,processed/acne_classification/images/train/class_3/levle3_108.jpg,,raw/acne_1024/all_1024/levle3_108.jpg,
acne04,classification,val,levle3_109,3,processed/acne_classification/images/val/class_3/levle3_109.jpg,,raw/acne_1024/all_1024/levle3_109.jpg,
acne04,classification,train,levle3_110,3,processed/acne_classification/images/train/class_3/levle3_110.jpg,,raw/acne_1024/all_1024/levle3_110.jpg,
acne04,classification,train,levle3_111,3,processed/acne_classification/images/train/class_3/levle3_111.jpg,,raw/acne_1024/all_1024/levle3_111.jpg,
acne04,classification,val,levle3_112,3,processed/acne_classification/images/val/class_3/levle3_112.jpg,,raw/acne_1024/all_1024/levle3_112.jpg,
acne04,classification,train,levle3_113,3,processed/acne_classification/images/train/class_3/levle3_113.jpg,,raw/acne_1024/all_1024/levle3_113.jpg,
acne04,classification,train,levle3_114,3,processed/acne_classification/images/train/class_3/levle3_114.jpg,,raw/acne_1024/all_1024/levle3_114.jpg,
acne04,classification,train,levle3_115,3,processed/acne_classification/images/train/class_3/levle3_115.jpg,,raw/acne_1024/all_1024/levle3_115.jpg,
acne04,classification,test,levle3_116,3,processed/acne_classification/images/test/class_3/levle3_116.jpg,,raw/acne_1024/all_1024/levle3_116.jpg,
acne04,classification,val,levle3_117,3,processed/acne_classification/images/val/class_3/levle3_117.jpg,,raw/acne_1024/all_1024/levle3_117.jpg,
acne04,classification,train,levle3_118,3,processed/acne_classification/images/train/class_3/levle3_118.jpg,,raw/acne_1024/all_1024/levle3_118.jpg,
acne04,classification,val,levle3_119,3,processed/acne_classification/images/val/class_3/levle3_119.jpg,,raw/acne_1024/all_1024/levle3_119.jpg,
acne04,classification,test,levle3_120,3,processed/acne_classification/images/test/class_3/levle3_120.jpg,,raw/acne_1024/all_1024/levle3_120.jpg,
acne04,classification,train,levle3_121,3,processed/acne_classification/images/train/class_3/levle3_121.jpg,,raw/acne_1024/all_1024/levle3_121.jpg,
acne04,classification,train,levle3_122,3,processed/acne_classification/images/train/class_3/levle3_122.jpg,,raw/acne_1024/all_1024/levle3_122.jpg,
acne04,classification,train,levle3_124,3,processed/acne_classification/images/train/class_3/levle3_124.jpg,,raw/acne_1024/all_1024/levle3_124.jpg,
acne04,classification,train,levle3_125,3,processed/acne_classification/images/train/class_3/levle3_125.jpg,,raw/acne_1024/all_1024/levle3_125.jpg,
acne04,classification,train,levle3_126,3,processed/acne_classification/images/train/class_3/levle3_126.jpg,,raw/acne_1024/all_1024/levle3_126.jpg,
acne04,classification,train,levle3_127,3,processed/acne_classification/images/train/class_3/levle3_127.jpg,,raw/acne_1024/all_1024/levle3_127.jpg,
acne04,classification,train,levle3_128,3,processed/acne_classification/images/train/class_3/levle3_128.jpg,,raw/acne_1024/all_1024/levle3_128.jpg,
acne04,classification,train,levle3_129,3,processed/acne_classification/images/train/class_3/levle3_129.jpg,,raw/acne_1024/all_1024/levle3_129.jpg,
acne04,classification,train,levle3_130,3,processed/acne_classification/images/train/class_3/levle3_130.jpg,,raw/acne_1024/all_1024/levle3_130.jpg,
acne04,classification,train,levle3_131,3,processed/acne_classification/images/train/class_3/levle3_131.jpg,,raw/acne_1024/all_1024/levle3_131.jpg,
acne04,classification,val,levle3_132,3,processed/acne_classification/images/val/class_3/levle3_132.jpg,,raw/acne_1024/all_1024/levle3_132.jpg,
acne04,classification,train,levle3_133,3,processed/acne_classification/images/train/class_3/levle3_133.jpg,,raw/acne_1024/all_1024/levle3_133.jpg,
acne04,classification,train,levle3_136,3,processed/acne_classification/images/train/class_3/levle3_136.jpg,,raw/acne_1024/all_1024/levle3_136.jpg,
acne04,classification,train,levle3_14,3,processed/acne_classification/images/train/class_3/levle3_14.jpg,,raw/acne_1024/all_1024/levle3_14.jpg,
acne04,classification,test,levle3_140,3,processed/acne_classification/images/test/class_3/levle3_140.jpg,,raw/acne_1024/all_1024/levle3_140.jpg,
acne04,classification,train,levle3_141,3,processed/acne_classification/images/train/class_3/levle3_141.jpg,,raw/acne_1024/all_1024/levle3_141.jpg,
acne04,classification,train,levle3_142,3,processed/acne_classification/images/train/class_3/levle3_142.jpg,,raw/acne_1024/all_1024/levle3_142.jpg,
acne04,classification,train,levle3_143,3,processed/acne_classification/images/train/class_3/levle3_143.jpg,,raw/acne_1024/all_1024/levle3_143.jpg,
acne04,classification,train,levle3_144,3,processed/acne_classification/images/train/class_3/levle3_144.jpg,,raw/acne_1024/all_1024/levle3_144.jpg,
acne04,classification,test,levle3_145,3,processed/acne_classification/images/test/class_3/levle3_145.jpg,,raw/acne_1024/all_1024/levle3_145.jpg,
acne04,classification,train,levle3_2,3,processed/acne_classification/images/train/class_3/levle3_2.jpg,,raw/acne_1024/all_1024/levle3_2.jpg,
acne04,classification,train,levle3_21,3,processed/acne_classification/images/train/class_3/levle3_21.jpg,,raw/acne_1024/all_1024/levle3_21.jpg,
acne04,classification,test,levle3_23,3,processed/acne_classification/images/test/class_3/levle3_23.jpg,,raw/acne_1024/all_1024/levle3_23.jpg,
acne04,classification,test,levle3_24,3,processed/acne_classification/images/test/class_3/levle3_24.jpg,,raw/acne_1024/all_1024/levle3_24.jpg,
acne04,classification,train,levle3_25,3,processed/acne_classification/images/train/class_3/levle3_25.jpg,,raw/acne_1024/all_1024/levle3_25.jpg,
acne04,classification,train,levle3_26,3,processed/acne_classification/images/train/class_3/levle3_26.jpg,,raw/acne_1024/all_1024/levle3_26.jpg,
acne04,classification,val,levle3_27,3,processed/acne_classification/images/val/class_3/levle3_27.jpg,,raw/acne_1024/all_1024/levle3_27.jpg,
acne04,classification,train,levle3_28,3,processed/acne_classification/images/train/class_3/levle3_28.jpg,,raw/acne_1024/all_1024/levle3_28.jpg,
acne04,classification,train,levle3_29,3,processed/acne_classification/images/train/class_3/levle3_29.jpg,,raw/acne_1024/all_1024/levle3_29.jpg,
acne04,classification,test,levle3_3,3,processed/acne_classification/images/test/class_3/levle3_3.jpg,,raw/acne_1024/all_1024/levle3_3.jpg,
acne04,classification,train,levle3_30,3,processed/acne_classification/images/train/class_3/levle3_30.jpg,,raw/acne_1024/all_1024/levle3_30.jpg,
acne04,classification,train,levle3_31,3,processed/acne_classification/images/train/class_3/levle3_31.jpg,,raw/acne_1024/all_1024/levle3_31.jpg,
acne04,classification,train,levle3_33,3,processed/acne_classification/images/train/class_3/levle3_33.jpg,,raw/acne_1024/all_1024/levle3_33.jpg,
acne04,classification,train,levle3_34,3,processed/acne_classification/images/train/class_3/levle3_34.jpg,,raw/acne_1024/all_1024/levle3_34.jpg,
acne04,classification,val,levle3_36,3,processed/acne_classification/images/val/class_3/levle3_36.jpg,,raw/acne_1024/all_1024/levle3_36.jpg,
acne04,classification,val,levle3_37,3,processed/acne_classification/images/val/class_3/levle3_37.jpg,,raw/acne_1024/all_1024/levle3_37.jpg,
acne04,classification,train,levle3_38,3,processed/acne_classification/images/train/class_3/levle3_38.jpg,,raw/acne_1024/all_1024/levle3_38.jpg,
acne04,classification,val,levle3_39,3,processed/acne_classification/images/val/class_3/levle3_39.jpg,,raw/acne_1024/all_1024/levle3_39.jpg,
acne04,classification,train,levle3_4,3,processed/acne_classification/images/train/class_3/levle3_4.jpg,,raw/acne_1024/all_1024/levle3_4.jpg,
acne04,classification,train,levle3_40,3,processed/acne_classification/images/train/class_3/levle3_40.jpg,,raw/acne_1024/all_1024/levle3_40.jpg,
acne04,classification,test,levle3_41,3,processed/acne_classification/images/test/class_3/levle3_41.jpg,,raw/acne_1024/all_1024/levle3_41.jpg,
acne04,classification,val,levle3_42,3,processed/acne_classification/images/val/class_3/levle3_42.jpg,,raw/acne_1024/all_1024/levle3_42.jpg,
acne04,classification,train,levle3_43,3,processed/acne_classification/images/train/class_3/levle3_43.jpg,,raw/acne_1024/all_1024/levle3_43.jpg,
acne04,classification,test,levle3_44,3,processed/acne_classification/images/test/class_3/levle3_44.jpg,,raw/acne_1024/all_1024/levle3_44.jpg,
acne04,classification,train,levle3_45,3,processed/acne_classification/images/train/class_3/levle3_45.jpg,,raw/acne_1024/all_1024/levle3_45.jpg,
acne04,classification,train,levle3_46,3,processed/acne_classification/images/train/class_3/levle3_46.jpg,,raw/acne_1024/all_1024/levle3_46.jpg,
acne04,classification,val,levle3_47,3,processed/acne_classification/images/val/class_3/levle3_47.jpg,,raw/acne_1024/all_1024/levle3_47.jpg,
acne04,classification,val,levle3_49,3,processed/acne_classification/images/val/class_3/levle3_49.jpg,,raw/acne_1024/all_1024/levle3_49.jpg,
acne04,classification,train,levle3_5,3,processed/acne_classification/images/train/class_3/levle3_5.jpg,,raw/acne_1024/all_1024/levle3_5.jpg,
acne04,classification,val,levle3_50,3,processed/acne_classification/images/val/class_3/levle3_50.jpg,,raw/acne_1024/all_1024/levle3_50.jpg,
acne04,classification,train,levle3_51,3,processed/acne_classification/images/train/class_3/levle3_51.jpg,,raw/acne_1024/all_1024/levle3_51.jpg,
acne04,classification,train,levle3_52,3,processed/acne_classification/images/train/class_3/levle3_52.jpg,,raw/acne_1024/all_1024/levle3_52.jpg,
acne04,classification,train,levle3_53,3,processed/acne_classification/images/train/class_3/levle3_53.jpg,,raw/acne_1024/all_1024/levle3_53.jpg,
acne04,classification,val,levle3_54,3,processed/acne_classification/images/val/class_3/levle3_54.jpg,,raw/acne_1024/all_1024/levle3_54.jpg,
acne04,classification,train,levle3_55,3,processed/acne_classification/images/train/class_3/levle3_55.jpg,,raw/acne_1024/all_1024/levle3_55.jpg,
acne04,classification,train,levle3_56,3,processed/acne_classification/images/train/class_3/levle3_56.jpg,,raw/acne_1024/all_1024/levle3_56.jpg,
acne04,classification,val,levle3_57,3,processed/acne_classification/images/val/class_3/levle3_57.jpg,,raw/acne_1024/all_1024/levle3_57.jpg,
acne04,classification,train,levle3_58,3,processed/acne_classification/images/train/class_3/levle3_58.jpg,,raw/acne_1024/all_1024/levle3_58.jpg,
acne04,classification,train,levle3_62,3,processed/acne_classification/images/train/class_3/levle3_62.jpg,,raw/acne_1024/all_1024/levle3_62.jpg,
acne04,classification,train,levle3_63,3,processed/acne_classification/images/train/class_3/levle3_63.jpg,,raw/acne_1024/all_1024/levle3_63.jpg,
acne04,classification,val,levle3_64,3,processed/acne_classification/images/val/class_3/levle3_64.jpg,,raw/acne_1024/all_1024/levle3_64.jpg,
acne04,classification,train,levle3_65,3,processed/acne_classification/images/train/class_3/levle3_65.jpg,,raw/acne_1024/all_1024/levle3_65.jpg,
acne04,classification,test,levle3_66,3,processed/acne_classification/images/test/class_3/levle3_66.jpg,,raw/acne_1024/all_1024/levle3_66.jpg,
acne04,classification,train,levle3_67,3,processed/acne_classification/images/train/class_3/levle3_67.jpg,,raw/acne_1024/all_1024/levle3_67.jpg,
acne04,classification,train,levle3_68,3,processed/acne_classification/images/train/class_3/levle3_68.jpg,,raw/acne_1024/all_1024/levle3_68.jpg,
acne04,classification,val,levle3_70,3,processed/acne_classification/images/val/class_3/levle3_70.jpg,,raw/acne_1024/all_1024/levle3_70.jpg,
acne04,classification,train,levle3_71,3,processed/acne_classification/images/train/class_3/levle3_71.jpg,,raw/acne_1024/all_1024/levle3_71.jpg,
acne04,classification,train,levle3_72,3,processed/acne_classification/images/train/class_3/levle3_72.jpg,,raw/acne_1024/all_1024/levle3_72.jpg,
acne04,classification,train,levle3_73,3,processed/acne_classification/images/train/class_3/levle3_73.jpg,,raw/acne_1024/all_1024/levle3_73.jpg,
acne04,classification,train,levle3_74,3,processed/acne_classification/images/train/class_3/levle3_74.jpg,,raw/acne_1024/all_1024/levle3_74.jpg,
acne04,classification,train,levle3_75,3,processed/acne_classification/images/train/class_3/levle3_75.jpg,,raw/acne_1024/all_1024/levle3_75.jpg,
acne04,classification,train,levle3_76,3,processed/acne_classification/images/train/class_3/levle3_76.jpg,,raw/acne_1024/all_1024/levle3_76.jpg,
acne04,classification,val,levle3_77,3,processed/acne_classification/images/val/class_3/levle3_77.jpg,,raw/acne_1024/all_1024/levle3_77.jpg,
acne04,classification,test,levle3_78,3,processed/acne_classification/images/test/class_3/levle3_78.jpg,,raw/acne_1024/all_1024/levle3_78.jpg,
acne04,classification,train,levle3_79,3,processed/acne_classification/images/train/class_3/levle3_79.jpg,,raw/acne_1024/all_1024/levle3_79.jpg,
acne04,classification,train,levle3_80,3,processed/acne_classification/images/train/class_3/levle3_80.jpg,,raw/acne_1024/all_1024/levle3_80.jpg,
acne04,classification,train,levle3_81,3,processed/acne_classification/images/train/class_3/levle3_81.jpg,,raw/acne_1024/all_1024/levle3_81.jpg,
acne04,classification,val,levle3_82,3,processed/acne_classification/images/val/class_3/levle3_82.jpg,,raw/acne_1024/all_1024/levle3_82.jpg,
acne04,classification,train,levle3_83,3,processed/acne_classification/images/train/class_3/levle3_83.jpg,,raw/acne_1024/all_1024/levle3_83.jpg,
acne04,classification,train,levle3_84,3,processed/acne_classification/images/train/class_3/levle3_84.jpg,,raw/acne_1024/all_1024/levle3_84.jpg,
acne04,classification,train,levle3_85,3,processed/acne_classification/images/train/class_3/levle3_85.jpg,,raw/acne_1024/all_1024/levle3_85.jpg,
acne04,classification,train,levle3_86,3,processed/acne_classification/images/train/class_3/levle3_86.jpg,,raw/acne_1024/all_1024/levle3_86.jpg,
acne04,classification,train,levle3_87,3,processed/acne_classification/images/train/class_3/levle3_87.jpg,,raw/acne_1024/all_1024/levle3_87.jpg,
acne04,classification,train,levle3_88,3,processed/acne_classification/images/train/class_3/levle3_88.jpg,,raw/acne_1024/all_1024/levle3_88.jpg,
acne04,classification,train,levle3_89,3,processed/acne_classification/images/train/class_3/levle3_89.jpg,,raw/acne_1024/all_1024/levle3_89.jpg,
acne04,classification,train,levle3_90,3,processed/acne_classification/images/train/class_3/levle3_90.jpg,,raw/acne_1024/all_1024/levle3_90.jpg,
acne04,classification,train,levle3_91,3,processed/acne_classification/images/train/class_3/levle3_91.jpg,,raw/acne_1024/all_1024/levle3_91.jpg,
acne04,classification,test,levle3_92,3,processed/acne_classification/images/test/class_3/levle3_92.jpg,,raw/acne_1024/all_1024/levle3_92.jpg,
acne04,classification,train,levle3_93,3,processed/acne_classification/images/train/class_3/levle3_93.jpg,,raw/acne_1024/all_1024/levle3_93.jpg,
acne04,classification,test,levle3_94,3,processed/acne_classification/images/test/class_3/levle3_94.jpg,,raw/acne_1024/all_1024/levle3_94.jpg,
acne04,classification,val,levle3_95,3,processed/acne_classification/images/val/class_3/levle3_95.jpg,,raw/acne_1024/all_1024/levle3_95.jpg,
acne04,classification,val,levle3_96,3,processed/acne_classification/images/val/class_3/levle3_96.jpg,,raw/acne_1024/all_1024/levle3_96.jpg,
acne04,classification,test,levle3_97,3,processed/acne_classification/images/test/class_3/levle3_97.jpg,,raw/acne_1024/all_1024/levle3_97.jpg,
