dataset,task,split,sample_id,label,image_path,mask_path,source_image,source_mask
isic_2018_task1_2,segmentation,train,ISIC_0000000,lesion,processed/isic_segmentation/images/train/ISIC_0000000.jpg,processed/isic_segmentation/masks/train/ISIC_0000000.png,raw/isic/images/ISIC_0000000.jpg,raw/isic/masks/ISIC_0000000_segmentation.png
isic_2018_task1_2,segmentation,test,ISIC_0000001,lesion,processed/isic_segmentation/images/test/ISIC_0000001.jpg,processed/isic_segmentation/masks/test/ISIC_0000001.png,raw/isic/images/ISIC_0000001.jpg,raw/isic/masks/ISIC_0000001_segmentation.png
isic_2018_task1_2,segmentation,val,ISIC_0000003,lesion,processed/isic_segmentation/images/val/ISIC_0000003.jpg,processed/isic_segmentation/masks/val/ISIC_0000003.png,raw/isic/images/ISIC_0000003.jpg,raw/isic/masks/ISIC_0000003_segmentation.png
isic_2018_task1_2,segmentation,train,ISIC_0000004,lesion,processed/isic_segmentation/images/train/ISIC_0000004.jpg,processed/isic_segmentation/masks/train/ISIC_0000004.png,raw/isic/images/ISIC_0000004.jpg,raw/isic/masks/ISIC_0000004_segmentation.png
isic_2018_task1_2,segmentation,train,ISIC_0000006,lesion,processed/isic_segmentation/images/train/ISIC_0000006.jpg,processed/isic_segmentation/masks/train/ISIC_0000006.png,raw/isic/images/ISIC_0000006.jpg,raw/isic/masks/ISIC_0000006_segmentation.png
isic_2018_task1_2,segmentation,train,ISIC_0000007,lesion,processed/isic_segmentation/images/train/ISIC_0000007.jpg,processed/isic_segmentation/masks/train/ISIC_0000007.png,raw/isic/images/ISIC_0000007.jpg,raw/isic/masks/ISIC_0000007_segmentation.png
isic_2018_task1_2,segmentation,train,ISIC_0000008,lesion,processed/isic_segmentation/images/train/ISIC_0000008.jpg,processed/isic_segmentation/masks/train/ISIC_0000008.png,raw/isic/images/ISIC_0000008.jpg,raw/isic/masks/ISIC_0000008_segmentation.png
isic_2018_task1_2,segmentation,train,ISIC_0000009,lesion,processed/isic_segmentation/images/train/ISIC_0000009.jpg,processed/isic_segmentation/masks/train/ISIC_0000009.png,raw/isic/images/ISIC_0000009.jpg,raw/isic/masks/ISIC_0000009_segmentation.png
isic_2018_task1_2,segmentation,train,ISIC_0000011,lesion,processed/isic_segmentation/images/train/ISIC_0000011.jpg,processed/isic_segmentation/masks/train/ISIC_0000011.png,raw/isic/images/ISIC_0000011.jpg,raw/isic/masks/ISIC_0000011_segmentation.png
isic_2018_task1_2,segmentation,val,ISIC_0000012,lesion,processed/isic_segmentation/images/val/ISIC_0000012.jpg,processed/isic_segmentation/masks/val/ISIC_0000012.png,raw/isic/images/ISIC_0000012.jpg,raw/isic/masks/ISIC_0000012_segmentation.png
isic_2018_task1_2,segmentation,test,ISIC_0000013,lesion,processed/isic_segmentation/images/test/ISIC_0000013.jpg,processed/isic_segmentation/masks/test/ISIC_0000013.png,raw/isic/images/ISIC_0000013.jpg,raw/isic/masks/ISIC_0000013_segmentation.png
isic_2018_task1_2,segmentation,train,ISIC_0000014,lesion,processed/isic_segmentation/images/train/ISIC_0000014.jpg,processed/isic_segmentation/masks/train/ISIC_0000014.png,raw/isic/images/ISIC_0000014.jpg,raw/isic/masks/ISIC_0000014_segmentation.png
isic_2018_task1_2,segmentation,test,ISIC_0000015,lesion,processed/isic_segmentation/images/test/ISIC_0000015.jpg,processed/isic_segmentation/masks/test/ISIC_0000015.png,raw/isic/images/ISIC_0000015.jpg,raw/isic/masks/ISIC_0000015_segmentation.png
isic_2018_task1_2,segmentation,train,ISIC_0000016,lesion,processed/isic_segmentation/images/train/ISIC_0000016.jpg,processed/isic_segmentation/masks/train/ISIC_0000016.png,raw/isic/images/ISIC_0000016.jpg,raw/isic/masks/ISIC_0000016_segmentation.png
isic_2018_task1_2,segmentation,train,ISIC_0000017,lesion,processed/isic_segmentation/images/train/ISIC_0000017.jpg,processed/isic_segmentation/masks/train/ISIC_0000017.png,raw/isic/images/ISIC_0000017.jpg,raw/isic/masks/ISIC_0000017_segmentation.png
isic_2018_task1_2,segmentation,train,ISIC_0000018,lesion,processed/isic_segmentation/images/train/ISIC_0000018.jpg,processed/isic_segmentation/masks/train/ISIC_0000018.png,raw/isic/images/ISIC_0000018.jpg,raw/isic/masks/ISIC_0000018_segmentation.png
isic_2018_task1_2,segmentation,val,ISIC_0000019,lesion,processed/isic_segmentation/images/val/ISIC_0000019.jpg,processed/isic_segmentation/masks/val/ISIC_0000019.png,raw/isic/images/ISIC_0000019.jpg,raw/isic/masks/ISIC_0000019_segmentation.png
isic_2018_task1_2,segmentation,train,ISIC_0000020,lesion,processed/isic_segmentation/images/train/ISIC_0000020.jpg,processed/isic_segmentation/masks/train/ISIC_0000020.png,raw/isic/images/ISIC_0000020.jpg,raw/isic/masks/ISIC_0000020_segmentation.png
isic_2018_task1_2,segmentation,test,ISIC_0000021,lesion,processed/isic_segmentation/images/test/ISIC_0000021.jpg,processed/isic_segmentation/masks/test/ISIC_0000021.png,raw/isic/images/ISIC_0000021.jpg,raw/isic/masks/ISIC_0000021_segmentation.png
isic_2018_task1_2,segmentation,train,ISIC_0000022,lesion,processed/isic_segmentation/images/train/ISIC_0000022.jpg,processed/isic_segmentation/masks/train/ISIC_0000022.png,raw/isic/images/ISIC_0000022.jpg,raw/isic/masks/ISIC_0000022_segmentation.png
isic_2018_task1_2,segmentation,val,ISIC_0000023,lesion,processed/isic_segmentation/images/val/ISIC_0000023.jpg,processed/isic_segmentation/masks/val/ISIC_0000023.png,raw/isic/images/ISIC_0000023.jpg,raw/isic/masks/ISIC_0000023_segmentation.png
isic_2018_task1_2,segmentation,train,ISIC_0000024,lesion,processed/isic_segmentation/images/train/ISIC_0000024.jpg,processed/isic_segmentation/masks/train/ISIC_0000024.png,raw/isic/images/ISIC_0000024.jpg,raw/isic/masks/ISIC_0000024_segmentation.png
isic_2018_task1_2,segmentation,train,ISIC_0000025,lesion,processed/isic_segmentation/images/train/ISIC_0000025.jpg,processed/isic_segmentation/masks/train/ISIC_0000025.png,raw/isic/images/ISIC_0000025.jpg,raw/isic/masks/ISIC_0000025_segmentation.png
isic_2018_task1_2,segmentation,val,ISIC_0000026,lesion,processed/isic_segmentation/images/val/ISIC_0000026.jpg,processed/isic_segmentation/masks/val/ISIC_0000026.png,raw/isic/images/ISIC_0000026.jpg,raw/isic/masks/ISIC_0000026_segmentation.png
isic_2018_task1_2,segmentation,train,ISIC_0000027,lesion,processed/isic_segmentation/images/train/ISIC_0000027.jpg,processed/isic_segmentation/masks/train/ISIC_0000027.png,raw/isic/images/ISIC_0000027.jpg,raw/isic/masks/ISIC_0000027_segmentation.png
isic_2018_task1_2,segmentation,val,ISIC_0000028,lesion,processed/isic_segmentation/images/val/ISIC_0000028.jpg,processed/isic_segmentation/masks/val/ISIC_0000028.png,raw/isic/images/ISIC_0000028.jpg,raw/isic/masks/ISIC_0000028_segmentation.png
isic_2018_task1_2,segmentation,train,ISIC_0000029,lesion,processed/isic_segmentation/images/train/ISIC_0000029.jpg,processed/isic_segmentation/masks/train/ISIC_0000029.png,raw/isic/images/ISIC_0000029.jpg,raw/isic/masks/ISIC_0000029_segmentation.png
isic_2018_task1_2,segmentation,train,ISIC_0000030,lesion,processed/isic_segmentation/images/train/ISIC_0000030.jpg,processed/isic_segmentation/masks/train/ISIC_0000030.png,raw/isic/images/ISIC_0000030.jpg,raw/isic/masks/ISIC_0000030_segmentation.png
isic_2018_task1_2,segmentation,test,ISIC_0000031,lesion,processed/isic_segmentation/images/test/ISIC_0000031.jpg,processed/isic_segmentation/masks/test/ISIC_0000031.png,raw/isic/images/ISIC_0000031.jpg,raw/isic/masks/ISIC_0000031_segmentation.png
isic_2018_task1_2,segmentation,train,ISIC_0000032,lesion,processed/isic_segmentation/images/train/ISIC_0000032.jpg,processed/isic_segmentation/masks/train/ISIC_0000032.png,raw/isic/images/ISIC_0000032.jpg,raw/isic/masks/ISIC_0000032_segmentation.png
isic_2018_task1_2,segmentation,test,ISIC_0000034,lesion,processed/isic_segmentation/images/test/ISIC_0000034.jpg,processed/isic_segmentation/masks/test/ISIC_0000034.png,raw/isic/images/ISIC_0000034.jpg,raw/isic/masks/ISIC_0000034_segmentation.png
isic_2018_task1_2,segmentation,train,ISIC_0000035,lesion,processed/isic_segmentation/images/train/ISIC_0000035.jpg,processed/isic_segmentation/masks/train/ISIC_0000035.png,raw/isic/images/ISIC_0000035.jpg,raw/isic/masks/ISIC_0000035_segmentation.png
isic_2018_task1_2,segmentation,train,ISIC_0000036,lesion,processed/isic_segmentation/images/train/ISIC_0000036.jpg,processed/isic_segmentation/masks/train/ISIC_0000036.png,raw/isic/images/ISIC_0000036.jpg,raw/isic/masks/ISIC_0000036_segmentation.png
isic_2018_task1_2,segmentation,val,ISIC_0000037,lesion,processed/isic_segmentation/images/val/ISIC_0000037.jpg,processed/isic_segmentation/masks/val/ISIC_0000037.png,raw/isic/images/ISIC_0000037.jpg,raw/isic/masks/ISIC_0000037_segmentation.png
isic_2018_task1_2,segmentation,train,ISIC_0000038,lesion,processed/isic_segmentation/images/train/ISIC_0000038.jpg,processed/isic_segmentation/masks/train/ISIC_0000038.png,raw/isic/images/ISIC_0000038.jpg,raw/isic/masks/ISIC_0000038_segmentation.png
isic_2018_task1_2,segmentation,train,ISIC_0000039,lesion,processed/isic_segmentation/images/train/ISIC_0000039.jpg,processed/isic_segmentation/masks/train/ISIC_0000039.png,raw/isic/images/ISIC_0000039.jpg,raw/isic/masks/ISIC_0000039_segmentation.png
isic_2018_task1_2,segmentation,train,ISIC_0000040,lesion,processed/isic_segmentation/images/train/ISIC_0000040.jpg,processed/isic_segmentation/masks/train/ISIC_0000040.png,raw/isic/images/ISIC_0000040.jpg,raw/isic/masks/ISIC_0000040_segmentation.png
isic_2018_task1_2,segmentation,train,ISIC_0000041,lesion,processed/isic_segmentation/images/train/ISIC_0000041.jpg,processed/isic_segmentation/masks/train/ISIC_0000041.png,raw/isic/images/ISIC_0000041.jpg,raw/isic/masks/ISIC_0000041_segmentation.png
isic_2018_task1_2,segmentation,train,ISIC_0000042,lesion,processed/isic_segmentation/images/train/ISIC_0000042.jpg,processed/isic_segmentation/masks/train/ISIC_0000042.png,raw/isic/images/ISIC_0000042.jpg,raw/isic/masks/ISIC_0000042_segmentation.png
isic_2018_task1_2,segmentation,train,ISIC_0000043,lesion,processed/isic_segmentation/images/train/ISIC_0000043.jpg,processed/isic_segmentation/masks/train/ISIC_0000043.png,raw/isic/images/ISIC_0000043.jpg,raw/isic/masks/ISIC_0000043_segmentation.png
isic_2018_task1_2,segmentation,train,ISIC_0000044,lesion,processed/isic_segmentation/images/train/ISIC_0000044.jpg,processed/isic_segmentation/masks/train/ISIC_0000044.png,raw/isic/images/ISIC_0000044.jpg,raw/isic/masks/ISIC_0000044_segmentation.png
isic_2018_task1_2,segmentation,train,ISIC_0000045,lesion,processed/isic_segmentation/images/train/ISIC_0000045.jpg,processed/isic_segmentation/masks/train/ISIC_0000045.png,raw/isic/images/ISIC_0000045.jpg,raw/isic/masks/ISIC_0000045_segmentation.png
isic_2018_task1_2,segmentation,train,ISIC_0000046,lesion,processed/isic_segmentation/images/train/ISIC_0000046.jpg,processed/isic_segmentation/masks/train/ISIC_0000046.png,raw/isic/images/ISIC_0000046.jpg,raw/isic/masks/ISIC_0000046_segmentation.png
isic_2018_task1_2,segmentation,train,ISIC_0000047,lesion,processed/isic_segmentation/images/train/ISIC_0000047.jpg,processed/isic_segmentation/masks/train/ISIC_0000047.png,raw/isic/images/ISIC_0000047.jpg,raw/isic/masks/ISIC_0000047_segmentation.png
isic_2018_task1_2,segmentation,train,ISIC_0000048,lesion,processed/isic_segmentation/images/train/ISIC_0000048.jpg,processed/isic_segmentation/masks/train/ISIC_0000048.png,raw/isic/images/ISIC_0000048.jpg,raw/isic/masks/ISIC_0000048_segmentation.png
isic_2018_task1_2,segmentation,test,ISIC_0000049,lesion,processed/isic_segmentation/images/test/ISIC_0000049.jpg,processed/isic_segmentation/masks/test/ISIC_0000049.png,raw/isic/images/ISIC_0000049.jpg,raw/isic/masks/ISIC_0000049_segmentation.png
isic_2018_task1_2,segmentation,train,ISIC_0000050,lesion,processed/isic_segmentation/images/train/ISIC_0000050.jpg,processed/isic_segmentation/masks/train/ISIC_0000050.png,raw/isic/images/ISIC_0000050.jpg,raw/isic/masks/ISIC_0000050_segmentation.png
isic_2018_task1_2,segmentation,train,ISIC_0000051,lesion,processed/isic_segmentation/images/train/ISIC_0000051.jpg,processed/isic_segmentation/masks/train/ISIC_0000051.png,raw/isic/images/ISIC_0000051.jpg,raw/isic/masks/ISIC_0000051_segmentation.png
isic_2018_task1_2,segmentation,val,ISIC_0000052,lesion,processed/isic_segmentation/images/val/ISIC_0000052.jpg,processed/isic_segmentation/masks/val/ISIC_0000052.png,raw/isic/images/ISIC_0000052.jpg,raw/isic/masks/ISIC_0000052_segmentation.png
isic_2018_task1_2,segmentation,train,ISIC_0000053,lesion,processed/isic_segmentation/images/train/ISIC_0000053.jpg,processed/isic_segmentation/masks/train/ISIC_0000053.png,raw/isic/images/ISIC_0000053.jpg,raw/isic/masks/ISIC_0000053_segmentation.png
isic_2018_task1_2,segmentation,val,ISIC_0000054,lesion,processed/isic_segmentation/images/val/ISIC_0000054.jpg,processed/isic_segmentation/masks/val/ISIC_0000054.png,raw/isic/images/ISIC_0000054.jpg,raw/isic/masks/ISIC_0000054_segmentation.png
isic_2018_task1_2,segmentation,train,ISIC_0000055,lesion,processed/isic_segmentation/images/train/ISIC_0000055.jpg,processed/isic_segmentation/masks/train/ISIC_0000055.png,raw/isic/images/ISIC_0000055.jpg,raw/isic/masks/ISIC_0000055_segmentation.png
isic_2018_task1_2,segmentation,val,ISIC_0000056,lesion,processed/isic_segmentation/images/val/ISIC_0000056.jpg,processed/isic_segmentation/masks/val/ISIC_0000056.png,raw/isic/images/ISIC_0000056.jpg,raw/isic/masks/ISIC_0000056_segmentation.png
isic_2018_task1_2,segmentation,train,ISIC_0000057,lesion,processed/isic_segmentation/images/train/ISIC_0000057.jpg,processed/isic_segmentation/masks/train/ISIC_0000057.png,raw/isic/images/ISIC_0000057.jpg,raw/isic/masks/ISIC_0000057_segmentation.png
isic_2018_task1_2,segmentation,train,ISIC_0000058,lesion,processed/isic_segmentation/images/train/ISIC_0000058.jpg,processed/isic_segmentation/masks/train/ISIC_0000058.png,raw/isic/images/ISIC_0000058.jpg,raw/isic/masks/ISIC_0000058_segmentation.png
isic_2018_task1_2,segmentation,train,ISIC_0000059,lesion,processed/isic_segmentation/images/train/ISIC_0000059.jpg,processed/isic_segmentation/masks/train/ISIC_0000059.png,raw/isic/images/ISIC_0000059.jpg,raw/isic/masks/ISIC_0000059_segmentation.png
isic_2018_task1_2,segmentation,train,ISIC_0000060,lesion,processed/isic_segmentation/images/train/ISIC_0000060.jpg,processed/isic_segmentation/masks/train/ISIC_0000060.png,raw/isic/images/ISIC_0000060.jpg,raw/isic/masks/ISIC_0000060_segmentation.png
isic_2018_task1_2,segmentation,train,ISIC_0000061,lesion,processed/isic_segmentation/images/train/ISIC_0000061.jpg,processed/isic_segmentation/masks/train/ISIC_0000061.png,raw/isic/images/ISIC_0000061.jpg,raw/isic/masks/ISIC_0000061_segmentation.png
isic_2018_task1_2,segmentation,val,ISIC_0000062,lesion,processed/isic_segmentation/images/val/ISIC_0000062.jpg,processed/isic_segmentation/masks/val/ISIC_0000062.png,raw/isic/images/ISIC_0000062.jpg,raw/isic/masks/ISIC_0000062_segmentation.png
isic_2018_task1_2,segmentation,train,ISIC_0000063,lesion,processed/isic_segmentation/images/train/ISIC_0000063.jpg,processed/isic_segmentation/masks/train/ISIC_0000063.png,raw/isic/images/ISIC_0000063.jpg,raw/isic/masks/ISIC_0000063_segmentation.png
isic_2018_task1_2,segmentation,train,ISIC_0000064,lesion,processed/isic_segmentation/images/train/ISIC_0000064.jpg,processed/isic_segmentation/masks/train/ISIC_0000064.png,raw/isic/images/ISIC_0000064.jpg,raw/isic/masks/ISIC_0000064_segmentation.png
isic_2018_task1_2,segmentation,train,ISIC_0000065,lesion,processed/isic_segmentation/images/train/ISIC_0000065.jpg,processed/isic_segmentation/masks/train/ISIC_0000065.png,raw/isic/images/ISIC_0000065.jpg,raw/isic/masks/ISIC_0000065_segmentation.png
isic_2018_task1_2,segmentation,train,ISIC_0000066,lesion,processed/isic_segmentation/images/train/ISIC_0000066.jpg,processed/isic_segmentation/masks/train/ISIC_0000066.png,raw/isic/images/ISIC_0000066.jpg,raw/isic/masks/ISIC_0000066_segmentation.png
isic_2018_task1_2,segmentation,train,ISIC_0000067,lesion,processed/isic_segmentation/images/train/ISIC_0000067.jpg,processed/isic_segmentation/masks/train/ISIC_0000067.png,raw/isic/images/ISIC_0000067.jpg,raw/isic/masks/ISIC_0000067_segmentation.png
isic_2018_task1_2,segmentation,train,ISIC_0000068,lesion,processed/isic_segmentation/images/train/ISIC_0000068.jpg,processed/isic_segmentation/masks/train/ISIC_0000068.png,raw/isic/images/ISIC_0000068.jpg,raw/isic/masks/ISIC_0000068_segmentation.png
isic_2018_task1_2,segmentation,val,ISIC_0000069,lesion,processed/isic_segmentation/images/val/ISIC_0000069.jpg,processed/isic_segmentation/masks/val/ISIC_0000069.png,raw/isic/images/ISIC_0000069.jpg,raw/isic/masks/ISIC_0000069_segmentation.png
isic_2018_task1_2,segmentation,train,ISIC_0000071,lesion,processed/isic_segmentation/images/train/ISIC_0000071.jpg,processed/isic_segmentation/masks/train/ISIC_0000071.png,raw/isic/images/ISIC_0000071.jpg,raw/isic/masks/ISIC_0000071_segmentation.png
isic_2018_task1_2,segmentation,train,ISIC_0000072,lesion,processed/isic_segmentation/images/train/ISIC_0000072.jpg,processed/isic_segmentation/masks/train/ISIC_0000072.png,raw/isic/images/ISIC_0000072.jpg,raw/isic/masks/ISIC_0000072_segmentation.png
isic_2018_task1_2,segmentation,train,ISIC_0000073,lesion,processed/isic_segmentation/images/train/ISIC_0000073.jpg,processed/isic_segmentation/masks/train/ISIC_0000073.png,raw/isic/images/ISIC_0000073.jpg,raw/isic/masks/ISIC_0000073_segmentation.png
isic_2018_task1_2,segmentation,train,ISIC_0000074,lesion,processed/isic_segmentation/images/train/ISIC_0000074.jpg,processed/isic_segmentation/masks/train/ISIC_0000074.png,raw/isic/images/ISIC_0000074.jpg,raw/isic/masks/ISIC_0000074_segmentation.png
isic_2018_task1_2,segmentation,train,ISIC_0000075,lesion,processed/isic_segmentation/images/train/ISIC_0000075.jpg,processed/isic_segmentation/masks/train/ISIC_0000075.png,raw/isic/images/ISIC_0000075.jpg,raw/isic/masks/ISIC_0000075_segmentation.png
isic_2018_task1_2,segmentation,train,ISIC_0000077,lesion,processed/isic_segmentation/images/train/ISIC_0000077.jpg,processed/isic_segmentation/masks/train/ISIC_0000077.png,raw/isic/images/ISIC_0000077.jpg,raw/isic/masks/ISIC_0000077_segmentation.png
isic_2018_task1_2,segmentation,val,ISIC_0000078,lesion,processed/isic_segmentation/images/val/ISIC_0000078.jpg,processed/isic_segmentation/masks/val/ISIC_0000078.png,raw/isic/images/ISIC_0000078.jpg,raw/isic/masks/ISIC_0000078_segmentation.png
isic_2018_task1_2,segmentation,train,ISIC_0000079,lesion,processed/isic_segmentation/images/train/ISIC_0000079.jpg,processed/isic_segmentation/masks/train/ISIC_0000079.png,raw/isic/images/ISIC_0000079.jpg,raw/isic/masks/ISIC_0000079_segmentation.png
isic_2018_task1_2,segmentation,train,ISIC_0000080,lesion,processed/isic_segmentation/images/train/ISIC_0000080.jpg,processed/isic_segmentation/masks/train/ISIC_0000080.png,raw/isic/images/ISIC_0000080.jpg,raw/isic/masks/ISIC_0000080_segmentation.png
isic_2018_task1_2,segmentation,train,ISIC_0000081,lesion,processed/isic_segmentation/images/train/ISIC_0000081.jpg,processed/isic_segmentation/masks/train/ISIC_0000081.png,raw/isic/images/ISIC_0000081.jpg,raw/isic/masks/ISIC_0000081_segmentation.png
isic_2018_task1_2,segmentation,train,ISIC_0000082,lesion,processed/isic_segmentation/images/train/ISIC_0000082.jpg,processed/isic_segmentation/masks/train/ISIC_0000082.png,raw/isic/images/ISIC_0000082.jpg,raw/isic/masks/ISIC_0000082_segmentation.png
isic_2018_task1_2,segmentation,val,ISIC_0000085,lesion,processed/isic_segmentation/images/val/ISIC_0000085.jpg,processed/isic_segmentation/masks/val/ISIC_0000085.png,raw/isic/images/ISIC_0000085.jpg,raw/isic/masks/ISIC_0000085_segmentation.png
isic_2018_task1_2,segmentation,train,ISIC_0000086,lesion,processed/isic_segmentation/images/train/ISIC_0000086.jpg,processed/isic_segmentation/masks/train/ISIC_0000086.png,raw/isic/images/ISIC_0000086.jpg,raw/isic/masks/ISIC_0000086_segmentation.png
isic_2018_task1_2,segmentation,val,ISIC_0000087,lesion,processed/isic_segmentation/images/val/ISIC_0000087.jpg,processed/isic_segmentation/masks/val/ISIC_0000087.png,raw/isic/images/ISIC_0000087.jpg,raw/isic/masks/ISIC_0000087_segmentation.png
isic_2018_task1_2,segmentation,val,ISIC_0000088,lesion,processed/isic_segmentation/images/val/ISIC_0000088.jpg,processed/isic_segmentation/masks/val/ISIC_0000088.png,raw/isic/images/ISIC_0000088.jpg,raw/isic/masks/ISIC_0000088_segmentation.png
isic_2018_task1_2,segmentation,train,ISIC_0000089,lesion,processed/isic_segmentation/images/train/ISIC_0000089.jpg,processed/isic_segmentation/masks/train/ISIC_0000089.png,raw/isic/images/ISIC_0000089.jpg,raw/isic/masks/ISIC_0000089_segmentation.png
isic_2018_task1_2,segmentation,train,ISIC_0000091,lesion,processed/isic_segmentation/images/train/ISIC_0000091.jpg,processed/isic_segmentation/masks/train/ISIC_0000091.png,raw/isic/images/ISIC_0000091.jpg,raw/isic/masks/ISIC_0000091_segmentation.png
isic_2018_task1_2,segmentation,train,ISIC_0000092,lesion,processed/isic_segmentation/images/train/ISIC_0000092.jpg,processed/isic_segmentation/masks/train/ISIC_0000092.png,raw/isic/images/ISIC_0000092.jpg,raw/isic/masks/ISIC_0000092_segmentation.png
isic_2018_task1_2,segmentation,train,ISIC_0000093,lesion,processed/isic_segmentation/images/train/ISIC_0000093.jpg,processed/isic_segmentation/masks/train/ISIC_0000093.png,raw/isic/images/ISIC_0000093.jpg,raw/isic/masks/ISIC_0000093_segmentation.png
isic_2018_task1_2,segmentation,val,ISIC_0000094,lesion,processed/isic_segmentation/images/val/ISIC_0000094.jpg,processed/isic_segmentation/masks/val/ISIC_0000094.png,raw/isic/images/ISIC_0000094.jpg,raw/isic/masks/ISIC_0000094_segmentation.png
isic_2018_task1_2,segmentation,test,ISIC_0000095,lesion,processed/isic_segmentation/images/test/ISIC_0000095.jpg,processed/isic_segmentation/masks/test/ISIC_0000095.png,raw/isic/images/ISIC_0000095.jpg,raw/isic/masks/ISIC_0000095_segmentation.png
isic_2018_task1_2,segmentation,train,ISIC_0000096,lesion,processed/isic_segmentation/images/train/ISIC_0000096.jpg,processed/isic_segmentation/masks/train/ISIC_0000096.png,raw/isic/images/ISIC_0000096.jpg,raw/isic/masks/ISIC_0000096_segmentation.png
isic_2018_task1_2,segmentation,train,ISIC_0000097,lesion,processed/isic_segmentation/images/train/ISIC_0000097.jpg,processed/isic_segmentation/masks/train/ISIC_0000097.png,raw/isic/images/ISIC_0000097.jpg,raw/isic/masks/ISIC_0000097_segmentation.png
isic_2018_task1_2,segmentation,train,ISIC_0000098,lesion,processed/isic_segmentation/images/train/ISIC_0000098.jpg,processed/isic_segmentation/masks/train/ISIC_0000098.png,raw/isic/images/ISIC_0000098.jpg,raw/isic/masks/ISIC_0000098_segmentation.png
isic_2018_task1_2,segmentation,train,ISIC_0000099,lesion,processed/isic_segmentation/images/train/ISIC_0000099.jpg,processed/isic_segmentation/masks/train/ISIC_0000099.png,raw/isic/images/ISIC_0000099.jpg,raw/isic/masks/ISIC_0000099_segmentation.png
isic_2018_task1_2,segmentation,test,ISIC_0000100,lesion,processed/isic_segmentation/images/test/ISIC_0000100.jpg,processed/isic_segmentation/masks/test/ISIC_0000100.png,raw/isic/images/ISIC_0000100.jpg,raw/isic/masks/ISIC_0000100_segmentation.png
isic_2018_task1_2,segmentation,val,ISIC_0000101,lesion,processed/isic_segmentation/images/val/ISIC_0000101.jpg,processed/isic_segmentation/masks/val/ISIC_0000101.png,raw/isic/images/ISIC_0000101.jpg,raw/isic/masks/ISIC_0000101_segmentation.png
isic_2018_task1_2,segmentation,train,ISIC_0000102,lesion,processed/isic_segmentation/images/train/ISIC_0000102.jpg,processed/isic_segmentation/masks/train/ISIC_0000102.png,raw/isic/images/ISIC_0000102.jpg,raw/isic/masks/ISIC_0000102_segmentation.png
isic_2018_task1_2,segmentation,test,ISIC_0000103,lesion,processed/isic_segmentation/images/test/ISIC_0000103.jpg,processed/isic_segmentation/masks/test/ISIC_0000103.png,raw/isic/images/ISIC_0000103.jpg,raw/isic/masks/ISIC_0000103_segmentation.png
isic_2018_task1_2,segmentation,train,ISIC_0000104,lesion,processed/isic_segmentation/images/train/ISIC_0000104.jpg,processed/isic_segmentation/masks/train/ISIC_0000104.png,raw/isic/images/ISIC_0000104.jpg,raw/isic/masks/ISIC_0000104_segmentation.png
isic_2018_task1_2,segmentation,test,ISIC_0000105,lesion,processed/isic_segmentation/images/test/ISIC_0000105.jpg,processed/isic_segmentation/masks/test/ISIC_0000105.png,raw/isic/images/ISIC_0000105.jpg,raw/isic/masks/ISIC_0000105_segmentation.png
isic_2018_task1_2,segmentation,val,ISIC_0000107,lesion,processed/isic_segmentation/images/val/ISIC_0000107.jpg,processed/isic_segmentation/masks/val/ISIC_0000107.png,raw/isic/images/ISIC_0000107.jpg,raw/isic/masks/ISIC_0000107_segmentation.png
isic_2018_task1_2,segmentation,train,ISIC_0000108,lesion,processed/isic_segmentation/images/train/ISIC_0000108.jpg,processed/isic_segmentation/masks/train/ISIC_0000108.png,raw/isic/images/ISIC_0000108.jpg,raw/isic/masks/ISIC_0000108_segmentation.png
isic_2018_task1_2,segmentation,train,ISIC_0000109,lesion,processed/isic_segmentation/images/train/ISIC_0000109.jpg,processed/isic_segmentation/masks/train/ISIC_0000109.png,raw/isic/images/ISIC_0000109.jpg,raw/isic/masks/ISIC_0000109_segmentation.png
isic_2018_task1_2,segmentation,train,ISIC_0000110,lesion,processed/isic_segmentation/images/train/ISIC_0000110.jpg,processed/isic_segmentation/masks/train/ISIC_0000110.png,raw/isic/images/ISIC_0000110.jpg,raw/isic/masks/ISIC_0000110_segmentation.png
isic_2018_task1_2,segmentation,train,ISIC_0000111,lesion,processed/isic_segmentation/images/train/ISIC_0000111.jpg,processed/isic_segmentation/masks/train/ISIC_0000111.png,raw/isic/images/ISIC_0000111.jpg,raw/isic/masks/ISIC_0000111_segmentation.png
isic_2018_task1_2,segmentation,train,ISIC_0000112,lesion,processed/isic_segmentation/images/train/ISIC_0000112.jpg,processed/isic_segmentation/masks/train/ISIC_0000112.png,raw/isic/images/ISIC_0000112.jpg,raw/isic/masks/ISIC_0000112_segmentation.png
isic_2018_task1_2,segmentation,train,ISIC_0000113,lesion,processed/isic_segmentation/images/train/ISIC_0000113.jpg,processed/isic_segmentation/masks/train/ISIC_0000113.png,raw/isic/images/ISIC_0000113.jpg,raw/isic/masks/ISIC_0000113_segmentation.png
isic_2018_task1_2,segmentation,train,ISIC_0000115,lesion,processed/isic_segmentation/images/train/ISIC_0000115.jpg,processed/isic_segmentation/masks/train/ISIC_0000115.png,raw/isic/images/ISIC_0000115.jpg,raw/isic/masks/ISIC_0000115_segmentation.png
isic_2018_task1_2,segmentation,val,ISIC_0000116,lesion,processed/isic_segmentation/images/val/ISIC_0000116.jpg,processed/isic_segmentation/masks/val/ISIC_0000116.png,raw/isic/images/ISIC_0000116.jpg,raw/isic/masks/ISIC_0000116_segmentation.png
isic_2018_task1_2,segmentation,train,ISIC_0000117,lesion,processed/isic_segmentation/images/train/ISIC_0000117.jpg,processed/isic_segmentation/masks/train/ISIC_0000117.png,raw/isic/images/ISIC_0000117.jpg,raw/isic/masks/ISIC_0000117_segmentation.png
isic_2018_task1_2,segmentation,test,ISIC_0000119,lesion,processed/isic_segmentation/images/test/ISIC_0000119.jpg,processed/isic_segmentation/masks/test/ISIC_0000119.png,raw/isic/images/ISIC_0000119.jpg,raw/isic/masks/ISIC_0000119_segmentation.png
isic_2018_task1_2,segmentation,train,ISIC_0000120,lesion,processed/isic_segmentation/images/train/ISIC_0000120.jpg,processed/isic_segmentation/masks/train/ISIC_0000120.png,raw/isic/images/ISIC_0000120.jpg,raw/isic/masks/ISIC_0000120_segmentation.png
isic_2018_task1_2,segmentation,train,ISIC_0000121,lesion,processed/isic_segmentation/images/train/ISIC_0000121.jpg,processed/isic_segmentation/masks/train/ISIC_0000121.png,raw/isic/images/ISIC_0000121.jpg,raw/isic/masks/ISIC_0000121_segmentation.png
isic_2018_task1_2,segmentation,val,ISIC_0000122,lesion,processed/isic_segmentation/images/val/ISIC_0000122.jpg,processed/isic_segmentation/masks/val/ISIC_0000122.png,raw/isic/images/ISIC_0000122.jpg,raw/isic/masks/ISIC_0000122_segmentation.png
isic_2018_task1_2,segmentation,val,ISIC_0000123,lesion,processed/isic_segmentation/images/val/ISIC_0000123.jpg,processed/isic_segmentation/masks/val/ISIC_0000123.png,raw/isic/images/ISIC_0000123.jpg,raw/isic/masks/ISIC_0000123_segmentation.png
isic_2018_task1_2,segmentation,train,ISIC_0000124,lesion,processed/isic_segmentation/images/train/ISIC_0000124.jpg,processed/isic_segmentation/masks/train/ISIC_0000124.png,raw/isic/images/ISIC_0000124.jpg,raw/isic/masks/ISIC_0000124_segmentation.png
isic_2018_task1_2,segmentation,train,ISIC_0000125,lesion,processed/isic_segmentation/images/train/ISIC_0000125.jpg,processed/isic_segmentation/masks/train/ISIC_0000125.png,raw/isic/images/ISIC_0000125.jpg,raw/isic/masks/ISIC_0000125_segmentation.png
isic_2018_task1_2,segmentation,train,ISIC_0000126,lesion,processed/isic_segmentation/images/train/ISIC_0000126.jpg,processed/isic_segmentation/masks/train/ISIC_0000126.png,raw/isic/images/ISIC_0000126.jpg,raw/isic/masks/ISIC_0000126_segmentation.png
isic_2018_task1_2,segmentation,val,ISIC_0000127,lesion,processed/isic_segmentation/images/val/ISIC_0000127.jpg,processed/isic_segmentation/masks/val/ISIC_0000127.png,raw/isic/images/ISIC_0000127.jpg,raw/isic/masks/ISIC_0000127_segmentation.png
isic_2018_task1_2,segmentation,train,ISIC_0000128,lesion,processed/isic_segmentation/images/train/ISIC_0000128.jpg,processed/isic_segmentation/masks/train/ISIC_0000128.png,raw/isic/images/ISIC_0000128.jpg,raw/isic/masks/ISIC_0000128_segmentation.png
isic_2018_task1_2,segmentation,train,ISIC_0000129,lesion,processed/isic_segmentation/images/train/ISIC_0000129.jpg,processed/isic_segmentation/masks/train/ISIC_0000129.png,raw/isic/images/ISIC_0000129.jpg,raw/isic/masks/ISIC_0000129_segmentation.png
isic_2018_task1_2,segmentation,train,ISIC_0000131,lesion,processed/isic_segmentation/images/train/ISIC_0000131.jpg,processed/isic_segmentation/masks/train/ISIC_0000131.png,raw/isic/images/ISIC_0000131.jpg,raw/isic/masks/ISIC_0000131_segmentation.png
isic_2018_task1_2,segmentation,val,ISIC_0000132,lesion,processed/isic_segmentation/images/val/ISIC_0000132.jpg,processed/isic_segmentation/masks/val/ISIC_0000132.png,raw/isic/images/ISIC_0000132.jpg,raw/isic/masks/ISIC_0000132_segmentation.png
isic_2018_task1_2,segmentation,train,ISIC_0000133,lesion,processed/isic_segmentation/images/train/ISIC_0000133.jpg,processed/isic_segmentation/masks/train/ISIC_0000133.png,raw/isic/images/ISIC_0000133.jpg,raw/isic/masks/ISIC_0000133_segmentation.png
isic_2018_task1_2,segmentation,train,ISIC_0000134,lesion,processed/isic_segmentation/images/train/ISIC_0000134.jpg,processed/isic_segmentation/masks/train/ISIC_0000134.png,raw/isic/images/ISIC_0000134.jpg,raw/isic/masks/ISIC_0000134_segmentation.png
isic_2018_task1_2,segmentation,train,ISIC_0000135,lesion,processed/isic_segmentation/images/train/ISIC_0000135.jpg,processed/isic_segmentation/masks/train/ISIC_0000135.png,raw/isic/images/ISIC_0000135.jpg,raw/isic/masks/ISIC_0000135_segmentation.png
isic_2018_task1_2,segmentation,train,ISIC_0000136,lesion,processed/isic_segmentation/images/train/ISIC_0000136.jpg,processed/isic_segmentation/masks/train/ISIC_0000136.png,raw/isic/images/ISIC_0000136.jpg,raw/isic/masks/ISIC_0000136_segmentation.png
isic_2018_task1_2,segmentation,train,ISIC_0000137,lesion,processed/isic_segmentation/images/train/ISIC_0000137.jpg,processed/isic_segmentation/masks/train/ISIC_0000137.png,raw/isic/images/ISIC_0000137.jpg,raw/isic/masks/ISIC_0000137_segmentation.png
isic_2018_task1_2,segmentation,train,ISIC_0000138,lesion,processed/isic_segmentation/images/train/ISIC_0000138.jpg,processed/isic_segmentation/masks/train/ISIC_0000138.png,raw/isic/images/ISIC_0000138.jpg,raw/isic/masks/ISIC_0000138_segmentation.png
isic_2018_task1_2,segmentation,train,ISIC_0000139,lesion,processed/isic_segmentation/images/train/ISIC_0000139.jpg,processed/isic_segmentation/masks/train/ISIC_0000139.png,raw/isic/images/ISIC_0000139.jpg,raw/isic/masks/ISIC_0000139_segmentation.png
isic_2018_task1_2,segmentation,train,ISIC_0000140,lesion,processed/isic_segmentation/images/train/ISIC_0000140.jpg,processed/isic_segmentation/masks/train/ISIC_0000140.png,raw/isic/images/ISIC_0000140.jpg,raw/isic/masks/ISIC_0000140_segmentation.png
isic_2018_task1_2,segmentation,train,ISIC_0000141,lesion,processed/isic_segmentation/images/train/ISIC_0000141.jpg,processed/isic_segmentation/masks/train/ISIC_0000141.png,raw/isic/images/ISIC_0000141.jpg,raw/isic/masks/ISIC_0000141_segmentation.png
isic_2018_task1_2,segmentation,train,ISIC_0000142,lesion,processed/isic_segmentation/images/train/ISIC_0000142.jpg,processed/isic_segmentation/masks/train/ISIC_0000142.png,raw/isic/images/ISIC_0000142.jpg,raw/isic/masks/ISIC_0000142_segmentation.png
isic_2018_task1_2,segmentation,train,ISIC_0000143,lesion,processed/isic_segmentation/images/train/ISIC_0000143.jpg,processed/isic_segmentation/masks/train/ISIC_0000143.png,raw/isic/images/ISIC_0000143.jpg,raw/isic/masks/ISIC_0000143_segmentation.png
isic_2018_task1_2,segmentation,train,ISIC_0000145,lesion,processed/isic_segmentation/images/train/ISIC_0000145.jpg,processed/isic_segmentation/masks/train/ISIC_0000145.png,raw/isic/images/ISIC_0000145.jpg,raw/isic/masks/ISIC_0000145_segmentation.png
isic_2018_task1_2,segmentation,train,ISIC_0000146,lesion,processed/isic_segmentation/images/train/ISIC_0000146.jpg,processed/isic_segmentation/masks/train/ISIC_0000146.png,raw/isic/images/ISIC_0000146.jpg,raw/isic/masks/ISIC_0000146_segmentation.png
isic_2018_task1_2,segmentation,train,ISIC_0000147,lesion,processed/isic_segmentation/images/train/ISIC_0000147.jpg,processed/isic_segmentation/masks/train/ISIC_0000147.png,raw/isic/images/ISIC_0000147.jpg,raw/isic/masks/ISIC_0000147_segmentation.png
isic_2018_task1_2,segmentation,val,ISIC_0000148,lesion,processed/isic_segmentation/images/val/ISIC_0000148.jpg,processed/isic_segmentation/masks/val/ISIC_0000148.png,raw/isic/images/ISIC_0000148.jpg,raw/isic/masks/ISIC_0000148_segmentation.png
isic_2018_task1_2,segmentation,train,ISIC_0000149,lesion,processed/isic_segmentation/images/train/ISIC_0000149.jpg,processed/isic_segmentation/masks/train/ISIC_0000149.png,raw/isic/images/ISIC_0000149.jpg,raw/isic/masks/ISIC_0000149_segmentation.png
isic_2018_task1_2,segmentation,train,ISIC_0000150,lesion,processed/isic_segmentation/images/train/ISIC_0000150.jpg,processed/isic_segmentation/masks/train/ISIC_0000150.png,raw/isic/images/ISIC_0000150.jpg,raw/isic/masks/ISIC_0000150_segmentation.png
isic_2018_task1_2,segmentation,train,ISIC_0000151,lesion,processed/isic_segmentation/images/train/ISIC_0000151.jpg,processed/isic_segmentation/masks/train/ISIC_0000151.png,raw/isic/images/ISIC_0000151.jpg,raw/isic/masks/ISIC_0000151_segmentation.png
isic_2018_task1_2,segmentation,test,ISIC_0000152,lesion,processed/isic_segmentation/images/test/ISIC_0000152.jpg,processed/isic_segmentation/masks/test/ISIC_0000152.png,raw/isic/images/ISIC_0000152.jpg,raw/isic/masks/ISIC_0000152_segmentation.png
isic_2018_task1_2,segmentation,val,ISIC_0000153,lesion,processed/isic_segmentation/images/val/ISIC_0000153.jpg,processed/isic_segmentation/masks/val/ISIC_0000153.png,raw/isic/images/ISIC_0000153.jpg,raw/isic/masks/ISIC_0000153_segmentation.png
isic_2018_task1_2,segmentation,val,ISIC_0000154,lesion,processed/isic_segmentation/images/val/ISIC_0000154.jpg,processed/isic_segmentation/masks/val/ISIC_0000154.png,raw/isic/images/ISIC_0000154.jpg,raw/isic/masks/ISIC_0000154_segmentation.png
isic_2018_task1_2,segmentation,train,ISIC_0000155,lesion,processed/isic_segmentation/images/train/ISIC_0000155.jpg,processed/isic_segmentation/masks/train/ISIC_0000155.png,raw/isic/images/ISIC_0000155.jpg,raw/isic/masks/ISIC_0000155_segmentation.png
isic_2018_task1_2,segmentation,train,ISIC_0000156,lesion,processed/isic_segmentation/images/train/ISIC_0000156.jpg,processed/isic_segmentation/masks/train/ISIC_0000156.png,raw/isic/images/ISIC_0000156.jpg,raw/isic/masks/ISIC_0000156_segmentation.png
isic_2018_task1_2,segmentation,train,ISIC_0000157,lesion,processed/isic_segmentation/images/train/ISIC_0000157.jpg,processed/isic_segmentation/masks/train/ISIC_0000157.png,raw/isic/images/ISIC_0000157.jpg,raw/isic/masks/ISIC_0000157_segmentation.png
isic_2018_task1_2,segmentation,train,ISIC_0000159,lesion,processed/isic_segmentation/images/train/ISIC_0000159.jpg,processed/isic_segmentation/masks/train/ISIC_0000159.png,raw/isic/images/ISIC_0000159.jpg,raw/isic/masks/ISIC_0000159_segmentation.png
isic_2018_task1_2,segmentation,train,ISIC_0000160,lesion,processed/isic_segmentation/images/train/ISIC_0000160.jpg,processed/isic_segmentation/masks/train/ISIC_0000160.png,raw/isic/images/ISIC_0000160.jpg,raw/isic/masks/ISIC_0000160_segmentation.png
isic_2018_task1_2,segmentation,train,ISIC_0000161,lesion,processed/isic_segmentation/images/train/ISIC_0000161.jpg,processed/isic_segmentation/masks/train/ISIC_0000161.png,raw/isic/images/ISIC_0000161.jpg,raw/isic/masks/ISIC_0000161_segmentation.png
isic_2018_task1_2,segmentation,train,ISIC_0000162,lesion,processed/isic_segmentation/images/train/ISIC_0000162.jpg,processed/isic_segmentation/masks/train/ISIC_0000162.png,raw/isic/images/ISIC_0000162.jpg,raw/isic/masks/ISIC_0000162_segmentation.png
isic_2018_task1_2,segmentation,train,ISIC_0000163,lesion,processed/isic_segmentation/images/train/ISIC_0000163.jpg,processed/isic_segmentation/masks/train/ISIC_0000163.png,raw/isic/images/ISIC_0000163.jpg,raw/isic/masks/ISIC_0000163_segmentation.png
isic_2018_task1_2,segmentation,val,ISIC_0000164,lesion,processed/isic_segmentation/images/val/ISIC_0000164.jpg,processed/isic_segmentation/masks/val/ISIC_0000164.png,raw/isic/images/ISIC_0000164.jpg,raw/isic/masks/ISIC_0000164_segmentation.png
isic_2018_task1_2,segmentation,train,ISIC_0000165,lesion,processed/isic_segmentation/images/train/ISIC_0000165.jpg,processed/isic_segmentation/masks/train/ISIC_0000165.png,raw/isic/images/ISIC_0000165.jpg,raw/isic/masks/ISIC_0000165_segmentation.png
isic_2018_task1_2,segmentation,test,ISIC_0000166,lesion,processed/isic_segmentation/images/test/ISIC_0000166.jpg,processed/isic_segmentation/masks/test/ISIC_0000166.png,raw/isic/images/ISIC_0000166.jpg,raw/isic/masks/ISIC_0000166_segmentation.png
isic_2018_task1_2,segmentation,train,ISIC_0000167,lesion,processed/isic_segmentation/images/train/ISIC_0000167.jpg,processed/isic_segmentation/masks/train/ISIC_0000167.png,raw/isic/images/ISIC_0000167.jpg,raw/isic/masks/ISIC_0000167_segmentation.png
isic_2018_task1_2,segmentation,train,ISIC_0000169,lesion,processed/isic_segmentation/images/train/ISIC_0000169.jpg,processed/isic_segmentation/masks/train/ISIC_0000169.png,raw/isic/images/ISIC_0000169.jpg,raw/isic/masks/ISIC_0000169_segmentation.png
isic_2018_task1_2,segmentation,train,ISIC_0000170,lesion,processed/isic_segmentation/images/train/ISIC_0000170.jpg,processed/isic_segmentation/masks/train/ISIC_0000170.png,raw/isic/images/ISIC_0000170.jpg,raw/isic/masks/ISIC_0000170_segmentation.png
isic_2018_task1_2,segmentation,val,ISIC_0000171,lesion,processed/isic_segmentation/images/val/ISIC_0000171.jpg,processed/isic_segmentation/masks/val/ISIC_0000171.png,raw/isic/images/ISIC_0000171.jpg,raw/isic/masks/ISIC_0000171_segmentation.png
isic_2018_task1_2,segmentation,train,ISIC_0000172,lesion,processed/isic_segmentation/images/train/ISIC_0000172.jpg,processed/isic_segmentation/masks/train/ISIC_0000172.png,raw/isic/images/ISIC_0000172.jpg,raw/isic/masks/ISIC_0000172_segmentation.png
isic_2018_task1_2,segmentation,train,ISIC_0000173,lesion,processed/isic_segmentation/images/train/ISIC_0000173.jpg,processed/isic_segmentation/masks/train/ISIC_0000173.png,raw/isic/images/ISIC_0000173.jpg,raw/isic/masks/ISIC_0000173_segmentation.png
isic_2018_task1_2,segmentation,train,ISIC_0000175,lesion,processed/isic_segmentation/images/train/ISIC_0000175.jpg,processed/isic_segmentation/masks/train/ISIC_0000175.png,raw/isic/images/ISIC_0000175.jpg,raw/isic/masks/ISIC_0000175_segmentation.png
isic_2018_task1_2,segmentation,train,ISIC_0000176,lesion,processed/isic_segmentation/images/train/ISIC_0000176.jpg,processed/isic_segmentation/masks/train/ISIC_0000176.png,raw/isic/images/ISIC_0000176.jpg,raw/isic/masks/ISIC_0000176_segmentation.png
isic_2018_task1_2,segmentation,train,ISIC_0000177,lesion,processed/isic_segmentation/images/train/ISIC_0000177.jpg,processed/isic_segmentation/masks/train/ISIC_0000177.png,raw/isic/images/ISIC_0000177.jpg,raw/isic/masks/ISIC_0000177_segmentation.png
isic_2018_task1_2,segmentation,val,ISIC_0000179,lesion,processed/isic_segmentation/images/val/ISIC_0000179.jpg,processed/isic_segmentation/masks/val/ISIC_0000179.png,raw/isic/images/ISIC_0000179.jpg,raw/isic/masks/ISIC_0000179_segmentation.png
isic_2018_task1_2,segmentation,train,ISIC_0000181,lesion,processed/isic_segmentation/images/train/ISIC_0000181.jpg,processed/isic_segmentation/masks/train/ISIC_0000181.png,raw/isic/images/ISIC_0000181.jpg,raw/isic/masks/ISIC_0000181_segmentation.png
isic_2018_task1_2,segmentation,train,ISIC_0000182,lesion,processed/isic_segmentation/images/train/ISIC_0000182.jpg,processed/isic_segmentation/masks/train/ISIC_0000182.png,raw/isic/images/ISIC_0000182.jpg,raw/isic/masks/ISIC_0000182_segmentation.png
isic_2018_task1_2,segmentation,train,ISIC_0000183,lesion,processed/isic_segmentation/images/train/ISIC_0000183.jpg,processed/isic_segmentation/masks/train/ISIC_0000183.png,raw/isic/images/ISIC_0000183.jpg,raw/isic/masks/ISIC_0000183_segmentation.png
isic_2018_task1_2,segmentation,train,ISIC_0000184,lesion,processed/isic_segmentation/images/train/ISIC_0000184.jpg,processed/isic_segmentation/masks/train/ISIC_0000184.png,raw/isic/images/ISIC_0000184.jpg,raw/isic/masks/ISIC_0000184_segmentation.png
isic_2018_task1_2,segmentation,train,ISIC_0000185,lesion,processed/isic_segmentation/images/train/ISIC_0000185.jpg,processed/isic_segmentation/masks/train/ISIC_0000185.png,raw/isic/images/ISIC_0000185.jpg,raw/isic/masks/ISIC_0000185_segmentation.png
isic_2018_task1_2,segmentation,train,ISIC_0000186,lesion,processed/isic_segmentation/images/train/ISIC_0000186.jpg,processed/isic_segmentation/masks/train/ISIC_0000186.png,raw/isic/images/ISIC_0000186.jpg,raw/isic/masks/ISIC_0000186_segmentation.png
isic_2018_task1_2,segmentation,train,ISIC_0000187,lesion,processed/isic_segmentation/images/train/ISIC_0000187.jpg,processed/isic_segmentation/masks/train/ISIC_0000187.png,raw/isic/images/ISIC_0000187.jpg,raw/isic/masks/ISIC_0000187_segmentation.png
isic_2018_task1_2,segmentation,train,ISIC_0000188,lesion,processed/isic_segmentation/images/train/ISIC_0000188.jpg,processed/isic_segmentation/masks/train/ISIC_0000188.png,raw/isic/images/ISIC_0000188.jpg,raw/isic/masks/ISIC_0000188_segmentation.png
isic_2018_task1_2,segmentation,train,ISIC_0000189,lesion,processed/isic_segmentation/images/train/ISIC_0000189.jpg,processed/isic_segmentation/masks/train/ISIC_0000189.png,raw/isic/images/ISIC_0000189.jpg,raw/isic/masks/ISIC_0000189_segmentation.png
isic_2018_task1_2,segmentation,train,ISIC_0000190,lesion,processed/isic_segmentation/images/train/ISIC_0000190.jpg,processed/isic_segmentation/masks/train/ISIC_0000190.png,raw/isic/images/ISIC_0000190.jpg,raw/isic/masks/ISIC_0000190_segmentation.png
isic_2018_task1_2,segmentation,train,ISIC_0000191,lesion,processed/isic_segmentation/images/train/ISIC_0000191.jpg,processed/isic_segmentation/masks/train/ISIC_0000191.png,raw/isic/images/ISIC_0000191.jpg,raw/isic/masks/ISIC_0000191_segmentation.png
isic_2018_task1_2,segmentation,train,ISIC_0000192,lesion,processed/isic_segmentation/images/train/ISIC_0000192.jpg,processed/isic_segmentation/masks/train/ISIC_0000192.png,raw/isic/images/ISIC_0000192.jpg,raw/isic/masks/ISIC_0000192_segmentation.png
isic_2018_task1_2,segmentation,train,ISIC_0000193,lesion,processed/isic_segmentation/images/train/ISIC_0000193.jpg,processed/isic_segmentation/masks/train/ISIC_0000193.png,raw/isic/images/ISIC_0000193.jpg,raw/isic/masks/ISIC_0000193_segmentation.png
isic_2018_task1_2,segmentation,train,ISIC_0000196,lesion,processed/isic_segmentation/images/train/ISIC_0000196.jpg,processed/isic_segmentation/masks/train/ISIC_0000196.png,raw/isic/images/ISIC_0000196.jpg,raw/isic/masks/ISIC_0000196_segmentation.png
isic_2018_task1_2,segmentation,val,ISIC_0000197,lesion,processed/isic_segmentation/images/val/ISIC_0000197.jpg,processed/isic_segmentation/masks/val/ISIC_0000197.png,raw/isic/images/ISIC_0000197.jpg,raw/isic/masks/ISIC_0000197_segmentation.png
isic_2018_task1_2,segmentation,train,ISIC_0000198,lesion,processed/isic_segmentation/images/train/ISIC_0000198.jpg,processed/isic_segmentation/masks/train/ISIC_0000198.png,raw/isic/images/ISIC_0000198.jpg,raw/isic/masks/ISIC_0000198_segmentation.png
isic_2018_task1_2,segmentation,train,ISIC_0000199,lesion,processed/isic_segmentation/images/train/ISIC_0000199.jpg,processed/isic_segmentation/masks/train/ISIC_0000199.png,raw/isic/images/ISIC_0000199.jpg,raw/isic/masks/ISIC_0000199_segmentation.png
isic_2018_task1_2,segmentation,train,ISIC_0000200,lesion,processed/isic_segmentation/images/train/ISIC_0000200.jpg,processed/isic_segmentation/masks/train/ISIC_0000200.png,raw/isic/images/ISIC_0000200.jpg,raw/isic/masks/ISIC_0000200_segmentation.png
isic_2018_task1_2,segmentation,val,ISIC_0000201,lesion,processed/isic_segmentation/images/val/ISIC_0000201.jpg,processed/isic_segmentation/masks/val/ISIC_0000201.png,raw/isic/images/ISIC_0000201.jpg,raw/isic/masks/ISIC_0000201_segmentation.png
isic_2018_task1_2,segmentation,val,ISIC_0000202,lesion,processed/isic_segmentation/images/val/ISIC_0000202.jpg,processed/isic_segmentation/masks/val/ISIC_0000202.png,raw/isic/images/ISIC_0000202.jpg,raw/isic/masks/ISIC_0000202_segmentation.png
isic_2018_task1_2,segmentation,test,ISIC_0000203,lesion,processed/isic_segmentation/images/test/ISIC_0000203.jpg,processed/isic_segmentation/masks/test/ISIC_0000203.png,raw/isic/images/ISIC_0000203.jpg,raw/isic/masks/ISIC_0000203_segmentation.png
isic_2018_task1_2,segmentation,train,ISIC_0000204,lesion,processed/isic_segmentation/images/train/ISIC_0000204.jpg,processed/isic_segmentation/masks/train/ISIC_0000204.png,raw/isic/images/ISIC_0000204.jpg,raw/isic/masks/ISIC_0000204_segmentation.png
isic_2018_task1_2,segmentation,train,ISIC_0000205,lesion,processed/isic_segmentation/images/train/ISIC_0000205.jpg,processed/isic_segmentation/masks/train/ISIC_0000205.png,raw/isic/images/ISIC_0000205.jpg,raw/isic/masks/ISIC_0000205_segmentation.png
isic_2018_task1_2,segmentation,train,ISIC_0000206,lesion,processed/isic_segmentation/images/train/ISIC_0000206.jpg,processed/isic_segmentation/masks/train/ISIC_0000206.png,raw/isic/images/ISIC_0000206.jpg,raw/isic/masks/ISIC_0000206_segmentation.png
isic_2018_task1_2,segmentation,train,ISIC_0000207,lesion,processed/isic_segmentation/images/train/ISIC_0000207.jpg,processed/isic_segmentation/masks/train/ISIC_0000207.png,raw/isic/images/ISIC_0000207.jpg,raw/isic/masks/ISIC_0000207_segmentation.png
isic_2018_task1_2,segmentation,train,ISIC_0000208,lesion,processed/isic_segmentation/images/train/ISIC_0000208.jpg,processed/isic_segmentation/masks/train/ISIC_0000208.png,raw/isic/images/ISIC_0000208.jpg,raw/isic/masks/ISIC_0000208_segmentation.png
isic_2018_task1_2,segmentation,train,ISIC_0000209,lesion,processed/isic_segmentation/images/train/ISIC_0000209.jpg,processed/isic_segmentation/masks/train/ISIC_0000209.png,raw/isic/images/ISIC_0000209.jpg,raw/isic/masks/ISIC_0000209_segmentation.png
isic_2018_task1_2,segmentation,val,ISIC_0000210,lesion,processed/isic_segmentation/images/val/ISIC_0000210.jpg,processed/isic_segmentation/masks/val/ISIC_0000210.png,raw/isic/images/ISIC_0000210.jpg,raw/isic/masks/ISIC_0000210_segmentation.png
isic_2018_task1_2,segmentation,train,ISIC_0000211,lesion,processed/isic_segmentation/images/train/ISIC_0000211.jpg,processed/isic_segmentation/masks/train/ISIC_0000211.png,raw/isic/images/ISIC_0000211.jpg,raw/isic/masks/ISIC_0000211_segmentation.png
isic_2018_task1_2,segmentation,train,ISIC_0000212,lesion,processed/isic_segmentation/images/train/ISIC_0000212.jpg,processed/isic_segmentation/masks/train/ISIC_0000212.png,raw/isic/images/ISIC_0000212.jpg,raw/isic/masks/ISIC_0000212_segmentation.png
isic_2018_task1_2,segmentation,val,ISIC_0000213,lesion,processed/isic_segmentation/images/val/ISIC_0000213.jpg,processed/isic_segmentation/masks/val/ISIC_0000213.png,raw/isic/images/ISIC_0000213.jpg,raw/isic/masks/ISIC_0000213_segmentation.png
isic_2018_task1_2,segmentation,train,ISIC_0000214,lesion,processed/isic_segmentation/images/train/ISIC_0000214.jpg,processed/isic_segmentation/masks/train/ISIC_0000214.png,raw/isic/images/ISIC_0000214.jpg,raw/isic/masks/ISIC_0000214_segmentation.png
isic_2018_task1_2,segmentation,train,ISIC_0000215,lesion,processed/isic_segmentation/images/train/ISIC_0000215.jpg,processed/isic_segmentation/masks/train/ISIC_0000215.png,raw/isic/images/ISIC_0000215.jpg,raw/isic/masks/ISIC_0000215_segmentation.png
isic_2018_task1_2,segmentation,train,ISIC_0000216,lesion,processed/isic_segmentation/images/train/ISIC_0000216.jpg,processed/isic_segmentation/masks/train/ISIC_0000216.png,raw/isic/images/ISIC_0000216.jpg,raw/isic/masks/ISIC_0000216_segmentation.png
isic_2018_task1_2,segmentation,test,ISIC_0000217,lesion,processed/isic_segmentation/images/test/ISIC_0000217.jpg,processed/isic_segmentation/masks/test/ISIC_0000217.png,raw/isic/images/ISIC_0000217.jpg,raw/isic/masks/ISIC_0000217_segmentation.png
isic_2018_task1_2,segmentation,val,ISIC_0000218,lesion,processed/isic_segmentation/images/val/ISIC_0000218.jpg,processed/isic_segmentation/masks/val/ISIC_0000218.png,raw/isic/images/ISIC_0000218.jpg,raw/isic/masks/ISIC_0000218_segmentation.png
isic_2018_task1_2,segmentation,train,ISIC_0000219,lesion,processed/isic_segmentation/images/train/ISIC_0000219.jpg,processed/isic_segmentation/masks/train/ISIC_0000219.png,raw/isic/images/ISIC_0000219.jpg,raw/isic/masks/ISIC_0000219_segmentation.png
isic_2018_task1_2,segmentation,train,ISIC_0000220,lesion,processed/isic_segmentation/images/train/ISIC_0000220.jpg,processed/isic_segmentation/masks/train/ISIC_0000220.png,raw/isic/images/ISIC_0000220.jpg,raw/isic/masks/ISIC_0000220_segmentation.png
isic_2018_task1_2,segmentation,train,ISIC_0000221,lesion,processed/isic_segmentation/images/train/ISIC_0000221.jpg,processed/isic_segmentation/masks/train/ISIC_0000221.png,raw/isic/images/ISIC_0000221.jpg,raw/isic/masks/ISIC_0000221_segmentation.png
isic_2018_task1_2,segmentation,val,ISIC_0000222,lesion,processed/isic_segmentation/images/val/ISIC_0000222.jpg,processed/isic_segmentation/masks/val/ISIC_0000222.png,raw/isic/images/ISIC_0000222.jpg,raw/isic/masks/ISIC_0000222_segmentation.png
isic_2018_task1_2,segmentation,val,ISIC_0000223,lesion,processed/isic_segmentation/images/val/ISIC_0000223.jpg,processed/isic_segmentation/masks/val/ISIC_0000223.png,raw/isic/images/ISIC_0000223.jpg,raw/isic/masks/ISIC_0000223_segmentation.png
isic_2018_task1_2,segmentation,train,ISIC_0000224,lesion,processed/isic_segmentation/images/train/ISIC_0000224.jpg,processed/isic_segmentation/masks/train/ISIC_0000224.png,raw/isic/images/ISIC_0000224.jpg,raw/isic/masks/ISIC_0000224_segmentation.png
isic_2018_task1_2,segmentation,val,ISIC_0000225,lesion,processed/isic_segmentation/images/val/ISIC_0000225.jpg,processed/isic_segmentation/masks/val/ISIC_0000225.png,raw/isic/images/ISIC_0000225.jpg,raw/isic/masks/ISIC_0000225_segmentation.png
isic_2018_task1_2,segmentation,train,ISIC_0000226,lesion,processed/isic_segmentation/images/train/ISIC_0000226.jpg,processed/isic_segmentation/masks/train/ISIC_0000226.png,raw/isic/images/ISIC_0000226.jpg,raw/isic/masks/ISIC_0000226_segmentation.png
isic_2018_task1_2,segmentation,test,ISIC_0000227,lesion,processed/isic_segmentation/images/test/ISIC_0000227.jpg,processed/isic_segmentation/masks/test/ISIC_0000227.png,raw/isic/images/ISIC_0000227.jpg,raw/isic/masks/ISIC_0000227_segmentation.png
isic_2018_task1_2,segmentation,val,ISIC_0000228,lesion,processed/isic_segmentation/images/val/ISIC_0000228.jpg,processed/isic_segmentation/masks/val/ISIC_0000228.png,raw/isic/images/ISIC_0000228.jpg,raw/isic/masks/ISIC_0000228_segmentation.png
isic_2018_task1_2,segmentation,train,ISIC_0000229,lesion,processed/isic_segmentation/images/train/ISIC_0000229.jpg,processed/isic_segmentation/masks/train/ISIC_0000229.png,raw/isic/images/ISIC_0000229.jpg,raw/isic/masks/ISIC_0000229_segmentation.png
isic_2018_task1_2,segmentation,train,ISIC_0000230,lesion,processed/isic_segmentation/images/train/ISIC_0000230.jpg,processed/isic_segmentation/masks/train/ISIC_0000230.png,raw/isic/images/ISIC_0000230.jpg,raw/isic/masks/ISIC_0000230_segmentation.png
isic_2018_task1_2,segmentation,train,ISIC_0000231,lesion,processed/isic_segmentation/images/train/ISIC_0000231.jpg,processed/isic_segmentation/masks/train/ISIC_0000231.png,raw/isic/images/ISIC_0000231.jpg,raw/isic/masks/ISIC_0000231_segmentation.png
isic_2018_task1_2,segmentation,train,ISIC_0000232,lesion,processed/isic_segmentation/images/train/ISIC_0000232.jpg,processed/isic_segmentation/masks/train/ISIC_0000232.png,raw/isic/images/ISIC_0000232.jpg,raw/isic/masks/ISIC_0000232_segmentation.png
isic_2018_task1_2,segmentation,val,ISIC_0000233,lesion,processed/isic_segmentation/images/val/ISIC_0000233.jpg,processed/isic_segmentation/masks/val/ISIC_0000233.png,raw/isic/images/ISIC_0000233.jpg,raw/isic/masks/ISIC_0000233_segmentation.png
isic_2018_task1_2,segmentation,train,ISIC_0000234,lesion,processed/isic_segmentation/images/train/ISIC_0000234.jpg,processed/isic_segmentation/masks/train/ISIC_0000234.png,raw/isic/images/ISIC_0000234.jpg,raw/isic/masks/ISIC_0000234_segmentation.png
isic_2018_task1_2,segmentation,val,ISIC_0000235,lesion,processed/isic_segmentation/images/val/ISIC_0000235.jpg,processed/isic_segmentation/masks/val/ISIC_0000235.png,raw/isic/images/ISIC_0000235.jpg,raw/isic/masks/ISIC_0000235_segmentation.png
isic_2018_task1_2,segmentation,train,ISIC_0000236,lesion,processed/isic_segmentation/images/train/ISIC_0000236.jpg,processed/isic_segmentation/masks/train/ISIC_0000236.png,raw/isic/images/ISIC_0000236.jpg,raw/isic/masks/ISIC_0000236_segmentation.png
isic_2018_task1_2,segmentation,train,ISIC_0000239,lesion,processed/isic_segmentation/images/train/ISIC_0000239.jpg,processed/isic_segmentation/masks/train/ISIC_0000239.png,raw/isic/images/ISIC_0000239.jpg,raw/isic/masks/ISIC_0000239_segmentation.png
isic_2018_task1_2,segmentation,val,ISIC_0000240,lesion,processed/isic_segmentation/images/val/ISIC_0000240.jpg,processed/isic_segmentation/masks/val/ISIC_0000240.png,raw/isic/images/ISIC_0000240.jpg,raw/isic/masks/ISIC_0000240_segmentation.png
isic_2018_task1_2,segmentation,train,ISIC_0000242,lesion,processed/isic_segmentation/images/train/ISIC_0000242.jpg,processed/isic_segmentation/masks/train/ISIC_0000242.png,raw/isic/images/ISIC_0000242.jpg,raw/isic/masks/ISIC_0000242_segmentation.png
isic_2018_task1_2,segmentation,train,ISIC_0000243,lesion,processed/isic_segmentation/images/train/ISIC_0000243.jpg,processed/isic_segmentation/masks/train/ISIC_0000243.png,raw/isic/images/ISIC_0000243.jpg,raw/isic/masks/ISIC_0000243_segmentation.png
isic_2018_task1_2,segmentation,train,ISIC_0000244,lesion,processed/isic_segmentation/images/train/ISIC_0000244.jpg,processed/isic_segmentation/masks/train/ISIC_0000244.png,raw/isic/images/ISIC_0000244.jpg,raw/isic/masks/ISIC_0000244_segmentation.png
isic_2018_task1_2,segmentation,train,ISIC_0000245,lesion,processed/isic_segmentation/images/train/ISIC_0000245.jpg,processed/isic_segmentation/masks/train/ISIC_0000245.png,raw/isic/images/ISIC_0000245.jpg,raw/isic/masks/ISIC_0000245_segmentation.png
isic_2018_task1_2,segmentation,train,ISIC_0000246,lesion,processed/isic_segmentation/images/train/ISIC_0000246.jpg,processed/isic_segmentation/masks/train/ISIC_0000246.png,raw/isic/images/ISIC_0000246.jpg,raw/isic/masks/ISIC_0000246_segmentation.png
isic_2018_task1_2,segmentation,train,ISIC_0000247,lesion,processed/isic_segmentation/images/train/ISIC_0000247.jpg,processed/isic_segmentation/masks/train/ISIC_0000247.png,raw/isic/images/ISIC_0000247.jpg,raw/isic/masks/ISIC_0000247_segmentation.png
isic_2018_task1_2,segmentation,train,ISIC_0000249,lesion,processed/isic_segmentation/images/train/ISIC_0000249.jpg,processed/isic_segmentation/masks/train/ISIC_0000249.png,raw/isic/images/ISIC_0000249.jpg,raw/isic/masks/ISIC_0000249_segmentation.png
isic_2018_task1_2,segmentation,train,ISIC_0000250,lesion,processed/isic_segmentation/images/train/ISIC_0000250.jpg,processed/isic_segmentation/masks/train/ISIC_0000250.png,raw/isic/images/ISIC_0000250.jpg,raw/isic/masks/ISIC_0000250_segmentation.png
isic_2018_task1_2,segmentation,train,ISIC_0000251,lesion,processed/isic_segmentation/images/train/ISIC_0000251.jpg,processed/isic_segmentation/masks/train/ISIC_0000251.png,raw/isic/images/ISIC_0000251.jpg,raw/isic/masks/ISIC_0000251_segmentation.png
isic_2018_task1_2,segmentation,train,ISIC_0000252,lesion,processed/isic_segmentation/images/train/ISIC_0000252.jpg,processed/isic_segmentation/masks/train/ISIC_0000252.png,raw/isic/images/ISIC_0000252.jpg,raw/isic/masks/ISIC_0000252_segmentation.png
isic_2018_task1_2,segmentation,train,ISIC_0000253,lesion,processed/isic_segmentation/images/train/ISIC_0000253.jpg,processed/isic_segmentation/masks/train/ISIC_0000253.png,raw/isic/images/ISIC_0000253.jpg,raw/isic/masks/ISIC_0000253_segmentation.png
isic_2018_task1_2,segmentation,train,ISIC_0000254,lesion,processed/isic_segmentation/images/train/ISIC_0000254.jpg,processed/isic_segmentation/masks/train/ISIC_0000254.png,raw/isic/images/ISIC_0000254.jpg,raw/isic/masks/ISIC_0000254_segmentation.png
isic_2018_task1_2,segmentation,val,ISIC_0000255,lesion,processed/isic_segmentation/images/val/ISIC_0000255.jpg,processed/isic_segmentation/masks/val/ISIC_0000255.png,raw/isic/images/ISIC_0000255.jpg,raw/isic/masks/ISIC_0000255_segmentation.png
isic_2018_task1_2,segmentation,val,ISIC_0000256,lesion,processed/isic_segmentation/images/val/ISIC_0000256.jpg,processed/isic_segmentation/masks/val/ISIC_0000256.png,raw/isic/images/ISIC_0000256.jpg,raw/isic/masks/ISIC_0000256_segmentation.png
isic_2018_task1_2,segmentation,train,ISIC_0000258,lesion,processed/isic_segmentation/images/train/ISIC_0000258.jpg,processed/isic_segmentation/masks/train/ISIC_0000258.png,raw/isic/images/ISIC_0000258.jpg,raw/isic/masks/ISIC_0000258_segmentation.png
isic_2018_task1_2,segmentation,val,ISIC_0000259,lesion,processed/isic_segmentation/images/val/ISIC_0000259.jpg,processed/isic_segmentation/masks/val/ISIC_0000259.png,raw/isic/images/ISIC_0000259.jpg,raw/isic/masks/ISIC_0000259_segmentation.png
isic_2018_task1_2,segmentation,train,ISIC_0000260,lesion,processed/isic_segmentation/images/train/ISIC_0000260.jpg,processed/isic_segmentation/masks/train/ISIC_0000260.png,raw/isic/images/ISIC_0000260.jpg,raw/isic/masks/ISIC_0000260_segmentation.png
isic_2018_task1_2,segmentation,test,ISIC_0000261,lesion,processed/isic_segmentation/images/test/ISIC_0000261.jpg,processed/isic_segmentation/masks/test/ISIC_0000261.png,raw/isic/images/ISIC_0000261.jpg,raw/isic/masks/ISIC_0000261_segmentation.png
isic_2018_task1_2,segmentation,train,ISIC_0000262,lesion,processed/isic_segmentation/images/train/ISIC_0000262.jpg,processed/isic_segmentation/masks/train/ISIC_0000262.png,raw/isic/images/ISIC_0000262.jpg,raw/isic/masks/ISIC_0000262_segmentation.png
isic_2018_task1_2,segmentation,train,ISIC_0000263,lesion,processed/isic_segmentation/images/train/ISIC_0000263.jpg,processed/isic_segmentation/masks/train/ISIC_0000263.png,raw/isic/images/ISIC_0000263.jpg,raw/isic/masks/ISIC_0000263_segmentation.png
isic_2018_task1_2,segmentation,test,ISIC_0000264,lesion,processed/isic_segmentation/images/test/ISIC_0000264.jpg,processed/isic_segmentation/masks/test/ISIC_0000264.png,raw/isic/images/ISIC_0000264.jpg,raw/isic/masks/ISIC_0000264_segmentation.png
isic_2018_task1_2,segmentation,val,ISIC_0000265,lesion,processed/isic_segmentation/images/val/ISIC_0000265.jpg,processed/isic_segmentation/masks/val/ISIC_0000265.png,raw/isic/images/ISIC_0000265.jpg,raw/isic/masks/ISIC_0000265_segmentation.png
isic_2018_task1_2,segmentation,val,ISIC_0000268,lesion,processed/isic_segmentation/images/val/ISIC_0000268.jpg,processed/isic_segmentation/masks/val/ISIC_0000268.png,raw/isic/images/ISIC_0000268.jpg,raw/isic/masks/ISIC_0000268_segmentation.png
isic_2018_task1_2,segmentation,train,ISIC_0000269,lesion,processed/isic_segmentation/images/train/ISIC_0000269.jpg,processed/isic_segmentation/masks/train/ISIC_0000269.png,raw/isic/images/ISIC_0000269.jpg,raw/isic/masks/ISIC_0000269_segmentation.png
isic_2018_task1_2,segmentation,train,ISIC_0000271,lesion,processed/isic_segmentation/images/train/ISIC_0000271.jpg,processed/isic_segmentation/masks/train/ISIC_0000271.png,raw/isic/images/ISIC_0000271.jpg,raw/isic/masks/ISIC_0000271_segmentation.png
isic_2018_task1_2,segmentation,train,ISIC_0000274,lesion,processed/isic_segmentation/images/train/ISIC_0000274.jpg,processed/isic_segmentation/masks/train/ISIC_0000274.png,raw/isic/images/ISIC_0000274.jpg,raw/isic/masks/ISIC_0000274_segmentation.png
isic_2018_task1_2,segmentation,train,ISIC_0000275,lesion,processed/isic_segmentation/images/train/ISIC_0000275.jpg,processed/isic_segmentation/masks/train/ISIC_0000275.png,raw/isic/images/ISIC_0000275.jpg,raw/isic/masks/ISIC_0000275_segmentation.png
isic_2018_task1_2,segmentation,val,ISIC_0000276,lesion,processed/isic_segmentation/images/val/ISIC_0000276.jpg,processed/isic_segmentation/masks/val/ISIC_0000276.png,raw/isic/images/ISIC_0000276.jpg,raw/isic/masks/ISIC_0000276_segmentation.png
isic_2018_task1_2,segmentation,train,ISIC_0000277,lesion,processed/isic_segmentation/images/train/ISIC_0000277.jpg,processed/isic_segmentation/masks/train/ISIC_0000277.png,raw/isic/images/ISIC_0000277.jpg,raw/isic/masks/ISIC_0000277_segmentation.png
isic_2018_task1_2,segmentation,test,ISIC_0000278,lesion,processed/isic_segmentation/images/test/ISIC_0000278.jpg,processed/isic_segmentation/masks/test/ISIC_0000278.png,raw/isic/images/ISIC_0000278.jpg,raw/isic/masks/ISIC_0000278_segmentation.png
isic_2018_task1_2,segmentation,train,ISIC_0000279,lesion,processed/isic_segmentation/images/train/ISIC_0000279.jpg,processed/isic_segmentation/masks/train/ISIC_0000279.png,raw/isic/images/ISIC_0000279.jpg,raw/isic/masks/ISIC_0000279_segmentation.png
isic_2018_task1_2,segmentation,val,ISIC_0000281,lesion,processed/isic_segmentation/images/val/ISIC_0000281.jpg,processed/isic_segmentation/masks/val/ISIC_0000281.png,raw/isic/images/ISIC_0000281.jpg,raw/isic/masks/ISIC_0000281_segmentation.png
isic_2018_task1_2,segmentation,train,ISIC_0000282,lesion,processed/isic_segmentation/images/train/ISIC_0000282.jpg,processed/isic_segmentation/masks/train/ISIC_0000282.png,raw/isic/images/ISIC_0000282.jpg,raw/isic/masks/ISIC_0000282_segmentation.png
isic_2018_task1_2,segmentation,train,ISIC_0000283,lesion,processed/isic_segmentation/images/train/ISIC_0000283.jpg,processed/isic_segmentation/masks/train/ISIC_0000283.png,raw/isic/images/ISIC_0000283.jpg,raw/isic/masks/ISIC_0000283_segmentation.png
isic_2018_task1_2,segmentation,val,ISIC_0000287,lesion,processed/isic_segmentation/images/val/ISIC_0000287.jpg,processed/isic_segmentation/masks/val/ISIC_0000287.png,raw/isic/images/ISIC_0000287.jpg,raw/isic/masks/ISIC_0000287_segmentation.png
isic_2018_task1_2,segmentation,train,ISIC_0000288,lesion,processed/isic_segmentation/images/train/ISIC_0000288.jpg,processed/isic_segmentation/masks/train/ISIC_0000288.png,raw/isic/images/ISIC_0000288.jpg,raw/isic/masks/ISIC_0000288_segmentation.png
isic_2018_task1_2,segmentation,train,ISIC_0000290,lesion,processed/isic_segmentation/images/train/ISIC_0000290.jpg,processed/isic_segmentation/masks/train/ISIC_0000290.png,raw/isic/images/ISIC_0000290.jpg,raw/isic/masks/ISIC_0000290_segmentation.png
isic_2018_task1_2,segmentation,val,ISIC_0000292,lesion,processed/isic_segmentation/images/val/ISIC_0000292.jpg,processed/isic_segmentation/masks/val/ISIC_0000292.png,raw/isic/images/ISIC_0000292.jpg,raw/isic/masks/ISIC_0000292_segmentation.png
isic_2018_task1_2,segmentation,train,ISIC_0000293,lesion,processed/isic_segmentation/images/train/ISIC_0000293.jpg,processed/isic_segmentation/masks/train/ISIC_0000293.png,raw/isic/images/ISIC_0000293.jpg,raw/isic/masks/ISIC_0000293_segmentation.png
isic_2018_task1_2,segmentation,train,ISIC_0000294,lesion,processed/isic_segmentation/images/train/ISIC_0000294.jpg,processed/isic_segmentation/masks/train/ISIC_0000294.png,raw/isic/images/ISIC_0000294.jpg,raw/isic/masks/ISIC_0000294_segmentation.png
isic_2018_task1_2,segmentation,train,ISIC_0000295,lesion,processed/isic_segmentation/images/train/ISIC_0000295.jpg,processed/isic_segmentation/masks/train/ISIC_0000295.png,raw/isic/images/ISIC_0000295.jpg,raw/isic/masks/ISIC_0000295_segmentation.png
isic_2018_task1_2,segmentation,train,ISIC_0000297,lesion,processed/isic_segmentation/images/train/ISIC_0000297.jpg,processed/isic_segmentation/masks/train/ISIC_0000297.png,raw/isic/images/ISIC_0000297.jpg,raw/isic/masks/ISIC_0000297_segmentation.png
isic_2018_task1_2,segmentation,train,ISIC_0000298,lesion,processed/isic_segmentation/images/train/ISIC_0000298.jpg,processed/isic_segmentation/masks/train/ISIC_0000298.png,raw/isic/images/ISIC_0000298.jpg,raw/isic/masks/ISIC_0000298_segmentation.png
isic_2018_task1_2,segmentation,train,ISIC_0000299,lesion,processed/isic_segmentation/images/train/ISIC_0000299.jpg,processed/isic_segmentation/masks/train/ISIC_0000299.png,raw/isic/images/ISIC_0000299.jpg,raw/isic/masks/ISIC_0000299_segmentation.png
isic_2018_task1_2,segmentation,val,ISIC_0000300,lesion,processed/isic_segmentation/images/val/ISIC_0000300.jpg,processed/isic_segmentation/masks/val/ISIC_0000300.png,raw/isic/images/ISIC_0000300.jpg,raw/isic/masks/ISIC_0000300_segmentation.png
isic_2018_task1_2,segmentation,val,ISIC_0000301,lesion,processed/isic_segmentation/images/val/ISIC_0000301.jpg,processed/isic_segmentation/masks/val/ISIC_0000301.png,raw/isic/images/ISIC_0000301.jpg,raw/isic/masks/ISIC_0000301_segmentation.png
isic_2018_task1_2,segmentation,train,ISIC_0000303,lesion,processed/isic_segmentation/images/train/ISIC_0000303.jpg,processed/isic_segmentation/masks/train/ISIC_0000303.png,raw/isic/images/ISIC_0000303.jpg,raw/isic/masks/ISIC_0000303_segmentation.png
isic_2018_task1_2,segmentation,val,ISIC_0000306,lesion,processed/isic_segmentation/images/val/ISIC_0000306.jpg,processed/isic_segmentation/masks/val/ISIC_0000306.png,raw/isic/images/ISIC_0000306.jpg,raw/isic/masks/ISIC_0000306_segmentation.png
isic_2018_task1_2,segmentation,val,ISIC_0000307,lesion,processed/isic_segmentation/images/val/ISIC_0000307.jpg,processed/isic_segmentation/masks/val/ISIC_0000307.png,raw/isic/images/ISIC_0000307.jpg,raw/isic/masks/ISIC_0000307_segmentation.png
isic_2018_task1_2,segmentation,train,ISIC_0000310,lesion,processed/isic_segmentation/images/train/ISIC_0000310.jpg,processed/isic_segmentation/masks/train/ISIC_0000310.png,raw/isic/images/ISIC_0000310.jpg,raw/isic/masks/ISIC_0000310_segmentation.png
isic_2018_task1_2,segmentation,train,ISIC_0000311,lesion,processed/isic_segmentation/images/train/ISIC_0000311.jpg,processed/isic_segmentation/masks/train/ISIC_0000311.png,raw/isic/images/ISIC_0000311.jpg,raw/isic/masks/ISIC_0000311_segmentation.png
isic_2018_task1_2,segmentation,test,ISIC_0000313,lesion,processed/isic_segmentation/images/test/ISIC_0000313.jpg,processed/isic_segmentation/masks/test/ISIC_0000313.png,raw/isic/images/ISIC_0000313.jpg,raw/isic/masks/ISIC_0000313_segmentation.png
isic_2018_task1_2,segmentation,train,ISIC_0000314,lesion,processed/isic_segmentation/images/train/ISIC_0000314.jpg,processed/isic_segmentation/masks/train/ISIC_0000314.png,raw/isic/images/ISIC_0000314.jpg,raw/isic/masks/ISIC_0000314_segmentation.png
isic_2018_task1_2,segmentation,train,ISIC_0000315,lesion,processed/isic_segmentation/images/train/ISIC_0000315.jpg,processed/isic_segmentation/masks/train/ISIC_0000315.png,raw/isic/images/ISIC_0000315.jpg,raw/isic/masks/ISIC_0000315_segmentation.png
isic_2018_task1_2,segmentation,test,ISIC_0000316,lesion,processed/isic_segmentation/images/test/ISIC_0000316.jpg,processed/isic_segmentation/masks/test/ISIC_0000316.png,raw/isic/images/ISIC_0000316.jpg,raw/isic/masks/ISIC_0000316_segmentation.png
isic_2018_task1_2,segmentation,val,ISIC_0000317,lesion,processed/isic_segmentation/images/val/ISIC_0000317.jpg,processed/isic_segmentation/masks/val/ISIC_0000317.png,raw/isic/images/ISIC_0000317.jpg,raw/isic/masks/ISIC_0000317_segmentation.png
isic_2018_task1_2,segmentation,val,ISIC_0000319,lesion,processed/isic_segmentation/images/val/ISIC_0000319.jpg,processed/isic_segmentation/masks/val/ISIC_0000319.png,raw/isic/images/ISIC_0000319.jpg,raw/isic/masks/ISIC_0000319_segmentation.png
isic_2018_task1_2,segmentation,val,ISIC_0000320,lesion,processed/isic_segmentation/images/val/ISIC_0000320.jpg,processed/isic_segmentation/masks/val/ISIC_0000320.png,raw/isic/images/ISIC_0000320.jpg,raw/isic/masks/ISIC_0000320_segmentation.png
isic_2018_task1_2,segmentation,train,ISIC_0000321,lesion,processed/isic_segmentation/images/train/ISIC_0000321.jpg,processed/isic_segmentation/masks/train/ISIC_0000321.png,raw/isic/images/ISIC_0000321.jpg,raw/isic/masks/ISIC_0000321_segmentation.png
isic_2018_task1_2,segmentation,val,ISIC_0000322,lesion,processed/isic_segmentation/images/val/ISIC_0000322.jpg,processed/isic_segmentation/masks/val/ISIC_0000322.png,raw/isic/images/ISIC_0000322.jpg,raw/isic/masks/ISIC_0000322_segmentation.png
isic_2018_task1_2,segmentation,train,ISIC_0000323,lesion,processed/isic_segmentation/images/train/ISIC_0000323.jpg,processed/isic_segmentation/masks/train/ISIC_0000323.png,raw/isic/images/ISIC_0000323.jpg,raw/isic/masks/ISIC_0000323_segmentation.png
isic_2018_task1_2,segmentation,test,ISIC_0000324,lesion,processed/isic_segmentation/images/test/ISIC_0000324.jpg,processed/isic_segmentation/masks/test/ISIC_0000324.png,raw/isic/images/ISIC_0000324.jpg,raw/isic/masks/ISIC_0000324_segmentation.png
isic_2018_task1_2,segmentation,train,ISIC_0000325,lesion,processed/isic_segmentation/images/train/ISIC_0000325.jpg,processed/isic_segmentation/masks/train/ISIC_0000325.png,raw/isic/images/ISIC_0000325.jpg,raw/isic/masks/ISIC_0000325_segmentation.png
isic_2018_task1_2,segmentation,train,ISIC_0000326,lesion,processed/isic_segmentation/images/train/ISIC_0000326.jpg,processed/isic_segmentation/masks/train/ISIC_0000326.png,raw/isic/images/ISIC_0000326.jpg,raw/isic/masks/ISIC_0000326_segmentation.png
isic_2018_task1_2,segmentation,val,ISIC_0000327,lesion,processed/isic_segmentation/images/val/ISIC_0000327.jpg,processed/isic_segmentation/masks/val/ISIC_0000327.png,raw/isic/images/ISIC_0000327.jpg,raw/isic/masks/ISIC_0000327_segmentation.png
isic_2018_task1_2,segmentation,test,ISIC_0000328,lesion,processed/isic_segmentation/images/test/ISIC_0000328.jpg,processed/isic_segmentation/masks/test/ISIC_0000328.png,raw/isic/images/ISIC_0000328.jpg,raw/isic/masks/ISIC_0000328_segmentation.png
isic_2018_task1_2,segmentation,train,ISIC_0000329,lesion,processed/isic_segmentation/images/train/ISIC_0000329.jpg,processed/isic_segmentation/masks/train/ISIC_0000329.png,raw/isic/images/ISIC_0000329.jpg,raw/isic/masks/ISIC_0000329_segmentation.png
isic_2018_task1_2,segmentation,train,ISIC_0000330,lesion,processed/isic_segmentation/images/train/ISIC_0000330.jpg,processed/isic_segmentation/masks/train/ISIC_0000330.png,raw/isic/images/ISIC_0000330.jpg,raw/isic/masks/ISIC_0000330_segmentation.png
isic_2018_task1_2,segmentation,train,ISIC_0000331,lesion,processed/isic_segmentation/images/train/ISIC_0000331.jpg,processed/isic_segmentation/masks/train/ISIC_0000331.png,raw/isic/images/ISIC_0000331.jpg,raw/isic/masks/ISIC_0000331_segmentation.png
isic_2018_task1_2,segmentation,val,ISIC_0000332,lesion,processed/isic_segmentation/images/val/ISIC_0000332.jpg,processed/isic_segmentation/masks/val/ISIC_0000332.png,raw/isic/images/ISIC_0000332.jpg,raw/isic/masks/ISIC_0000332_segmentation.png
isic_2018_task1_2,segmentation,train,ISIC_0000336,lesion,processed/isic_segmentation/images/train/ISIC_0000336.jpg,processed/isic_segmentation/masks/train/ISIC_0000336.png,raw/isic/images/ISIC_0000336.jpg,raw/isic/masks/ISIC_0000336_segmentation.png
isic_2018_task1_2,segmentation,train,ISIC_0000337,lesion,processed/isic_segmentation/images/train/ISIC_0000337.jpg,processed/isic_segmentation/masks/train/ISIC_0000337.png,raw/isic/images/ISIC_0000337.jpg,raw/isic/masks/ISIC_0000337_segmentation.png
isic_2018_task1_2,segmentation,train,ISIC_0000338,lesion,processed/isic_segmentation/images/train/ISIC_0000338.jpg,processed/isic_segmentation/masks/train/ISIC_0000338.png,raw/isic/images/ISIC_0000338.jpg,raw/isic/masks/ISIC_0000338_segmentation.png
isic_2018_task1_2,segmentation,train,ISIC_0000339,lesion,processed/isic_segmentation/images/train/ISIC_0000339.jpg,processed/isic_segmentation/masks/train/ISIC_0000339.png,raw/isic/images/ISIC_0000339.jpg,raw/isic/masks/ISIC_0000339_segmentation.png
isic_2018_task1_2,segmentation,train,ISIC_0000340,lesion,processed/isic_segmentation/images/train/ISIC_0000340.jpg,processed/isic_segmentation/masks/train/ISIC_0000340.png,raw/isic/images/ISIC_0000340.jpg,raw/isic/masks/ISIC_0000340_segmentation.png
isic_2018_task1_2,segmentation,val,ISIC_0000341,lesion,processed/isic_segmentation/images/val/ISIC_0000341.jpg,processed/isic_segmentation/masks/val/ISIC_0000341.png,raw/isic/images/ISIC_0000341.jpg,raw/isic/masks/ISIC_0000341_segmentation.png
isic_2018_task1_2,segmentation,train,ISIC_0000342,lesion,processed/isic_segmentation/images/train/ISIC_0000342.jpg,processed/isic_segmentation/masks/train/ISIC_0000342.png,raw/isic/images/ISIC_0000342.jpg,raw/isic/masks/ISIC_0000342_segmentation.png
isic_2018_task1_2,segmentation,train,ISIC_0000343,lesion,processed/isic_segmentation/images/train/ISIC_0000343.jpg,processed/isic_segmentation/masks/train/ISIC_0000343.png,raw/isic/images/ISIC_0000343.jpg,raw/isic/masks/ISIC_0000343_segmentation.png
isic_2018_task1_2,segmentation,train,ISIC_0000344,lesion,processed/isic_segmentation/images/train/ISIC_0000344.jpg,processed/isic_segmentation/masks/train/ISIC_0000344.png,raw/isic/images/ISIC_0000344.jpg,raw/isic/masks/ISIC_0000344_segmentation.png
isic_2018_task1_2,segmentation,train,ISIC_0000345,lesion,processed/isic_segmentation/images/train/ISIC_0000345.jpg,processed/isic_segmentation/masks/train/ISIC_0000345.png,raw/isic/images/ISIC_0000345.jpg,raw/isic/masks/ISIC_0000345_segmentation.png
isic_2018_task1_2,segmentation,train,ISIC_0000346,lesion,processed/isic_segmentation/images/train/ISIC_0000346.jpg,processed/isic_segmentation/masks/train/ISIC_0000346.png,raw/isic/images/ISIC_0000346.jpg,raw/isic/masks/ISIC_0000346_segmentation.png
isic_2018_task1_2,segmentation,train,ISIC_0000348,lesion,processed/isic_segmentation/images/train/ISIC_0000348.jpg,processed/isic_segmentation/masks/train/ISIC_0000348.png,raw/isic/images/ISIC_0000348.jpg,raw/isic/masks/ISIC_0000348_segmentation.png
isic_2018_task1_2,segmentation,train,ISIC_0000349,lesion,processed/isic_segmentation/images/train/ISIC_0000349.jpg,processed/isic_segmentation/masks/train/ISIC_0000349.png,raw/isic/images/ISIC_0000349.jpg,raw/isic/masks/ISIC_0000349_segmentation.png
isic_2018_task1_2,segmentation,train,ISIC_0000350,lesion,processed/isic_segmentation/images/train/ISIC_0000350.jpg,processed/isic_segmentation/masks/train/ISIC_0000350.png,raw/isic/images/ISIC_0000350.jpg,raw/isic/masks/ISIC_0000350_segmentation.png
isic_2018_task1_2,segmentation,train,ISIC_0000351,lesion,processed/isic_segmentation/images/train/ISIC_0000351.jpg,processed/isic_segmentation/masks/train/ISIC_0000351.png,raw/isic/images/ISIC_0000351.jpg,raw/isic/masks/ISIC_0000351_segmentation.png
isic_2018_task1_2,segmentation,val,ISIC_0000352,lesion,processed/isic_segmentation/images/val/ISIC_0000352.jpg,processed/isic_segmentation/masks/val/ISIC_0000352.png,raw/isic/images/ISIC_0000352.jpg,raw/isic/masks/ISIC_0000352_segmentation.png
isic_2018_task1_2,segmentation,test,ISIC_0000353,lesion,processed/isic_segmentation/images/test/ISIC_0000353.jpg,processed/isic_segmentation/masks/test/ISIC_0000353.png,raw/isic/images/ISIC_0000353.jpg,raw/isic/masks/ISIC_0000353_segmentation.png
isic_2018_task1_2,segmentation,train,ISIC_0000354,lesion,processed/isic_segmentation/images/train/ISIC_0000354.jpg,processed/isic_segmentation/masks/train/ISIC_0000354.png,raw/isic/images/ISIC_0000354.jpg,raw/isic/masks/ISIC_0000354_segmentation.png
isic_2018_task1_2,segmentation,train,ISIC_0000355,lesion,processed/isic_segmentation/images/train/ISIC_0000355.jpg,processed/isic_segmentation/masks/train/ISIC_0000355.png,raw/isic/images/ISIC_0000355.jpg,raw/isic/masks/ISIC_0000355_segmentation.png
isic_2018_task1_2,segmentation,test,ISIC_0000357,lesion,processed/isic_segmentation/images/test/ISIC_0000357.jpg,processed/isic_segmentation/masks/test/ISIC_0000357.png,raw/isic/images/ISIC_0000357.jpg,raw/isic/masks/ISIC_0000357_segmentation.png
isic_2018_task1_2,segmentation,train,ISIC_0000358,lesion,processed/isic_segmentation/images/train/ISIC_0000358.jpg,processed/isic_segmentation/masks/train/ISIC_0000358.png,raw/isic/images/ISIC_0000358.jpg,raw/isic/masks/ISIC_0000358_segmentation.png
isic_2018_task1_2,segmentation,train,ISIC_0000359,lesion,processed/isic_segmentation/images/train/ISIC_0000359.jpg,processed/isic_segmentation/masks/train/ISIC_0000359.png,raw/isic/images/ISIC_0000359.jpg,raw/isic/masks/ISIC_0000359_segmentation.png
isic_2018_task1_2,segmentation,val,ISIC_0000360,lesion,processed/isic_segmentation/images/val/ISIC_0000360.jpg,processed/isic_segmentation/masks/val/ISIC_0000360.png,raw/isic/images/ISIC_0000360.jpg,raw/isic/masks/ISIC_0000360_segmentation.png
isic_2018_task1_2,segmentation,val,ISIC_0000361,lesion,processed/isic_segmentation/images/val/ISIC_0000361.jpg,processed/isic_segmentation/masks/val/ISIC_0000361.png,raw/isic/images/ISIC_0000361.jpg,raw/isic/masks/ISIC_0000361_segmentation.png
isic_2018_task1_2,segmentation,train,ISIC_0000363,lesion,processed/isic_segmentation/images/train/ISIC_0000363.jpg,processed/isic_segmentation/masks/train/ISIC_0000363.png,raw/isic/images/ISIC_0000363.jpg,raw/isic/masks/ISIC_0000363_segmentation.png
isic_2018_task1_2,segmentation,val,ISIC_0000364,lesion,processed/isic_segmentation/images/val/ISIC_0000364.jpg,processed/isic_segmentation/masks/val/ISIC_0000364.png,raw/isic/images/ISIC_0000364.jpg,raw/isic/masks/ISIC_0000364_segmentation.png
isic_2018_task1_2,segmentation,train,ISIC_0000365,lesion,processed/isic_segmentation/images/train/ISIC_0000365.jpg,processed/isic_segmentation/masks/train/ISIC_0000365.png,raw/isic/images/ISIC_0000365.jpg,raw/isic/masks/ISIC_0000365_segmentation.png
isic_2018_task1_2,segmentation,train,ISIC_0000366,lesion,processed/isic_segmentation/images/train/ISIC_0000366.jpg,processed/isic_segmentation/masks/train/ISIC_0000366.png,raw/isic/images/ISIC_0000366.jpg,raw/isic/masks/ISIC_0000366_segmentation.png
isic_2018_task1_2,segmentation,train,ISIC_0000367,lesion,processed/isic_segmentation/images/train/ISIC_0000367.jpg,processed/isic_segmentation/masks/train/ISIC_0000367.png,raw/isic/images/ISIC_0000367.jpg,raw/isic/masks/ISIC_0000367_segmentation.png
isic_2018_task1_2,segmentation,val,ISIC_0000368,lesion,processed/isic_segmentation/images/val/ISIC_0000368.jpg,processed/isic_segmentation/masks/val/ISIC_0000368.png,raw/isic/images/ISIC_0000368.jpg,raw/isic/masks/ISIC_0000368_segmentation.png
isic_2018_task1_2,segmentation,test,ISIC_0000370,lesion,processed/isic_segmentation/images/test/ISIC_0000370.jpg,processed/isic_segmentation/masks/test/ISIC_0000370.png,raw/isic/images/ISIC_0000370.jpg,raw/isic/masks/ISIC_0000370_segmentation.png
isic_2018_task1_2,segmentation,train,ISIC_0000372,lesion,processed/isic_segmentation/images/train/ISIC_0000372.jpg,processed/isic_segmentation/masks/train/ISIC_0000372.png,raw/isic/images/ISIC_0000372.jpg,raw/isic/masks/ISIC_0000372_segmentation.png
isic_2018_task1_2,segmentation,train,ISIC_0000374,lesion,processed/isic_segmentation/images/train/ISIC_0000374.jpg,processed/isic_segmentation/masks/train/ISIC_0000374.png,raw/isic/images/ISIC_0000374.jpg,raw/isic/masks/ISIC_0000374_segmentation.png
isic_2018_task1_2,segmentation,train,ISIC_0000376,lesion,processed/isic_segmentation/images/train/ISIC_0000376.jpg,processed/isic_segmentation/masks/train/ISIC_0000376.png,raw/isic/images/ISIC_0000376.jpg,raw/isic/masks/ISIC_0000376_segmentation.png
isic_2018_task1_2,segmentation,train,ISIC_0000377,lesion,processed/isic_segmentation/images/train/ISIC_0000377.jpg,processed/isic_segmentation/masks/train/ISIC_0000377.png,raw/isic/images/ISIC_0000377.jpg,raw/isic/masks/ISIC_0000377_segmentation.png
isic_2018_task1_2,segmentation,train,ISIC_0000378,lesion,processed/isic_segmentation/images/train/ISIC_0000378.jpg,processed/isic_segmentation/masks/train/ISIC_0000378.png,raw/isic/images/ISIC_0000378.jpg,raw/isic/masks/ISIC_0000378_segmentation.png
isic_2018_task1_2,segmentation,val,ISIC_0000379,lesion,processed/isic_segmentation/images/val/ISIC_0000379.jpg,processed/isic_segmentation/masks/val/ISIC_0000379.png,raw/isic/images/ISIC_0000379.jpg,raw/isic/masks/ISIC_0000379_segmentation.png
isic_2018_task1_2,segmentation,train,ISIC_0000380,lesion,processed/isic_segmentation/images/train/ISIC_0000380.jpg,processed/isic_segmentation/masks/train/ISIC_0000380.png,raw/isic/images/ISIC_0000380.jpg,raw/isic/masks/ISIC_0000380_segmentation.png
isic_2018_task1_2,segmentation,test,ISIC_0000381,lesion,processed/isic_segmentation/images/test/ISIC_0000381.jpg,processed/isic_segmentation/masks/test/ISIC_0000381.png,raw/isic/images/ISIC_0000381.jpg,raw/isic/masks/ISIC_0000381_segmentation.png
isic_2018_task1_2,segmentation,val,ISIC_0000382,lesion,processed/isic_segmentation/images/val/ISIC_0000382.jpg,processed/isic_segmentation/masks/val/ISIC_0000382.png,raw/isic/images/ISIC_0000382.jpg,raw/isic/masks/ISIC_0000382_segmentation.png
isic_2018_task1_2,segmentation,train,ISIC_0000383,lesion,processed/isic_segmentation/images/train/ISIC_0000383.jpg,processed/isic_segmentation/masks/train/ISIC_0000383.png,raw/isic/images/ISIC_0000383.jpg,raw/isic/masks/ISIC_0000383_segmentation.png
isic_2018_task1_2,segmentation,train,ISIC_0000384,lesion,processed/isic_segmentation/images/train/ISIC_0000384.jpg,processed/isic_segmentation/masks/train/ISIC_0000384.png,raw/isic/images/ISIC_0000384.jpg,raw/isic/masks/ISIC_0000384_segmentation.png
isic_2018_task1_2,segmentation,train,ISIC_0000385,lesion,processed/isic_segmentation/images/train/ISIC_0000385.jpg,processed/isic_segmentation/masks/train/ISIC_0000385.png,raw/isic/images/ISIC_0000385.jpg,raw/isic/masks/ISIC_0000385_segmentation.png
isic_2018_task1_2,segmentation,train,ISIC_0000386,lesion,processed/isic_segmentation/images/train/ISIC_0000386.jpg,processed/isic_segmentation/masks/train/ISIC_0000386.png,raw/isic/images/ISIC_0000386.jpg,raw/isic/masks/ISIC_0000386_segmentation.png
isic_2018_task1_2,segmentation,train,ISIC_0000387,lesion,processed/isic_segmentation/images/train/ISIC_0000387.jpg,processed/isic_segmentation/masks/train/ISIC_0000387.png,raw/isic/images/ISIC_0000387.jpg,raw/isic/masks/ISIC_0000387_segmentation.png
isic_2018_task1_2,segmentation,val,ISIC_0000388,lesion,processed/isic_segmentation/images/val/ISIC_0000388.jpg,processed/isic_segmentation/masks/val/ISIC_0000388.png,raw/isic/images/ISIC_0000388.jpg,raw/isic/masks/ISIC_0000388_segmentation.png
isic_2018_task1_2,segmentation,test,ISIC_0000390,lesion,processed/isic_segmentation/images/test/ISIC_0000390.jpg,processed/isic_segmentation/masks/test/ISIC_0000390.png,raw/isic/images/ISIC_0000390.jpg,raw/isic/masks/ISIC_0000390_segmentation.png
isic_2018_task1_2,segmentation,train,ISIC_0000391,lesion,processed/isic_segmentation/images/train/ISIC_0000391.jpg,processed/isic_segmentation/masks/train/ISIC_0000391.png,raw/isic/images/ISIC_0000391.jpg,raw/isic/masks/ISIC_0000391_segmentation.png
isic_2018_task1_2,segmentation,train,ISIC_0000392,lesion,processed/isic_segmentation/images/train/ISIC_0000392.jpg,processed/isic_segmentation/masks/train/ISIC_0000392.png,raw/isic/images/ISIC_0000392.jpg,raw/isic/masks/ISIC_0000392_segmentation.png
isic_2018_task1_2,segmentation,train,ISIC_0000393,lesion,processed/isic_segmentation/images/train/ISIC_0000393.jpg,processed/isic_segmentation/masks/train/ISIC_0000393.png,raw/isic/images/ISIC_0000393.jpg,raw/isic/masks/ISIC_0000393_segmentation.png
isic_2018_task1_2,segmentation,val,ISIC_0000395,lesion,processed/isic_segmentation/images/val/ISIC_0000395.jpg,processed/isic_segmentation/masks/val/ISIC_0000395.png,raw/isic/images/ISIC_0000395.jpg,raw/isic/masks/ISIC_0000395_segmentation.png
isic_2018_task1_2,segmentation,train,ISIC_0000396,lesion,processed/isic_segmentation/images/train/ISIC_0000396.jpg,processed/isic_segmentation/masks/train/ISIC_0000396.png,raw/isic/images/ISIC_0000396.jpg,raw/isic/masks/ISIC_0000396_segmentation.png
isic_2018_task1_2,segmentation,train,ISIC_0000397,lesion,processed/isic_segmentation/images/train/ISIC_0000397.jpg,processed/isic_segmentation/masks/train/ISIC_0000397.png,raw/isic/images/ISIC_0000397.jpg,raw/isic/masks/ISIC_0000397_segmentation.png
isic_2018_task1_2,segmentation,train,ISIC_0000403,lesion,processed/isic_segmentation/images/train/ISIC_0000403.jpg,processed/isic_segmentation/masks/train/ISIC_0000403.png,raw/isic/images/ISIC_0000403.jpg,raw/isic/masks/ISIC_0000403_segmentation.png
isic_2018_task1_2,segmentation,val,ISIC_0000407,lesion,processed/isic_segmentation/images/val/ISIC_0000407.jpg,processed/isic_segmentation/masks/val/ISIC_0000407.png,raw/isic/images/ISIC_0000407.jpg,raw/isic/masks/ISIC_0000407_segmentation.png
isic_2018_task1_2,segmentation,val,ISIC_0000408,lesion,processed/isic_segmentation/images/val/ISIC_0000408.jpg,processed/isic_segmentation/masks/val/ISIC_0000408.png,raw/isic/images/ISIC_0000408.jpg,raw/isic/masks/ISIC_0000408_segmentation.png
isic_2018_task1_2,segmentation,train,ISIC_0000409,lesion,processed/isic_segmentation/images/train/ISIC_0000409.jpg,processed/isic_segmentation/masks/train/ISIC_0000409.png,raw/isic/images/ISIC_0000409.jpg,raw/isic/masks/ISIC_0000409_segmentation.png
isic_2018_task1_2,segmentation,train,ISIC_0000410,lesion,processed/isic_segmentation/images/train/ISIC_0000410.jpg,processed/isic_segmentation/masks/train/ISIC_0000410.png,raw/isic/images/ISIC_0000410.jpg,raw/isic/masks/ISIC_0000410_segmentation.png
isic_2018_task1_2,segmentation,train,ISIC_0000412,lesion,processed/isic_segmentation/images/train/ISIC_0000412.jpg,processed/isic_segmentation/masks/train/ISIC_0000412.png,raw/isic/images/ISIC_0000412.jpg,raw/isic/masks/ISIC_0000412_segmentation.png
isic_2018_task1_2,segmentation,train,ISIC_0000413,lesion,processed/isic_segmentation/images/train/ISIC_0000413.jpg,processed/isic_segmentation/masks/train/ISIC_0000413.png,raw/isic/images/ISIC_0000413.jpg,raw/isic/masks/ISIC_0000413_segmentation.png
isic_2018_task1_2,segmentation,test,ISIC_0000415,lesion,processed/isic_segmentation/images/test/ISIC_0000415.jpg,processed/isic_segmentation/masks/test/ISIC_0000415.png,raw/isic/images/ISIC_0000415.jpg,raw/isic/masks/ISIC_0000415_segmentation.png
isic_2018_task1_2,segmentation,train,ISIC_0000416,lesion,processed/isic_segmentation/images/train/ISIC_0000416.jpg,processed/isic_segmentation/masks/train/ISIC_0000416.png,raw/isic/images/ISIC_0000416.jpg,raw/isic/masks/ISIC_0000416_segmentation.png
isic_2018_task1_2,segmentation,train,ISIC_0000418,lesion,processed/isic_segmentation/images/train/ISIC_0000418.jpg,processed/isic_segmentation/masks/train/ISIC_0000418.png,raw/isic/images/ISIC_0000418.jpg,raw/isic/masks/ISIC_0000418_segmentation.png
isic_2018_task1_2,segmentation,train,ISIC_0000419,lesion,processed/isic_segmentation/images/train/ISIC_0000419.jpg,processed/isic_segmentation/masks/train/ISIC_0000419.png,raw/isic/images/ISIC_0000419.jpg,raw/isic/masks/ISIC_0000419_segmentation.png
isic_2018_task1_2,segmentation,train,ISIC_0000420,lesion,processed/isic_segmentation/images/train/ISIC_0000420.jpg,processed/isic_segmentation/masks/train/ISIC_0000420.png,raw/isic/images/ISIC_0000420.jpg,raw/isic/masks/ISIC_0000420_segmentation.png
isic_2018_task1_2,segmentation,train,ISIC_0000421,lesion,processed/isic_segmentation/images/train/ISIC_0000421.jpg,processed/isic_segmentation/masks/train/ISIC_0000421.png,raw/isic/images/ISIC_0000421.jpg,raw/isic/masks/ISIC_0000421_segmentation.png
isic_2018_task1_2,segmentation,train,ISIC_0000423,lesion,processed/isic_segmentation/images/train/ISIC_0000423.jpg,processed/isic_segmentation/masks/train/ISIC_0000423.png,raw/isic/images/ISIC_0000423.jpg,raw/isic/masks/ISIC_0000423_segmentation.png
isic_2018_task1_2,segmentation,test,ISIC_0000425,lesion,processed/isic_segmentation/images/test/ISIC_0000425.jpg,processed/isic_segmentation/masks/test/ISIC_0000425.png,raw/isic/images/ISIC_0000425.jpg,raw/isic/masks/ISIC_0000425_segmentation.png
isic_2018_task1_2,segmentation,train,ISIC_0000426,lesion,processed/isic_segmentation/images/train/ISIC_0000426.jpg,processed/isic_segmentation/masks/train/ISIC_0000426.png,raw/isic/images/ISIC_0000426.jpg,raw/isic/masks/ISIC_0000426_segmentation.png
isic_2018_task1_2,segmentation,train,ISIC_0000427,lesion,processed/isic_segmentation/images/train/ISIC_0000427.jpg,processed/isic_segmentation/masks/train/ISIC_0000427.png,raw/isic/images/ISIC_0000427.jpg,raw/isic/masks/ISIC_0000427_segmentation.png
isic_2018_task1_2,segmentation,train,ISIC_0000431,lesion,processed/isic_segmentation/images/train/ISIC_0000431.jpg,processed/isic_segmentation/masks/train/ISIC_0000431.png,raw/isic/images/ISIC_0000431.jpg,raw/isic/masks/ISIC_0000431_segmentation.png
isic_2018_task1_2,segmentation,train,ISIC_0000433,lesion,processed/isic_segmentation/images/train/ISIC_0000433.jpg,processed/isic_segmentation/masks/train/ISIC_0000433.png,raw/isic/images/ISIC_0000433.jpg,raw/isic/masks/ISIC_0000433_segmentation.png
isic_2018_task1_2,segmentation,train,ISIC_0000434,lesion,processed/isic_segmentation/images/train/ISIC_0000434.jpg,processed/isic_segmentation/masks/train/ISIC_0000434.png,raw/isic/images/ISIC_0000434.jpg,raw/isic/masks/ISIC_0000434_segmentation.png
isic_2018_task1_2,segmentation,train,ISIC_0000436,lesion,processed/isic_segmentation/images/train/ISIC_0000436.jpg,processed/isic_segmentation/masks/train/ISIC_0000436.png,raw/isic/images/ISIC_0000436.jpg,raw/isic/masks/ISIC_0000436_segmentation.png
isic_2018_task1_2,segmentation,train,ISIC_0000439,lesion,processed/isic_segmentation/images/train/ISIC_0000439.jpg,processed/isic_segmentation/masks/train/ISIC_0000439.png,raw/isic/images/ISIC_0000439.jpg,raw/isic/masks/ISIC_0000439_segmentation.png
isic_2018_task1_2,segmentation,train,ISIC_0000442,lesion,processed/isic_segmentation/images/train/ISIC_0000442.jpg,processed/isic_segmentation/masks/train/ISIC_0000442.png,raw/isic/images/ISIC_0000442.jpg,raw/isic/masks/ISIC_0000442_segmentation.png
isic_2018_task1_2,segmentation,val,ISIC_0000443,lesion,processed/isic_segmentation/images/val/ISIC_0000443.jpg,processed/isic_segmentation/masks/val/ISIC_0000443.png,raw/isic/images/ISIC_0000443.jpg,raw/isic/masks/ISIC_0000443_segmentation.png
isic_2018_task1_2,segmentation,train,ISIC_0000444,lesion,processed/isic_segmentation/images/train/ISIC_0000444.jpg,processed/isic_segmentation/masks/train/ISIC_0000444.png,raw/isic/images/ISIC_0000444.jpg,raw/isic/masks/ISIC_0000444_segmentation.png
isic_2018_task1_2,segmentation,train,ISIC_0000447,lesion,processed/isic_segmentation/images/train/ISIC_0000447.jpg,processed/isic_segmentation/masks/train/ISIC_0000447.png,raw/isic/images/ISIC_0000447.jpg,raw/isic/masks/ISIC_0000447_segmentation.png
isic_2018_task1_2,segmentation,train,ISIC_0000448,lesion,processed/isic_segmentation/images/train/ISIC_0000448.jpg,processed/isic_segmentation/masks/train/ISIC_0000448.png,raw/isic/images/ISIC_0000448.jpg,raw/isic/masks/ISIC_0000448_segmentation.png
isic_2018_task1_2,segmentation,val,ISIC_0000449,lesion,processed/isic_segmentation/images/val/ISIC_0000449.jpg,processed/isic_segmentation/masks/val/ISIC_0000449.png,raw/isic/images/ISIC_0000449.jpg,raw/isic/masks/ISIC_0000449_segmentation.png
isic_2018_task1_2,segmentation,train,ISIC_0000451,lesion,processed/isic_segmentation/images/train/ISIC_0000451.jpg,processed/isic_segmentation/masks/train/ISIC_0000451.png,raw/isic/images/ISIC_0000451.jpg,raw/isic/masks/ISIC_0000451_segmentation.png
isic_2018_task1_2,segmentation,val,ISIC_0000453,lesion,processed/isic_segmentation/images/val/ISIC_0000453.jpg,processed/isic_segmentation/masks/val/ISIC_0000453.png,raw/isic/images/ISIC_0000453.jpg,raw/isic/masks/ISIC_0000453_segmentation.png
isic_2018_task1_2,segmentation,train,ISIC_0000455,lesion,processed/isic_segmentation/images/train/ISIC_0000455.jpg,processed/isic_segmentation/masks/train/ISIC_0000455.png,raw/isic/images/ISIC_0000455.jpg,raw/isic/masks/ISIC_0000455_segmentation.png
isic_2018_task1_2,segmentation,val,ISIC_0000456,lesion,processed/isic_segmentation/images/val/ISIC_0000456.jpg,processed/isic_segmentation/masks/val/ISIC_0000456.png,raw/isic/images/ISIC_0000456.jpg,raw/isic/masks/ISIC_0000456_segmentation.png
isic_2018_task1_2,segmentation,train,ISIC_0000457,lesion,processed/isic_segmentation/images/train/ISIC_0000457.jpg,processed/isic_segmentation/masks/train/ISIC_0000457.png,raw/isic/images/ISIC_0000457.jpg,raw/isic/masks/ISIC_0000457_segmentation.png
isic_2018_task1_2,segmentation,val,ISIC_0000458,lesion,processed/isic_segmentation/images/val/ISIC_0000458.jpg,processed/isic_segmentation/masks/val/ISIC_0000458.png,raw/isic/images/ISIC_0000458.jpg,raw/isic/masks/ISIC_0000458_segmentation.png
isic_2018_task1_2,segmentation,train,ISIC_0000460,lesion,processed/isic_segmentation/images/train/ISIC_0000460.jpg,processed/isic_segmentation/masks/train/ISIC_0000460.png,raw/isic/images/ISIC_0000460.jpg,raw/isic/masks/ISIC_0000460_segmentation.png
isic_2018_task1_2,segmentation,train,ISIC_0000461,lesion,processed/isic_segmentation/images/train/ISIC_0000461.jpg,processed/isic_segmentation/masks/train/ISIC_0000461.png,raw/isic/images/ISIC_0000461.jpg,raw/isic/masks/ISIC_0000461_segmentation.png
isic_2018_task1_2,segmentation,train,ISIC_0000463,lesion,processed/isic_segmentation/images/train/ISIC_0000463.jpg,processed/isic_segmentation/masks/train/ISIC_0000463.png,raw/isic/images/ISIC_0000463.jpg,raw/isic/masks/ISIC_0000463_segmentation.png
isic_2018_task1_2,segmentation,val,ISIC_0000465,lesion,processed/isic_segmentation/images/val/ISIC_0000465.jpg,processed/isic_segmentation/masks/val/ISIC_0000465.png,raw/isic/images/ISIC_0000465.jpg,raw/isic/masks/ISIC_0000465_segmentation.png
isic_2018_task1_2,segmentation,train,ISIC_0000466,lesion,processed/isic_segmentation/images/train/ISIC_0000466.jpg,processed/isic_segmentation/masks/train/ISIC_0000466.png,raw/isic/images/ISIC_0000466.jpg,raw/isic/masks/ISIC_0000466_segmentation.png
isic_2018_task1_2,segmentation,train,ISIC_0000469,lesion,processed/isic_segmentation/images/train/ISIC_0000469.jpg,processed/isic_segmentation/masks/train/ISIC_0000469.png,raw/isic/images/ISIC_0000469.jpg,raw/isic/masks/ISIC_0000469_segmentation.png
isic_2018_task1_2,segmentation,train,ISIC_0000470,lesion,processed/isic_segmentation/images/train/ISIC_0000470.jpg,processed/isic_segmentation/masks/train/ISIC_0000470.png,raw/isic/images/ISIC_0000470.jpg,raw/isic/masks/ISIC_0000470_segmentation.png
isic_2018_task1_2,segmentation,test,ISIC_0000471,lesion,processed/isic_segmentation/images/test/ISIC_0000471.jpg,processed/isic_segmentation/masks/test/ISIC_0000471.png,raw/isic/images/ISIC_0000471.jpg,raw/isic/masks/ISIC_0000471_segmentation.png
isic_2018_task1_2,segmentation,val,ISIC_0000473,lesion,processed/isic_segmentation/images/val/ISIC_0000473.jpg,processed/isic_segmentation/masks/val/ISIC_0000473.png,raw/isic/images/ISIC_0000473.jpg,raw/isic/masks/ISIC_0000473_segmentation.png
isic_2018_task1_2,segmentation,val,ISIC_0000474,lesion,processed/isic_segmentation/images/val/ISIC_0000474.jpg,processed/isic_segmentation/masks/val/ISIC_0000474.png,raw/isic/images/ISIC_0000474.jpg,raw/isic/masks/ISIC_0000474_segmentation.png
isic_2018_task1_2,segmentation,train,ISIC_0000476,lesion,processed/isic_segmentation/images/train/ISIC_0000476.jpg,processed/isic_segmentation/masks/train/ISIC_0000476.png,raw/isic/images/ISIC_0000476.jpg,raw/isic/masks/ISIC_0000476_segmentation.png
isic_2018_task1_2,segmentation,val,ISIC_0000477,lesion,processed/isic_segmentation/images/val/ISIC_0000477.jpg,processed/isic_segmentation/masks/val/ISIC_0000477.png,raw/isic/images/ISIC_0000477.jpg,raw/isic/masks/ISIC_0000477_segmentation.png
isic_2018_task1_2,segmentation,val,ISIC_0000479,lesion,processed/isic_segmentation/images/val/ISIC_0000479.jpg,processed/isic_segmentation/masks/val/ISIC_0000479.png,raw/isic/images/ISIC_0000479.jpg,raw/isic/masks/ISIC_0000479_segmentation.png
isic_2018_task1_2,segmentation,train,ISIC_0000480,lesion,processed/isic_segmentation/images/train/ISIC_0000480.jpg,processed/isic_segmentation/masks/train/ISIC_0000480.png,raw/isic/images/ISIC_0000480.jpg,raw/isic/masks/ISIC_0000480_segmentation.png
isic_2018_task1_2,segmentation,val,ISIC_0000481,lesion,processed/isic_segmentation/images/val/ISIC_0000481.jpg,processed/isic_segmentation/masks/val/ISIC_0000481.png,raw/isic/images/ISIC_0000481.jpg,raw/isic/masks/ISIC_0000481_segmentation.png
isic_2018_task1_2,segmentation,train,ISIC_0000482,lesion,processed/isic_segmentation/images/train/ISIC_0000482.jpg,processed/isic_segmentation/masks/train/ISIC_0000482.png,raw/isic/images/ISIC_0000482.jpg,raw/isic/masks/ISIC_0000482_segmentation.png
isic_2018_task1_2,segmentation,train,ISIC_0000483,lesion,processed/isic_segmentation/images/train/ISIC_0000483.jpg,processed/isic_segmentation/masks/train/ISIC_0000483.png,raw/isic/images/ISIC_0000483.jpg,raw/isic/masks/ISIC_0000483_segmentation.png
isic_2018_task1_2,segmentation,val,ISIC_0000484,lesion,processed/isic_segmentation/images/val/ISIC_0000484.jpg,processed/isic_segmentation/masks/val/ISIC_0000484.png,raw/isic/images/ISIC_0000484.jpg,raw/isic/masks/ISIC_0000484_segmentation.png
isic_2018_task1_2,segmentation,train,ISIC_0000485,lesion,processed/isic_segmentation/images/train/ISIC_0000485.jpg,processed/isic_segmentation/masks/train/ISIC_0000485.png,raw/isic/images/ISIC_0000485.jpg,raw/isic/masks/ISIC_0000485_segmentation.png
isic_2018_task1_2,segmentation,train,ISIC_0000486,lesion,processed/isic_segmentation/images/train/ISIC_0000486.jpg,processed/isic_segmentation/masks/train/ISIC_0000486.png,raw/isic/images/ISIC_0000486.jpg,raw/isic/masks/ISIC_0000486_segmentation.png
isic_2018_task1_2,segmentation,val,ISIC_0000487,lesion,processed/isic_segmentation/images/val/ISIC_0000487.jpg,processed/isic_segmentation/masks/val/ISIC_0000487.png,raw/isic/images/ISIC_0000487.jpg,raw/isic/masks/ISIC_0000487_segmentation.png
isic_2018_task1_2,segmentation,train,ISIC_0000488,lesion,processed/isic_segmentation/images/train/ISIC_0000488.jpg,processed/isic_segmentation/masks/train/ISIC_0000488.png,raw/isic/images/ISIC_0000488.jpg,raw/isic/masks/ISIC_0000488_segmentation.png
isic_2018_task1_2,segmentation,val,ISIC_0000489,lesion,processed/isic_segmentation/images/val/ISIC_0000489.jpg,processed/isic_segmentation/masks/val/ISIC_0000489.png,raw/isic/images/ISIC_0000489.jpg,raw/isic/masks/ISIC_0000489_segmentation.png
isic_2018_task1_2,segmentation,train,ISIC_0000490,lesion,processed/isic_segmentation/images/train/ISIC_0000490.jpg,processed/isic_segmentation/masks/train/ISIC_0000490.png,raw/isic/images/ISIC_0000490.jpg,raw/isic/masks/ISIC_0000490_segmentation.png
isic_2018_task1_2,segmentation,train,ISIC_0000491,lesion,processed/isic_segmentation/images/train/ISIC_0000491.jpg,processed/isic_segmentation/masks/train/ISIC_0000491.png,raw/isic/images/ISIC_0000491.jpg,raw/isic/masks/ISIC_0000491_segmentation.png
isic_2018_task1_2,segmentation,train,ISIC_0000492,lesion,processed/isic_segmentation/images/train/ISIC_0000492.jpg,processed/isic_segmentation/masks/train/ISIC_0000492.png,raw/isic/images/ISIC_0000492.jpg,raw/isic/masks/ISIC_0000492_segmentation.png
isic_2018_task1_2,segmentation,train,ISIC_0000493,lesion,processed/isic_segmentation/images/train/ISIC_0000493.jpg,processed/isic_segmentation/masks/train/ISIC_0000493.png,raw/isic/images/ISIC_0000493.jpg,raw/isic/masks/ISIC_0000493_segmentation.png
isic_2018_task1_2,segmentation,val,ISIC_0000494,lesion,processed/isic_segmentation/images/val/ISIC_0000494.jpg,processed/isic_segmentation/masks/val/ISIC_0000494.png,raw/isic/images/ISIC_0000494.jpg,raw/isic/masks/ISIC_0000494_segmentation.png
isic_2018_task1_2,segmentation,val,ISIC_0000495,lesion,processed/isic_segmentation/images/val/ISIC_0000495.jpg,processed/isic_segmentation/masks/val/ISIC_0000495.png,raw/isic/images/ISIC_0000495.jpg,raw/isic/masks/ISIC_0000495_segmentation.png
isic_2018_task1_2,segmentation,train,ISIC_0000496,lesion,processed/isic_segmentation/images/train/ISIC_0000496.jpg,processed/isic_segmentation/masks/train/ISIC_0000496.png,raw/isic/images/ISIC_0000496.jpg,raw/isic/masks/ISIC_0000496_segmentation.png
isic_2018_task1_2,segmentation,train,ISIC_0000498,lesion,processed/isic_segmentation/images/train/ISIC_0000498.jpg,processed/isic_segmentation/masks/train/ISIC_0000498.png,raw/isic/images/ISIC_0000498.jpg,raw/isic/masks/ISIC_0000498_segmentation.png
isic_2018_task1_2,segmentation,train,ISIC_0000499,lesion,processed/isic_segmentation/images/train/ISIC_0000499.jpg,processed/isic_segmentation/masks/train/ISIC_0000499.png,raw/isic/images/ISIC_0000499.jpg,raw/isic/masks/ISIC_0000499_segmentation.png
isic_2018_task1_2,segmentation,train,ISIC_0000500,lesion,processed/isic_segmentation/images/train/ISIC_0000500.jpg,processed/isic_segmentation/masks/train/ISIC_0000500.png,raw/isic/images/ISIC_0000500.jpg,raw/isic/masks/ISIC_0000500_segmentation.png
isic_2018_task1_2,segmentation,val,ISIC_0000501,lesion,processed/isic_segmentation/images/val/ISIC_0000501.jpg,processed/isic_segmentation/masks/val/ISIC_0000501.png,raw/isic/images/ISIC_0000501.jpg,raw/isic/masks/ISIC_0000501_segmentation.png
isic_2018_task1_2,segmentation,test,ISIC_0000503,lesion,processed/isic_segmentation/images/test/ISIC_0000503.jpg,processed/isic_segmentation/masks/test/ISIC_0000503.png,raw/isic/images/ISIC_0000503.jpg,raw/isic/masks/ISIC_0000503_segmentation.png
isic_2018_task1_2,segmentation,test,ISIC_0000504,lesion,processed/isic_segmentation/images/test/ISIC_0000504.jpg,processed/isic_segmentation/masks/test/ISIC_0000504.png,raw/isic/images/ISIC_0000504.jpg,raw/isic/masks/ISIC_0000504_segmentation.png
isic_2018_task1_2,segmentation,train,ISIC_0000505,lesion,processed/isic_segmentation/images/train/ISIC_0000505.jpg,processed/isic_segmentation/masks/train/ISIC_0000505.png,raw/isic/images/ISIC_0000505.jpg,raw/isic/masks/ISIC_0000505_segmentation.png
isic_2018_task1_2,segmentation,val,ISIC_0000506,lesion,processed/isic_segmentation/images/val/ISIC_0000506.jpg,processed/isic_segmentation/masks/val/ISIC_0000506.png,raw/isic/images/ISIC_0000506.jpg,raw/isic/masks/ISIC_0000506_segmentation.png
isic_2018_task1_2,segmentation,test,ISIC_0000507,lesion,processed/isic_segmentation/images/test/ISIC_0000507.jpg,processed/isic_segmentation/masks/test/ISIC_0000507.png,raw/isic/images/ISIC_0000507.jpg,raw/isic/masks/ISIC_0000507_segmentation.png
isic_2018_task1_2,segmentation,test,ISIC_0000508,lesion,processed/isic_segmentation/images/test/ISIC_0000508.jpg,processed/isic_segmentation/masks/test/ISIC_0000508.png,raw/isic/images/ISIC_0000508.jpg,raw/isic/masks/ISIC_0000508_segmentation.png
isic_2018_task1_2,segmentation,train,ISIC_0000509,lesion,processed/isic_segmentation/images/train/ISIC_0000509.jpg,processed/isic_segmentation/masks/train/ISIC_0000509.png,raw/isic/images/ISIC_0000509.jpg,raw/isic/masks/ISIC_0000509_segmentation.png
isic_2018_task1_2,segmentation,val,ISIC_0000510,lesion,processed/isic_segmentation/images/val/ISIC_0000510.jpg,processed/isic_segmentation/masks/val/ISIC_0000510.png,raw/isic/images/ISIC_0000510.jpg,raw/isic/masks/ISIC_0000510_segmentation.png
isic_2018_task1_2,segmentation,val,ISIC_0000511,lesion,processed/isic_segmentation/images/val/ISIC_0000511.jpg,processed/isic_segmentation/masks/val/ISIC_0000511.png,raw/isic/images/ISIC_0000511.jpg,raw/isic/masks/ISIC_0000511_segmentation.png
isic_2018_task1_2,segmentation,val,ISIC_0000513,lesion,processed/isic_segmentation/images/val/ISIC_0000513.jpg,processed/isic_segmentation/masks/val/ISIC_0000513.png,raw/isic/images/ISIC_0000513.jpg,raw/isic/masks/ISIC_0000513_segmentation.png
isic_2018_task1_2,segmentation,train,ISIC_0000514,lesion,processed/isic_segmentation/images/train/ISIC_0000514.jpg,processed/isic_segmentation/masks/train/ISIC_0000514.png,raw/isic/images/ISIC_0000514.jpg,raw/isic/masks/ISIC_0000514_segmentation.png
isic_2018_task1_2,segmentation,train,ISIC_0000515,lesion,processed/isic_segmentation/images/train/ISIC_0000515.jpg,processed/isic_segmentation/masks/train/ISIC_0000515.png,raw/isic/images/ISIC_0000515.jpg,raw/isic/masks/ISIC_0000515_segmentation.png
isic_2018_task1_2,segmentation,test,ISIC_0000517,lesion,processed/isic_segmentation/images/test/ISIC_0000517.jpg,processed/isic_segmentation/masks/test/ISIC_0000517.png,raw/isic/images/ISIC_0000517.jpg,raw/isic/masks/ISIC_0000517_segmentation.png
isic_2018_task1_2,segmentation,train,ISIC_0000518,lesion,processed/isic_segmentation/images/train/ISIC_0000518.jpg,processed/isic_segmentation/masks/train/ISIC_0000518.png,raw/isic/images/ISIC_0000518.jpg,raw/isic/masks/ISIC_0000518_segmentation.png
isic_2018_task1_2,segmentation,train,ISIC_0000519,lesion,processed/isic_segmentation/images/train/ISIC_0000519.jpg,processed/isic_segmentation/masks/train/ISIC_0000519.png,raw/isic/images/ISIC_0000519.jpg,raw/isic/masks/ISIC_0000519_segmentation.png
isic_2018_task1_2,segmentation,val,ISIC_0000520,lesion,processed/isic_segmentation/images/val/ISIC_0000520.jpg,processed/isic_segmentation/masks/val/ISIC_0000520.png,raw/isic/images/ISIC_0000520.jpg,raw/isic/masks/ISIC_0000520_segmentation.png
isic_2018_task1_2,segmentation,train,ISIC_0000521,lesion,processed/isic_segmentation/images/train/ISIC_0000521.jpg,processed/isic_segmentation/masks/train/ISIC_0000521.png,raw/isic/images/ISIC_0000521.jpg,raw/isic/masks/ISIC_0000521_segmentation.png
isic_2018_task1_2,segmentation,train,ISIC_0000522,lesion,processed/isic_segmentation/images/train/ISIC_0000522.jpg,processed/isic_segmentation/masks/train/ISIC_0000522.png,raw/isic/images/ISIC_0000522.jpg,raw/isic/masks/ISIC_0000522_segmentation.png
isic_2018_task1_2,segmentation,train,ISIC_0000523,lesion,processed/isic_segmentation/images/train/ISIC_0000523.jpg,processed/isic_segmentation/masks/train/ISIC_0000523.png,raw/isic/images/ISIC_0000523.jpg,raw/isic/masks/ISIC_0000523_segmentation.png
isic_2018_task1_2,segmentation,train,ISIC_0000524,lesion,processed/isic_segmentation/images/train/ISIC_0000524.jpg,processed/isic_segmentation/masks/train/ISIC_0000524.png,raw/isic/images/ISIC_0000524.jpg,raw/isic/masks/ISIC_0000524_segmentation.png
isic_2018_task1_2,segmentation,train,ISIC_0000525,lesion,processed/isic_segmentation/images/train/ISIC_0000525.jpg,processed/isic_segmentation/masks/train/ISIC_0000525.png,raw/isic/images/ISIC_0000525.jpg,raw/isic/masks/ISIC_0000525_segmentation.png
isic_2018_task1_2,segmentation,val,ISIC_0000527,lesion,processed/isic_segmentation/images/val/ISIC_0000527.jpg,processed/isic_segmentation/masks/val/ISIC_0000527.png,raw/isic/images/ISIC_0000527.jpg,raw/isic/masks/ISIC_0000527_segmentation.png
isic_2018_task1_2,segmentation,train,ISIC_0000528,lesion,processed/isic_segmentation/images/train/ISIC_0000528.jpg,processed/isic_segmentation/masks/train/ISIC_0000528.png,raw/isic/images/ISIC_0000528.jpg,raw/isic/masks/ISIC_0000528_segmentation.png
isic_2018_task1_2,segmentation,train,ISIC_0000529,lesion,processed/isic_segmentation/images/train/ISIC_0000529.jpg,processed/isic_segmentation/masks/train/ISIC_0000529.png,raw/isic/images/ISIC_0000529.jpg,raw/isic/masks/ISIC_0000529_segmentation.png
isic_2018_task1_2,segmentation,val,ISIC_0000530,lesion,processed/isic_segmentation/images/val/ISIC_0000530.jpg,processed/isic_segmentation/masks/val/ISIC_0000530.png,raw/isic/images/ISIC_0000530.jpg,raw/isic/masks/ISIC_0000530_segmentation.png
isic_2018_task1_2,segmentation,test,ISIC_0000531,lesion,processed/isic_segmentation/images/test/ISIC_0000531.jpg,processed/isic_segmentation/masks/test/ISIC_0000531.png,raw/isic/images/ISIC_0000531.jpg,raw/isic/masks/ISIC_0000531_segmentation.png
isic_2018_task1_2,segmentation,train,ISIC_0000532,lesion,processed/isic_segmentation/images/train/ISIC_0000532.jpg,processed/isic_segmentation/masks/train/ISIC_0000532.png,raw/isic/images/ISIC_0000532.jpg,raw/isic/masks/ISIC_0000532_segmentation.png
isic_2018_task1_2,segmentation,test,ISIC_0000533,lesion,processed/isic_segmentation/images/test/ISIC_0000533.jpg,processed/isic_segmentation/masks/test/ISIC_0000533.png,raw/isic/images/ISIC_0000533.jpg,raw/isic/masks/ISIC_0000533_segmentation.png
isic_2018_task1_2,segmentation,val,ISIC_0000534,lesion,processed/isic_segmentation/images/val/ISIC_0000534.jpg,processed/isic_segmentation/masks/val/ISIC_0000534.png,raw/isic/images/ISIC_0000534.jpg,raw/isic/masks/ISIC_0000534_segmentation.png
isic_2018_task1_2,segmentation,train,ISIC_0000535,lesion,processed/isic_segmentation/images/train/ISIC_0000535.jpg,processed/isic_segmentation/masks/train/ISIC_0000535.png,raw/isic/images/ISIC_0000535.jpg,raw/isic/masks/ISIC_0000535_segmentation.png
isic_2018_task1_2,segmentation,train,ISIC_0000536,lesion,processed/isic_segmentation/images/train/ISIC_0000536.jpg,processed/isic_segmentation/masks/train/ISIC_0000536.png,raw/isic/images/ISIC_0000536.jpg,raw/isic/masks/ISIC_0000536_segmentation.png
isic_2018_task1_2,segmentation,train,ISIC_0000537,lesion,processed/isic_segmentation/images/train/ISIC_0000537.jpg,processed/isic_segmentation/masks/train/ISIC_0000537.png,raw/isic/images/ISIC_0000537.jpg,raw/isic/masks/ISIC_0000537_segmentation.png
isic_2018_task1_2,segmentation,val,ISIC_0000538,lesion,processed/isic_segmentation/images/val/ISIC_0000538.jpg,processed/isic_segmentation/masks/val/ISIC_0000538.png,raw/isic/images/ISIC_0000538.jpg,raw/isic/masks/ISIC_0000538_segmentation.png
isic_2018_task1_2,segmentation,train,ISIC_0000539,lesion,processed/isic_segmentation/images/train/ISIC_0000539.jpg,processed/isic_segmentation/masks/train/ISIC_0000539.png,raw/isic/images/ISIC_0000539.jpg,raw/isic/masks/ISIC_0000539_segmentation.png
isic_2018_task1_2,segmentation,train,ISIC_0000540,lesion,processed/isic_segmentation/images/train/ISIC_0000540.jpg,processed/isic_segmentation/masks/train/ISIC_0000540.png,raw/isic/images/ISIC_0000540.jpg,raw/isic/masks/ISIC_0000540_segmentation.png
isic_2018_task1_2,segmentation,train,ISIC_0000541,lesion,processed/isic_segmentation/images/train/ISIC_0000541.jpg,processed/isic_segmentation/masks/train/ISIC_0000541.png,raw/isic/images/ISIC_0000541.jpg,raw/isic/masks/ISIC_0000541_segmentation.png
isic_2018_task1_2,segmentation,train,ISIC_0000542,lesion,processed/isic_segmentation/images/train/ISIC_0000542.jpg,processed/isic_segmentation/masks/train/ISIC_0000542.png,raw/isic/images/ISIC_0000542.jpg,raw/isic/masks/ISIC_0000542_segmentation.png
isic_2018_task1_2,segmentation,train,ISIC_0000543,lesion,processed/isic_segmentation/images/train/ISIC_0000543.jpg,processed/isic_segmentation/masks/train/ISIC_0000543.png,raw/isic/images/ISIC_0000543.jpg,raw/isic/masks/ISIC_0000543_segmentation.png
isic_2018_task1_2,segmentation,val,ISIC_0000544,lesion,processed/isic_segmentation/images/val/ISIC_0000544.jpg,processed/isic_segmentation/masks/val/ISIC_0000544.png,raw/isic/images/ISIC_0000544.jpg,raw/isic/masks/ISIC_0000544_segmentation.png
isic_2018_task1_2,segmentation,train,ISIC_0000545,lesion,processed/isic_segmentation/images/train/ISIC_0000545.jpg,processed/isic_segmentation/masks/train/ISIC_0000545.png,raw/isic/images/ISIC_0000545.jpg,raw/isic/masks/ISIC_0000545_segmentation.png
isic_2018_task1_2,segmentation,train,ISIC_0000546,lesion,processed/isic_segmentation/images/train/ISIC_0000546.jpg,processed/isic_segmentation/masks/train/ISIC_0000546.png,raw/isic/images/ISIC_0000546.jpg,raw/isic/masks/ISIC_0000546_segmentation.png
isic_2018_task1_2,segmentation,val,ISIC_0000547,lesion,processed/isic_segmentation/images/val/ISIC_0000547.jpg,processed/isic_segmentation/masks/val/ISIC_0000547.png,raw/isic/images/ISIC_0000547.jpg,raw/isic/masks/ISIC_0000547_segmentation.png
isic_2018_task1_2,segmentation,train,ISIC_0000548,lesion,processed/isic_segmentation/images/train/ISIC_0000548.jpg,processed/isic_segmentation/masks/train/ISIC_0000548.png,raw/isic/images/ISIC_0000548.jpg,raw/isic/masks/ISIC_0000548_segmentation.png
isic_2018_task1_2,segmentation,test,ISIC_0000549,lesion,processed/isic_segmentation/images/test/ISIC_0000549.jpg,processed/isic_segmentation/masks/test/ISIC_0000549.png,raw/isic/images/ISIC_0000549.jpg,raw/isic/masks/ISIC_0000549_segmentation.png
isic_2018_task1_2,segmentation,train,ISIC_0000550,lesion,processed/isic_segmentation/images/train/ISIC_0000550.jpg,processed/isic_segmentation/masks/train/ISIC_0000550.png,raw/isic/images/ISIC_0000550.jpg,raw/isic/masks/ISIC_0000550_segmentation.png
isic_2018_task1_2,segmentation,train,ISIC_0000552,lesion,processed/isic_segmentation/images/train/ISIC_0000552.jpg,processed/isic_segmentation/masks/train/ISIC_0000552.png,raw/isic/images/ISIC_0000552.jpg,raw/isic/masks/ISIC_0000552_segmentation.png
isic_2018_task1_2,segmentation,train,ISIC_0000554,lesion,processed/isic_segmentation/images/train/ISIC_0000554.jpg,processed/isic_segmentation/masks/train/ISIC_0000554.png,raw/isic/images/ISIC_0000554.jpg,raw/isic/masks/ISIC_0000554_segmentation.png
isic_2018_task1_2,segmentation,train,ISIC_0000555,lesion,processed/isic_segmentation/images/train/ISIC_0000555.jpg,processed/isic_segmentation/masks/train/ISIC_0000555.png,raw/isic/images/ISIC_0000555.jpg,raw/isic/masks/ISIC_0000555_segmentation.png
isic_2018_task1_2,segmentation,train,ISIC_0000556,lesion,processed/isic_segmentation/images/train/ISIC_0000556.jpg,processed/isic_segmentation/masks/train/ISIC_0000556.png,raw/isic/images/ISIC_0000556.jpg,raw/isic/masks/ISIC_0000556_segmentation.png
isic_2018_task1_2,segmentation,train,ISIC_0000882,lesion,processed/isic_segmentation/images/train/ISIC_0000882.jpg,processed/isic_segmentation/masks/train/ISIC_0000882.png,raw/isic/images/ISIC_0000882.jpg,raw/isic/masks/ISIC_0000882_segmentation.png
isic_2018_task1_2,segmentation,train,ISIC_0000900,lesion,processed/isic_segmentation/images/train/ISIC_0000900.jpg,processed/isic_segmentation/masks/train/ISIC_0000900.png,raw/isic/images/ISIC_0000900.jpg,raw/isic/masks/ISIC_0000900_segmentation.png
isic_2018_task1_2,segmentation,train,ISIC_0000999,lesion,processed/isic_segmentation/images/train/ISIC_0000999.jpg,processed/isic_segmentation/masks/train/ISIC_0000999.png,raw/isic/images/ISIC_0000999.jpg,raw/isic/masks/ISIC_0000999_segmentation.png
isic_2018_task1_2,segmentation,test,ISIC_0001100,lesion,processed/isic_segmentation/images/test/ISIC_0001100.jpg,processed/isic_segmentation/masks/test/ISIC_0001100.png,raw/isic/images/ISIC_0001100.jpg,raw/isic/masks/ISIC_0001100_segmentation.png
isic_2018_task1_2,segmentation,val,ISIC_0001102,lesion,processed/isic_segmentation/images/val/ISIC_0001102.jpg,processed/isic_segmentation/masks/val/ISIC_0001102.png,raw/isic/images/ISIC_0001102.jpg,raw/isic/masks/ISIC_0001102_segmentation.png
isic_2018_task1_2,segmentation,train,ISIC_0001103,lesion,processed/isic_segmentation/images/train/ISIC_0001103.jpg,processed/isic_segmentation/masks/train/ISIC_0001103.png,raw/isic/images/ISIC_0001103.jpg,raw/isic/masks/ISIC_0001103_segmentation.png
isic_2018_task1_2,segmentation,train,ISIC_0001105,lesion,processed/isic_segmentation/images/train/ISIC_0001105.jpg,processed/isic_segmentation/masks/train/ISIC_0001105.png,raw/isic/images/ISIC_0001105.jpg,raw/isic/masks/ISIC_0001105_segmentation.png
isic_2018_task1_2,segmentation,train,ISIC_0001106,lesion,processed/isic_segmentation/images/train/ISIC_0001106.jpg,processed/isic_segmentation/masks/train/ISIC_0001106.png,raw/isic/images/ISIC_0001106.jpg,raw/isic/masks/ISIC_0001106_segmentation.png
isic_2018_task1_2,segmentation,test,ISIC_0001118,lesion,processed/isic_segmentation/images/test/ISIC_0001118.jpg,processed/isic_segmentation/masks/test/ISIC_0001118.png,raw/isic/images/ISIC_0001118.jpg,raw/isic/masks/ISIC_0001118_segmentation.png
isic_2018_task1_2,segmentation,train,ISIC_0001119,lesion,processed/isic_segmentation/images/train/ISIC_0001119.jpg,processed/isic_segmentation/masks/train/ISIC_0001119.png,raw/isic/images/ISIC_0001119.jpg,raw/isic/masks/ISIC_0001119_segmentation.png
isic_2018_task1_2,segmentation,train,ISIC_0001126,lesion,processed/isic_segmentation/images/train/ISIC_0001126.jpg,processed/isic_segmentation/masks/train/ISIC_0001126.png,raw/isic/images/ISIC_0001126.jpg,raw/isic/masks/ISIC_0001126_segmentation.png
isic_2018_task1_2,segmentation,test,ISIC_0001128,lesion,processed/isic_segmentation/images/test/ISIC_0001128.jpg,processed/isic_segmentation/masks/test/ISIC_0001128.png,raw/isic/images/ISIC_0001128.jpg,raw/isic/masks/ISIC_0001128_segmentation.png
isic_2018_task1_2,segmentation,train,ISIC_0001131,lesion,processed/isic_segmentation/images/train/ISIC_0001131.jpg,processed/isic_segmentation/masks/train/ISIC_0001131.png,raw/isic/images/ISIC_0001131.jpg,raw/isic/masks/ISIC_0001131_segmentation.png
isic_2018_task1_2,segmentation,train,ISIC_0001133,lesion,processed/isic_segmentation/images/train/ISIC_0001133.jpg,processed/isic_segmentation/masks/train/ISIC_0001133.png,raw/isic/images/ISIC_0001133.jpg,raw/isic/masks/ISIC_0001133_segmentation.png
isic_2018_task1_2,segmentation,train,ISIC_0001134,lesion,processed/isic_segmentation/images/train/ISIC_0001134.jpg,processed/isic_segmentation/masks/train/ISIC_0001134.png,raw/isic/images/ISIC_0001134.jpg,raw/isic/masks/ISIC_0001134_segmentation.png
isic_2018_task1_2,segmentation,train,ISIC_0001140,lesion,processed/isic_segmentation/images/train/ISIC_0001140.jpg,processed/isic_segmentation/masks/train/ISIC_0001140.png,raw/isic/images/ISIC_0001140.jpg,raw/isic/masks/ISIC_0001140_segmentation.png
isic_2018_task1_2,segmentation,train,ISIC_0001142,lesion,processed/isic_segmentation/images/train/ISIC_0001142.jpg,processed/isic_segmentation/masks/train/ISIC_0001142.png,raw/isic/images/ISIC_0001142.jpg,raw/isic/masks/ISIC_0001142_segmentation.png
isic_2018_task1_2,segmentation,train,ISIC_0001148,lesion,processed/isic_segmentation/images/train/ISIC_0001148.jpg,processed/isic_segmentation/masks/train/ISIC_0001148.png,raw/isic/images/ISIC_0001148.jpg,raw/isic/masks/ISIC_0001148_segmentation.png
isic_2018_task1_2,segmentation,train,ISIC_0001152,lesion,processed/isic_segmentation/images/train/ISIC_0001152.jpg,processed/isic_segmentation/masks/train/ISIC_0001152.png,raw/isic/images/ISIC_0001152.jpg,raw/isic/masks/ISIC_0001152_segmentation.png
isic_2018_task1_2,segmentation,test,ISIC_0001163,lesion,processed/isic_segmentation/images/test/ISIC_0001163.jpg,processed/isic_segmentation/masks/test/ISIC_0001163.png,raw/isic/images/ISIC_0001163.jpg,raw/isic/masks/ISIC_0001163_segmentation.png
isic_2018_task1_2,segmentation,test,ISIC_0001181,lesion,processed/isic_segmentation/images/test/ISIC_0001181.jpg,processed/isic_segmentation/masks/test/ISIC_0001181.png,raw/isic/images/ISIC_0001181.jpg,raw/isic/masks/ISIC_0001181_segmentation.png
isic_2018_task1_2,segmentation,train,ISIC_0001184,lesion,processed/isic_segmentation/images/train/ISIC_0001184.jpg,processed/isic_segmentation/masks/train/ISIC_0001184.png,raw/isic/images/ISIC_0001184.jpg,raw/isic/masks/ISIC_0001184_segmentation.png
isic_2018_task1_2,segmentation,train,ISIC_0001185,lesion,processed/isic_segmentation/images/train/ISIC_0001185.jpg,processed/isic_segmentation/masks/train/ISIC_0001185.png,raw/isic/images/ISIC_0001185.jpg,raw/isic/masks/ISIC_0001185_segmentation.png
isic_2018_task1_2,segmentation,train,ISIC_0001186,lesion,processed/isic_segmentation/images/train/ISIC_0001186.jpg,processed/isic_segmentation/masks/train/ISIC_0001186.png,raw/isic/images/ISIC_0001186.jpg,raw/isic/masks/ISIC_0001186_segmentation.png
isic_2018_task1_2,segmentation,train,ISIC_0001188,lesion,processed/isic_segmentation/images/train/ISIC_0001188.jpg,processed/isic_segmentation/masks/train/ISIC_0001188.png,raw/isic/images/ISIC_0001188.jpg,raw/isic/masks/ISIC_0001188_segmentation.png
isic_2018_task1_2,segmentation,train,ISIC_0001190,lesion,processed/isic_segmentation/images/train/ISIC_0001190.jpg,processed/isic_segmentation/masks/train/ISIC_0001190.png,raw/isic/images/ISIC_0001190.jpg,raw/isic/masks/ISIC_0001190_segmentation.png
isic_2018_task1_2,segmentation,train,ISIC_0001191,lesion,processed/isic_segmentation/images/train/ISIC_0001191.jpg,processed/isic_segmentation/masks/train/ISIC_0001191.png,raw/isic/images/ISIC_0001191.jpg,raw/isic/masks/ISIC_0001191_segmentation.png
isic_2018_task1_2,segmentation,train,ISIC_0001204,lesion,processed/isic_segmentation/images/train/ISIC_0001204.jpg,processed/isic_segmentation/masks/train/ISIC_0001204.png,raw/isic/images/ISIC_0001204.jpg,raw/isic/masks/ISIC_0001204_segmentation.png
isic_2018_task1_2,segmentation,val,ISIC_0001212,lesion,processed/isic_segmentation/images/val/ISIC_0001212.jpg,processed/isic_segmentation/masks/val/ISIC_0001212.png,raw/isic/images/ISIC_0001212.jpg,raw/isic/masks/ISIC_0001212_segmentation.png
isic_2018_task1_2,segmentation,train,ISIC_0001213,lesion,processed/isic_segmentation/images/train/ISIC_0001213.jpg,processed/isic_segmentation/masks/train/ISIC_0001213.png,raw/isic/images/ISIC_0001213.jpg,raw/isic/masks/ISIC_0001213_segmentation.png
isic_2018_task1_2,segmentation,test,ISIC_0001216,lesion,processed/isic_segmentation/images/test/ISIC_0001216.jpg,processed/isic_segmentation/masks/test/ISIC_0001216.png,raw/isic/images/ISIC_0001216.jpg,raw/isic/masks/ISIC_0001216_segmentation.png
isic_2018_task1_2,segmentation,train,ISIC_0001242,lesion,processed/isic_segmentation/images/train/ISIC_0001242.jpg,processed/isic_segmentation/masks/train/ISIC_0001242.png,raw/isic/images/ISIC_0001242.jpg,raw/isic/masks/ISIC_0001242_segmentation.png
isic_2018_task1_2,segmentation,train,ISIC_0001247,lesion,processed/isic_segmentation/images/train/ISIC_0001247.jpg,processed/isic_segmentation/masks/train/ISIC_0001247.png,raw/isic/images/ISIC_0001247.jpg,raw/isic/masks/ISIC_0001247_segmentation.png
isic_2018_task1_2,segmentation,train,ISIC_0001254,lesion,processed/isic_segmentation/images/train/ISIC_0001254.jpg,processed/isic_segmentation/masks/train/ISIC_0001254.png,raw/isic/images/ISIC_0001254.jpg,raw/isic/masks/ISIC_0001254_segmentation.png
isic_2018_task1_2,segmentation,train,ISIC_0001262,lesion,processed/isic_segmentation/images/train/ISIC_0001262.jpg,processed/isic_segmentation/masks/train/ISIC_0001262.png,raw/isic/images/ISIC_0001262.jpg,raw/isic/masks/ISIC_0001262_segmentation.png
isic_2018_task1_2,segmentation,val,ISIC_0001267,lesion,processed/isic_segmentation/images/val/ISIC_0001267.jpg,processed/isic_segmentation/masks/val/ISIC_0001267.png,raw/isic/images/ISIC_0001267.jpg,raw/isic/masks/ISIC_0001267_segmentation.png
isic_2018_task1_2,segmentation,train,ISIC_0001275,lesion,processed/isic_segmentation/images/train/ISIC_0001275.jpg,processed/isic_segmentation/masks/train/ISIC_0001275.png,raw/isic/images/ISIC_0001275.jpg,raw/isic/masks/ISIC_0001275_segmentation.png
isic_2018_task1_2,segmentation,test,ISIC_0001286,lesion,processed/isic_segmentation/images/test/ISIC_0001286.jpg,processed/isic_segmentation/masks/test/ISIC_0001286.png,raw/isic/images/ISIC_0001286.jpg,raw/isic/masks/ISIC_0001286_segmentation.png
isic_2018_task1_2,segmentation,train,ISIC_0001292,lesion,processed/isic_segmentation/images/train/ISIC_0001292.jpg,processed/isic_segmentation/masks/train/ISIC_0001292.png,raw/isic/images/ISIC_0001292.jpg,raw/isic/masks/ISIC_0001292_segmentation.png
isic_2018_task1_2,segmentation,train,ISIC_0001296,lesion,processed/isic_segmentation/images/train/ISIC_0001296.jpg,processed/isic_segmentation/masks/train/ISIC_0001296.png,raw/isic/images/ISIC_0001296.jpg,raw/isic/masks/ISIC_0001296_segmentation.png
isic_2018_task1_2,segmentation,test,ISIC_0001299,lesion,processed/isic_segmentation/images/test/ISIC_0001299.jpg,processed/isic_segmentation/masks/test/ISIC_0001299.png,raw/isic/images/ISIC_0001299.jpg,raw/isic/masks/ISIC_0001299_segmentation.png
isic_2018_task1_2,segmentation,train,ISIC_0001306,lesion,processed/isic_segmentation/images/train/ISIC_0001306.jpg,processed/isic_segmentation/masks/train/ISIC_0001306.png,raw/isic/images/ISIC_0001306.jpg,raw/isic/masks/ISIC_0001306_segmentation.png
isic_2018_task1_2,segmentation,train,ISIC_0001367,lesion,processed/isic_segmentation/images/train/ISIC_0001367.jpg,processed/isic_segmentation/masks/train/ISIC_0001367.png,raw/isic/images/ISIC_0001367.jpg,raw/isic/masks/ISIC_0001367_segmentation.png
isic_2018_task1_2,segmentation,train,ISIC_0001372,lesion,processed/isic_segmentation/images/train/ISIC_0001372.jpg,processed/isic_segmentation/masks/train/ISIC_0001372.png,raw/isic/images/ISIC_0001372.jpg,raw/isic/masks/ISIC_0001372_segmentation.png
isic_2018_task1_2,segmentation,train,ISIC_0001374,lesion,processed/isic_segmentation/images/train/ISIC_0001374.jpg,processed/isic_segmentation/masks/train/ISIC_0001374.png,raw/isic/images/ISIC_0001374.jpg,raw/isic/masks/ISIC_0001374_segmentation.png
isic_2018_task1_2,segmentation,train,ISIC_0001385,lesion,processed/isic_segmentation/images/train/ISIC_0001385.jpg,processed/isic_segmentation/masks/train/ISIC_0001385.png,raw/isic/images/ISIC_0001385.jpg,raw/isic/masks/ISIC_0001385_segmentation.png
isic_2018_task1_2,segmentation,train,ISIC_0001423,lesion,processed/isic_segmentation/images/train/ISIC_0001423.jpg,processed/isic_segmentation/masks/train/ISIC_0001423.png,raw/isic/images/ISIC_0001423.jpg,raw/isic/masks/ISIC_0001423_segmentation.png
isic_2018_task1_2,segmentation,train,ISIC_0001427,lesion,processed/isic_segmentation/images/train/ISIC_0001427.jpg,processed/isic_segmentation/masks/train/ISIC_0001427.png,raw/isic/images/ISIC_0001427.jpg,raw/isic/masks/ISIC_0001427_segmentation.png
isic_2018_task1_2,segmentation,val,ISIC_0001442,lesion,processed/isic_segmentation/images/val/ISIC_0001442.jpg,processed/isic_segmentation/masks/val/ISIC_0001442.png,raw/isic/images/ISIC_0001442.jpg,raw/isic/masks/ISIC_0001442_segmentation.png
isic_2018_task1_2,segmentation,train,ISIC_0001449,lesion,processed/isic_segmentation/images/train/ISIC_0001449.jpg,processed/isic_segmentation/masks/train/ISIC_0001449.png,raw/isic/images/ISIC_0001449.jpg,raw/isic/masks/ISIC_0001449_segmentation.png
isic_2018_task1_2,segmentation,train,ISIC_0001769,lesion,processed/isic_segmentation/images/train/ISIC_0001769.jpg,processed/isic_segmentation/masks/train/ISIC_0001769.png,raw/isic/images/ISIC_0001769.jpg,raw/isic/masks/ISIC_0001769_segmentation.png
isic_2018_task1_2,segmentation,train,ISIC_0001852,lesion,processed/isic_segmentation/images/train/ISIC_0001852.jpg,processed/isic_segmentation/masks/train/ISIC_0001852.png,raw/isic/images/ISIC_0001852.jpg,raw/isic/masks/ISIC_0001852_segmentation.png
isic_2018_task1_2,segmentation,train,ISIC_0001871,lesion,processed/isic_segmentation/images/train/ISIC_0001871.jpg,processed/isic_segmentation/masks/train/ISIC_0001871.png,raw/isic/images/ISIC_0001871.jpg,raw/isic/masks/ISIC_0001871_segmentation.png
isic_2018_task1_2,segmentation,val,ISIC_0001960,lesion,processed/isic_segmentation/images/val/ISIC_0001960.jpg,processed/isic_segmentation/masks/val/ISIC_0001960.png,raw/isic/images/ISIC_0001960.jpg,raw/isic/masks/ISIC_0001960_segmentation.png
isic_2018_task1_2,segmentation,train,ISIC_0002093,lesion,processed/isic_segmentation/images/train/ISIC_0002093.jpg,processed/isic_segmentation/masks/train/ISIC_0002093.png,raw/isic/images/ISIC_0002093.jpg,raw/isic/masks/ISIC_0002093_segmentation.png
isic_2018_task1_2,segmentation,train,ISIC_0002107,lesion,processed/isic_segmentation/images/train/ISIC_0002107.jpg,processed/isic_segmentation/masks/train/ISIC_0002107.png,raw/isic/images/ISIC_0002107.jpg,raw/isic/masks/ISIC_0002107_segmentation.png
isic_2018_task1_2,segmentation,train,ISIC_0002206,lesion,processed/isic_segmentation/images/train/ISIC_0002206.jpg,processed/isic_segmentation/masks/train/ISIC_0002206.png,raw/isic/images/ISIC_0002206.jpg,raw/isic/masks/ISIC_0002206_segmentation.png
isic_2018_task1_2,segmentation,train,ISIC_0002246,lesion,processed/isic_segmentation/images/train/ISIC_0002246.jpg,processed/isic_segmentation/masks/train/ISIC_0002246.png,raw/isic/images/ISIC_0002246.jpg,raw/isic/masks/ISIC_0002246_segmentation.png
isic_2018_task1_2,segmentation,val,ISIC_0002251,lesion,processed/isic_segmentation/images/val/ISIC_0002251.jpg,processed/isic_segmentation/masks/val/ISIC_0002251.png,raw/isic/images/ISIC_0002251.jpg,raw/isic/masks/ISIC_0002251_segmentation.png
isic_2018_task1_2,segmentation,train,ISIC_0002287,lesion,processed/isic_segmentation/images/train/ISIC_0002287.jpg,processed/isic_segmentation/masks/train/ISIC_0002287.png,raw/isic/images/ISIC_0002287.jpg,raw/isic/masks/ISIC_0002287_segmentation.png
isic_2018_task1_2,segmentation,val,ISIC_0002353,lesion,processed/isic_segmentation/images/val/ISIC_0002353.jpg,processed/isic_segmentation/masks/val/ISIC_0002353.png,raw/isic/images/ISIC_0002353.jpg,raw/isic/masks/ISIC_0002353_segmentation.png
isic_2018_task1_2,segmentation,train,ISIC_0002374,lesion,processed/isic_segmentation/images/train/ISIC_0002374.jpg,processed/isic_segmentation/masks/train/ISIC_0002374.png,raw/isic/images/ISIC_0002374.jpg,raw/isic/masks/ISIC_0002374_segmentation.png
isic_2018_task1_2,segmentation,train,ISIC_0002438,lesion,processed/isic_segmentation/images/train/ISIC_0002438.jpg,processed/isic_segmentation/masks/train/ISIC_0002438.png,raw/isic/images/ISIC_0002438.jpg,raw/isic/masks/ISIC_0002438_segmentation.png
isic_2018_task1_2,segmentation,val,ISIC_0002439,lesion,processed/isic_segmentation/images/val/ISIC_0002439.jpg,processed/isic_segmentation/masks/val/ISIC_0002439.png,raw/isic/images/ISIC_0002439.jpg,raw/isic/masks/ISIC_0002439_segmentation.png
isic_2018_task1_2,segmentation,train,ISIC_0002453,lesion,processed/isic_segmentation/images/train/ISIC_0002453.jpg,processed/isic_segmentation/masks/train/ISIC_0002453.png,raw/isic/images/ISIC_0002453.jpg,raw/isic/masks/ISIC_0002453_segmentation.png
isic_2018_task1_2,segmentation,train,ISIC_0002459,lesion,processed/isic_segmentation/images/train/ISIC_0002459.jpg,processed/isic_segmentation/masks/train/ISIC_0002459.png,raw/isic/images/ISIC_0002459.jpg,raw/isic/masks/ISIC_0002459_segmentation.png
isic_2018_task1_2,segmentation,train,ISIC_0002469,lesion,processed/isic_segmentation/images/train/ISIC_0002469.jpg,processed/isic_segmentation/masks/train/ISIC_0002469.png,raw/isic/images/ISIC_0002469.jpg,raw/isic/masks/ISIC_0002469_segmentation.png
isic_2018_task1_2,segmentation,val,ISIC_0002476,lesion,processed/isic_segmentation/images/val/ISIC_0002476.jpg,processed/isic_segmentation/masks/val/ISIC_0002476.png,raw/isic/images/ISIC_0002476.jpg,raw/isic/masks/ISIC_0002476_segmentation.png
isic_2018_task1_2,segmentation,train,ISIC_0002488,lesion,processed/isic_segmentation/images/train/ISIC_0002488.jpg,processed/isic_segmentation/masks/train/ISIC_0002488.png,raw/isic/images/ISIC_0002488.jpg,raw/isic/masks/ISIC_0002488_segmentation.png
isic_2018_task1_2,segmentation,train,ISIC_0002489,lesion,processed/isic_segmentation/images/train/ISIC_0002489.jpg,processed/isic_segmentation/masks/train/ISIC_0002489.png,raw/isic/images/ISIC_0002489.jpg,raw/isic/masks/ISIC_0002489_segmentation.png
isic_2018_task1_2,segmentation,train,ISIC_0002616,lesion,processed/isic_segmentation/images/train/ISIC_0002616.jpg,processed/isic_segmentation/masks/train/ISIC_0002616.png,raw/isic/images/ISIC_0002616.jpg,raw/isic/masks/ISIC_0002616_segmentation.png
isic_2018_task1_2,segmentation,val,ISIC_0002647,lesion,processed/isic_segmentation/images/val/ISIC_0002647.jpg,processed/isic_segmentation/masks/val/ISIC_0002647.png,raw/isic/images/ISIC_0002647.jpg,raw/isic/masks/ISIC_0002647_segmentation.png
isic_2018_task1_2,segmentation,test,ISIC_0002673,lesion,processed/isic_segmentation/images/test/ISIC_0002673.jpg,processed/isic_segmentation/masks/test/ISIC_0002673.png,raw/isic/images/ISIC_0002673.jpg,raw/isic/masks/ISIC_0002673_segmentation.png
isic_2018_task1_2,segmentation,train,ISIC_0002780,lesion,processed/isic_segmentation/images/train/ISIC_0002780.jpg,processed/isic_segmentation/masks/train/ISIC_0002780.png,raw/isic/images/ISIC_0002780.jpg,raw/isic/masks/ISIC_0002780_segmentation.png
isic_2018_task1_2,segmentation,train,ISIC_0002806,lesion,processed/isic_segmentation/images/train/ISIC_0002806.jpg,processed/isic_segmentation/masks/train/ISIC_0002806.png,raw/isic/images/ISIC_0002806.jpg,raw/isic/masks/ISIC_0002806_segmentation.png
isic_2018_task1_2,segmentation,train,ISIC_0002829,lesion,processed/isic_segmentation/images/train/ISIC_0002829.jpg,processed/isic_segmentation/masks/train/ISIC_0002829.png,raw/isic/images/ISIC_0002829.jpg,raw/isic/masks/ISIC_0002829_segmentation.png
isic_2018_task1_2,segmentation,train,ISIC_0002836,lesion,processed/isic_segmentation/images/train/ISIC_0002836.jpg,processed/isic_segmentation/masks/train/ISIC_0002836.png,raw/isic/images/ISIC_0002836.jpg,raw/isic/masks/ISIC_0002836_segmentation.png
isic_2018_task1_2,segmentation,train,ISIC_0002871,lesion,processed/isic_segmentation/images/train/ISIC_0002871.jpg,processed/isic_segmentation/masks/train/ISIC_0002871.png,raw/isic/images/ISIC_0002871.jpg,raw/isic/masks/ISIC_0002871_segmentation.png
isic_2018_task1_2,segmentation,train,ISIC_0002879,lesion,processed/isic_segmentation/images/train/ISIC_0002879.jpg,processed/isic_segmentation/masks/train/ISIC_0002879.png,raw/isic/images/ISIC_0002879.jpg,raw/isic/masks/ISIC_0002879_segmentation.png
isic_2018_task1_2,segmentation,train,ISIC_0002885,lesion,processed/isic_segmentation/images/train/ISIC_0002885.jpg,processed/isic_segmentation/masks/train/ISIC_0002885.png,raw/isic/images/ISIC_0002885.jpg,raw/isic/masks/ISIC_0002885_segmentation.png
isic_2018_task1_2,segmentation,test,ISIC_0002948,lesion,processed/isic_segmentation/images/test/ISIC_0002948.jpg,processed/isic_segmentation/masks/test/ISIC_0002948.png,raw/isic/images/ISIC_0002948.jpg,raw/isic/masks/ISIC_0002948_segmentation.png
isic_2018_task1_2,segmentation,train,ISIC_0002975,lesion,processed/isic_segmentation/images/train/ISIC_0002975.jpg,processed/isic_segmentation/masks/train/ISIC_0002975.png,raw/isic/images/ISIC_0002975.jpg,raw/isic/masks/ISIC_0002975_segmentation.png
isic_2018_task1_2,segmentation,train,ISIC_0002976,lesion,processed/isic_segmentation/images/train/ISIC_0002976.jpg,processed/isic_segmentation/masks/train/ISIC_0002976.png,raw/isic/images/ISIC_0002976.jpg,raw/isic/masks/ISIC_0002976_segmentation.png
isic_2018_task1_2,segmentation,train,ISIC_0003005,lesion,processed/isic_segmentation/images/train/ISIC_0003005.jpg,processed/isic_segmentation/masks/train/ISIC_0003005.png,raw/isic/images/ISIC_0003005.jpg,raw/isic/masks/ISIC_0003005_segmentation.png
isic_2018_task1_2,segmentation,train,ISIC_0003056,lesion,processed/isic_segmentation/images/train/ISIC_0003056.jpg,processed/isic_segmentation/masks/train/ISIC_0003056.png,raw/isic/images/ISIC_0003056.jpg,raw/isic/masks/ISIC_0003056_segmentation.png
isic_2018_task1_2,segmentation,train,ISIC_0003174,lesion,processed/isic_segmentation/images/train/ISIC_0003174.jpg,processed/isic_segmentation/masks/train/ISIC_0003174.png,raw/isic/images/ISIC_0003174.jpg,raw/isic/masks/ISIC_0003174_segmentation.png
isic_2018_task1_2,segmentation,val,ISIC_0003308,lesion,processed/isic_segmentation/images/val/ISIC_0003308.jpg,processed/isic_segmentation/masks/val/ISIC_0003308.png,raw/isic/images/ISIC_0003308.jpg,raw/isic/masks/ISIC_0003308_segmentation.png
isic_2018_task1_2,segmentation,train,ISIC_0003346,lesion,processed/isic_segmentation/images/train/ISIC_0003346.jpg,processed/isic_segmentation/masks/train/ISIC_0003346.png,raw/isic/images/ISIC_0003346.jpg,raw/isic/masks/ISIC_0003346_segmentation.png
isic_2018_task1_2,segmentation,train,ISIC_0003462,lesion,processed/isic_segmentation/images/train/ISIC_0003462.jpg,processed/isic_segmentation/masks/train/ISIC_0003462.png,raw/isic/images/ISIC_0003462.jpg,raw/isic/masks/ISIC_0003462_segmentation.png
isic_2018_task1_2,segmentation,train,ISIC_0003539,lesion,processed/isic_segmentation/images/train/ISIC_0003539.jpg,processed/isic_segmentation/masks/train/ISIC_0003539.png,raw/isic/images/ISIC_0003539.jpg,raw/isic/masks/ISIC_0003539_segmentation.png
isic_2018_task1_2,segmentation,train,ISIC_0003559,lesion,processed/isic_segmentation/images/train/ISIC_0003559.jpg,processed/isic_segmentation/masks/train/ISIC_0003559.png,raw/isic/images/ISIC_0003559.jpg,raw/isic/masks/ISIC_0003559_segmentation.png
isic_2018_task1_2,segmentation,train,ISIC_0003582,lesion,processed/isic_segmentation/images/train/ISIC_0003582.jpg,processed/isic_segmentation/masks/train/ISIC_0003582.png,raw/isic/images/ISIC_0003582.jpg,raw/isic/masks/ISIC_0003582_segmentation.png
isic_2018_task1_2,segmentation,val,ISIC_0003657,lesion,processed/isic_segmentation/images/val/ISIC_0003657.jpg,processed/isic_segmentation/masks/val/ISIC_0003657.png,raw/isic/images/ISIC_0003657.jpg,raw/isic/masks/ISIC_0003657_segmentation.png
isic_2018_task1_2,segmentation,val,ISIC_0003728,lesion,processed/isic_segmentation/images/val/ISIC_0003728.jpg,processed/isic_segmentation/masks/val/ISIC_0003728.png,raw/isic/images/ISIC_0003728.jpg,raw/isic/masks/ISIC_0003728_segmentation.png
isic_2018_task1_2,segmentation,train,ISIC_0003805,lesion,processed/isic_segmentation/images/train/ISIC_0003805.jpg,processed/isic_segmentation/masks/train/ISIC_0003805.png,raw/isic/images/ISIC_0003805.jpg,raw/isic/masks/ISIC_0003805_segmentation.png
isic_2018_task1_2,segmentation,train,ISIC_0004110,lesion,processed/isic_segmentation/images/train/ISIC_0004110.jpg,processed/isic_segmentation/masks/train/ISIC_0004110.png,raw/isic/images/ISIC_0004110.jpg,raw/isic/masks/ISIC_0004110_segmentation.png
isic_2018_task1_2,segmentation,val,ISIC_0004115,lesion,processed/isic_segmentation/images/val/ISIC_0004115.jpg,processed/isic_segmentation/masks/val/ISIC_0004115.png,raw/isic/images/ISIC_0004115.jpg,raw/isic/masks/ISIC_0004115_segmentation.png
isic_2018_task1_2,segmentation,train,ISIC_0004168,lesion,processed/isic_segmentation/images/train/ISIC_0004168.jpg,processed/isic_segmentation/masks/train/ISIC_0004168.png,raw/isic/images/ISIC_0004168.jpg,raw/isic/masks/ISIC_0004168_segmentation.png
isic_2018_task1_2,segmentation,train,ISIC_0004309,lesion,processed/isic_segmentation/images/train/ISIC_0004309.jpg,processed/isic_segmentation/masks/train/ISIC_0004309.png,raw/isic/images/ISIC_0004309.jpg,raw/isic/masks/ISIC_0004309_segmentation.png
isic_2018_task1_2,segmentation,train,ISIC_0004337,lesion,processed/isic_segmentation/images/train/ISIC_0004337.jpg,processed/isic_segmentation/masks/train/ISIC_0004337.png,raw/isic/images/ISIC_0004337.jpg,raw/isic/masks/ISIC_0004337_segmentation.png
isic_2018_task1_2,segmentation,train,ISIC_0004346,lesion,processed/isic_segmentation/images/train/ISIC_0004346.jpg,processed/isic_segmentation/masks/train/ISIC_0004346.png,raw/isic/images/ISIC_0004346.jpg,raw/isic/masks/ISIC_0004346_segmentation.png
isic_2018_task1_2,segmentation,train,ISIC_0004715,lesion,processed/isic_segmentation/images/train/ISIC_0004715.jpg,processed/isic_segmentation/masks/train/ISIC_0004715.png,raw/isic/images/ISIC_0004715.jpg,raw/isic/masks/ISIC_0004715_segmentation.png
isic_2018_task1_2,segmentation,train,ISIC_0004985,lesion,processed/isic_segmentation/images/train/ISIC_0004985.jpg,processed/isic_segmentation/masks/train/ISIC_0004985.png,raw/isic/images/ISIC_0004985.jpg,raw/isic/masks/ISIC_0004985_segmentation.png
isic_2018_task1_2,segmentation,train,ISIC_0005000,lesion,processed/isic_segmentation/images/train/ISIC_0005000.jpg,processed/isic_segmentation/masks/train/ISIC_0005000.png,raw/isic/images/ISIC_0005000.jpg,raw/isic/masks/ISIC_0005000_segmentation.png
isic_2018_task1_2,segmentation,train,ISIC_0005187,lesion,processed/isic_segmentation/images/train/ISIC_0005187.jpg,processed/isic_segmentation/masks/train/ISIC_0005187.png,raw/isic/images/ISIC_0005187.jpg,raw/isic/masks/ISIC_0005187_segmentation.png
isic_2018_task1_2,segmentation,test,ISIC_0005247,lesion,processed/isic_segmentation/images/test/ISIC_0005247.jpg,processed/isic_segmentation/masks/test/ISIC_0005247.png,raw/isic/images/ISIC_0005247.jpg,raw/isic/masks/ISIC_0005247_segmentation.png
isic_2018_task1_2,segmentation,train,ISIC_0005548,lesion,processed/isic_segmentation/images/train/ISIC_0005548.jpg,processed/isic_segmentation/masks/train/ISIC_0005548.png,raw/isic/images/ISIC_0005548.jpg,raw/isic/masks/ISIC_0005548_segmentation.png
isic_2018_task1_2,segmentation,train,ISIC_0005555,lesion,processed/isic_segmentation/images/train/ISIC_0005555.jpg,processed/isic_segmentation/masks/train/ISIC_0005555.png,raw/isic/images/ISIC_0005555.jpg,raw/isic/masks/ISIC_0005555_segmentation.png
isic_2018_task1_2,segmentation,val,ISIC_0005620,lesion,processed/isic_segmentation/images/val/ISIC_0005620.jpg,processed/isic_segmentation/masks/val/ISIC_0005620.png,raw/isic/images/ISIC_0005620.jpg,raw/isic/masks/ISIC_0005620_segmentation.png
isic_2018_task1_2,segmentation,val,ISIC_0005639,lesion,processed/isic_segmentation/images/val/ISIC_0005639.jpg,processed/isic_segmentation/masks/val/ISIC_0005639.png,raw/isic/images/ISIC_0005639.jpg,raw/isic/masks/ISIC_0005639_segmentation.png
isic_2018_task1_2,segmentation,train,ISIC_0005666,lesion,processed/isic_segmentation/images/train/ISIC_0005666.jpg,processed/isic_segmentation/masks/train/ISIC_0005666.png,raw/isic/images/ISIC_0005666.jpg,raw/isic/masks/ISIC_0005666_segmentation.png
isic_2018_task1_2,segmentation,test,ISIC_0005787,lesion,processed/isic_segmentation/images/test/ISIC_0005787.jpg,processed/isic_segmentation/masks/test/ISIC_0005787.png,raw/isic/images/ISIC_0005787.jpg,raw/isic/masks/ISIC_0005787_segmentation.png
isic_2018_task1_2,segmentation,train,ISIC_0006021,lesion,processed/isic_segmentation/images/train/ISIC_0006021.jpg,processed/isic_segmentation/masks/train/ISIC_0006021.png,raw/isic/images/ISIC_0006021.jpg,raw/isic/masks/ISIC_0006021_segmentation.png
isic_2018_task1_2,segmentation,train,ISIC_0006114,lesion,processed/isic_segmentation/images/train/ISIC_0006114.jpg,processed/isic_segmentation/masks/train/ISIC_0006114.png,raw/isic/images/ISIC_0006114.jpg,raw/isic/masks/ISIC_0006114_segmentation.png
isic_2018_task1_2,segmentation,train,ISIC_0006193,lesion,processed/isic_segmentation/images/train/ISIC_0006193.jpg,processed/isic_segmentation/masks/train/ISIC_0006193.png,raw/isic/images/ISIC_0006193.jpg,raw/isic/masks/ISIC_0006193_segmentation.png
isic_2018_task1_2,segmentation,test,ISIC_0006350,lesion,processed/isic_segmentation/images/test/ISIC_0006350.jpg,processed/isic_segmentation/masks/test/ISIC_0006350.png,raw/isic/images/ISIC_0006350.jpg,raw/isic/masks/ISIC_0006350_segmentation.png
isic_2018_task1_2,segmentation,train,ISIC_0006612,lesion,processed/isic_segmentation/images/train/ISIC_0006612.jpg,processed/isic_segmentation/masks/train/ISIC_0006612.png,raw/isic/images/ISIC_0006612.jpg,raw/isic/masks/ISIC_0006612_segmentation.png
isic_2018_task1_2,segmentation,train,ISIC_0006651,lesion,processed/isic_segmentation/images/train/ISIC_0006651.jpg,processed/isic_segmentation/masks/train/ISIC_0006651.png,raw/isic/images/ISIC_0006651.jpg,raw/isic/masks/ISIC_0006651_segmentation.png
isic_2018_task1_2,segmentation,train,ISIC_0006671,lesion,processed/isic_segmentation/images/train/ISIC_0006671.jpg,processed/isic_segmentation/masks/train/ISIC_0006671.png,raw/isic/images/ISIC_0006671.jpg,raw/isic/masks/ISIC_0006671_segmentation.png
isic_2018_task1_2,segmentation,train,ISIC_0006711,lesion,processed/isic_segmentation/images/train/ISIC_0006711.jpg,processed/isic_segmentation/masks/train/ISIC_0006711.png,raw/isic/images/ISIC_0006711.jpg,raw/isic/masks/ISIC_0006711_segmentation.png
isic_2018_task1_2,segmentation,val,ISIC_0006776,lesion,processed/isic_segmentation/images/val/ISIC_0006776.jpg,processed/isic_segmentation/masks/val/ISIC_0006776.png,raw/isic/images/ISIC_0006776.jpg,raw/isic/masks/ISIC_0006776_segmentation.png
isic_2018_task1_2,segmentation,train,ISIC_0006795,lesion,processed/isic_segmentation/images/train/ISIC_0006795.jpg,processed/isic_segmentation/masks/train/ISIC_0006795.png,raw/isic/images/ISIC_0006795.jpg,raw/isic/masks/ISIC_0006795_segmentation.png
isic_2018_task1_2,segmentation,train,ISIC_0006800,lesion,processed/isic_segmentation/images/train/ISIC_0006800.jpg,processed/isic_segmentation/masks/train/ISIC_0006800.png,raw/isic/images/ISIC_0006800.jpg,raw/isic/masks/ISIC_0006800_segmentation.png
isic_2018_task1_2,segmentation,train,ISIC_0006815,lesion,processed/isic_segmentation/images/train/ISIC_0006815.jpg,processed/isic_segmentation/masks/train/ISIC_0006815.png,raw/isic/images/ISIC_0006815.jpg,raw/isic/masks/ISIC_0006815_segmentation.png
isic_2018_task1_2,segmentation,val,ISIC_0006914,lesion,processed/isic_segmentation/images/val/ISIC_0006914.jpg,processed/isic_segmentation/masks/val/ISIC_0006914.png,raw/isic/images/ISIC_0006914.jpg,raw/isic/masks/ISIC_0006914_segmentation.png
isic_2018_task1_2,segmentation,test,ISIC_0006940,lesion,processed/isic_segmentation/images/test/ISIC_0006940.jpg,processed/isic_segmentation/masks/test/ISIC_0006940.png,raw/isic/images/ISIC_0006940.jpg,raw/isic/masks/ISIC_0006940_segmentation.png
isic_2018_task1_2,segmentation,train,ISIC_0006982,lesion,processed/isic_segmentation/images/train/ISIC_0006982.jpg,processed/isic_segmentation/masks/train/ISIC_0006982.png,raw/isic/images/ISIC_0006982.jpg,raw/isic/masks/ISIC_0006982_segmentation.png
isic_2018_task1_2,segmentation,train,ISIC_0007038,lesion,processed/isic_segmentation/images/train/ISIC_0007038.jpg,processed/isic_segmentation/masks/train/ISIC_0007038.png,raw/isic/images/ISIC_0007038.jpg,raw/isic/masks/ISIC_0007038_segmentation.png
isic_2018_task1_2,segmentation,train,ISIC_0007087,lesion,processed/isic_segmentation/images/train/ISIC_0007087.jpg,processed/isic_segmentation/masks/train/ISIC_0007087.png,raw/isic/images/ISIC_0007087.jpg,raw/isic/masks/ISIC_0007087_segmentation.png
isic_2018_task1_2,segmentation,train,ISIC_0007141,lesion,processed/isic_segmentation/images/train/ISIC_0007141.jpg,processed/isic_segmentation/masks/train/ISIC_0007141.png,raw/isic/images/ISIC_0007141.jpg,raw/isic/masks/ISIC_0007141_segmentation.png
isic_2018_task1_2,segmentation,train,ISIC_0007156,lesion,processed/isic_segmentation/images/train/ISIC_0007156.jpg,processed/isic_segmentation/masks/train/ISIC_0007156.png,raw/isic/images/ISIC_0007156.jpg,raw/isic/masks/ISIC_0007156_segmentation.png
isic_2018_task1_2,segmentation,train,ISIC_0007241,lesion,processed/isic_segmentation/images/train/ISIC_0007241.jpg,processed/isic_segmentation/masks/train/ISIC_0007241.png,raw/isic/images/ISIC_0007241.jpg,raw/isic/masks/ISIC_0007241_segmentation.png
isic_2018_task1_2,segmentation,train,ISIC_0007322,lesion,processed/isic_segmentation/images/train/ISIC_0007322.jpg,processed/isic_segmentation/masks/train/ISIC_0007322.png,raw/isic/images/ISIC_0007322.jpg,raw/isic/masks/ISIC_0007322_segmentation.png
isic_2018_task1_2,segmentation,train,ISIC_0007332,lesion,processed/isic_segmentation/images/train/ISIC_0007332.jpg,processed/isic_segmentation/masks/train/ISIC_0007332.png,raw/isic/images/ISIC_0007332.jpg,raw/isic/masks/ISIC_0007332_segmentation.png
isic_2018_task1_2,segmentation,train,ISIC_0007344,lesion,processed/isic_segmentation/images/train/ISIC_0007344.jpg,processed/isic_segmentation/masks/train/ISIC_0007344.png,raw/isic/images/ISIC_0007344.jpg,raw/isic/masks/ISIC_0007344_segmentation.png
isic_2018_task1_2,segmentation,test,ISIC_0007475,lesion,processed/isic_segmentation/images/test/ISIC_0007475.jpg,processed/isic_segmentation/masks/test/ISIC_0007475.png,raw/isic/images/ISIC_0007475.jpg,raw/isic/masks/ISIC_0007475_segmentation.png
isic_2018_task1_2,segmentation,train,ISIC_0007528,lesion,processed/isic_segmentation/images/train/ISIC_0007528.jpg,processed/isic_segmentation/masks/train/ISIC_0007528.png,raw/isic/images/ISIC_0007528.jpg,raw/isic/masks/ISIC_0007528_segmentation.png
isic_2018_task1_2,segmentation,train,ISIC_0007557,lesion,processed/isic_segmentation/images/train/ISIC_0007557.jpg,processed/isic_segmentation/masks/train/ISIC_0007557.png,raw/isic/images/ISIC_0007557.jpg,raw/isic/masks/ISIC_0007557_segmentation.png
isic_2018_task1_2,segmentation,test,ISIC_0007693,lesion,processed/isic_segmentation/images/test/ISIC_0007693.jpg,processed/isic_segmentation/masks/test/ISIC_0007693.png,raw/isic/images/ISIC_0007693.jpg,raw/isic/masks/ISIC_0007693_segmentation.png
isic_2018_task1_2,segmentation,train,ISIC_0007760,lesion,processed/isic_segmentation/images/train/ISIC_0007760.jpg,processed/isic_segmentation/masks/train/ISIC_0007760.png,raw/isic/images/ISIC_0007760.jpg,raw/isic/masks/ISIC_0007760_segmentation.png
isic_2018_task1_2,segmentation,train,ISIC_0007788,lesion,processed/isic_segmentation/images/train/ISIC_0007788.jpg,processed/isic_segmentation/masks/train/ISIC_0007788.png,raw/isic/images/ISIC_0007788.jpg,raw/isic/masks/ISIC_0007788_segmentation.png
isic_2018_task1_2,segmentation,train,ISIC_0007796,lesion,processed/isic_segmentation/images/train/ISIC_0007796.jpg,processed/isic_segmentation/masks/train/ISIC_0007796.png,raw/isic/images/ISIC_0007796.jpg,raw/isic/masks/ISIC_0007796_segmentation.png
isic_2018_task1_2,segmentation,test,ISIC_0008029,lesion,processed/isic_segmentation/images/test/ISIC_0008029.jpg,processed/isic_segmentation/masks/test/ISIC_0008029.png,raw/isic/images/ISIC_0008029.jpg,raw/isic/masks/ISIC_0008029_segmentation.png
isic_2018_task1_2,segmentation,val,ISIC_0008116,lesion,processed/isic_segmentation/images/val/ISIC_0008116.jpg,processed/isic_segmentation/masks/val/ISIC_0008116.png,raw/isic/images/ISIC_0008116.jpg,raw/isic/masks/ISIC_0008116_segmentation.png
isic_2018_task1_2,segmentation,train,ISIC_0008145,lesion,processed/isic_segmentation/images/train/ISIC_0008145.jpg,processed/isic_segmentation/masks/train/ISIC_0008145.png,raw/isic/images/ISIC_0008145.jpg,raw/isic/masks/ISIC_0008145_segmentation.png
isic_2018_task1_2,segmentation,train,ISIC_0008207,lesion,processed/isic_segmentation/images/train/ISIC_0008207.jpg,processed/isic_segmentation/masks/train/ISIC_0008207.png,raw/isic/images/ISIC_0008207.jpg,raw/isic/masks/ISIC_0008207_segmentation.png
isic_2018_task1_2,segmentation,train,ISIC_0008236,lesion,processed/isic_segmentation/images/train/ISIC_0008236.jpg,processed/isic_segmentation/masks/train/ISIC_0008236.png,raw/isic/images/ISIC_0008236.jpg,raw/isic/masks/ISIC_0008236_segmentation.png
isic_2018_task1_2,segmentation,train,ISIC_0008256,lesion,processed/isic_segmentation/images/train/ISIC_0008256.jpg,processed/isic_segmentation/masks/train/ISIC_0008256.png,raw/isic/images/ISIC_0008256.jpg,raw/isic/masks/ISIC_0008256_segmentation.png
isic_2018_task1_2,segmentation,train,ISIC_0008280,lesion,processed/isic_segmentation/images/train/ISIC_0008280.jpg,processed/isic_segmentation/masks/train/ISIC_0008280.png,raw/isic/images/ISIC_0008280.jpg,raw/isic/masks/ISIC_0008280_segmentation.png
isic_2018_task1_2,segmentation,train,ISIC_0008294,lesion,processed/isic_segmentation/images/train/ISIC_0008294.jpg,processed/isic_segmentation/masks/train/ISIC_0008294.png,raw/isic/images/ISIC_0008294.jpg,raw/isic/masks/ISIC_0008294_segmentation.png
isic_2018_task1_2,segmentation,val,ISIC_0008347,lesion,processed/isic_segmentation/images/val/ISIC_0008347.jpg,processed/isic_segmentation/masks/val/ISIC_0008347.png,raw/isic/images/ISIC_0008347.jpg,raw/isic/masks/ISIC_0008347_segmentation.png
isic_2018_task1_2,segmentation,val,ISIC_0008396,lesion,processed/isic_segmentation/images/val/ISIC_0008396.jpg,processed/isic_segmentation/masks/val/ISIC_0008396.png,raw/isic/images/ISIC_0008396.jpg,raw/isic/masks/ISIC_0008396_segmentation.png
isic_2018_task1_2,segmentation,train,ISIC_0008403,lesion,processed/isic_segmentation/images/train/ISIC_0008403.jpg,processed/isic_segmentation/masks/train/ISIC_0008403.png,raw/isic/images/ISIC_0008403.jpg,raw/isic/masks/ISIC_0008403_segmentation.png
isic_2018_task1_2,segmentation,test,ISIC_0008406,lesion,processed/isic_segmentation/images/test/ISIC_0008406.jpg,processed/isic_segmentation/masks/test/ISIC_0008406.png,raw/isic/images/ISIC_0008406.jpg,raw/isic/masks/ISIC_0008406_segmentation.png
isic_2018_task1_2,segmentation,val,ISIC_0008507,lesion,processed/isic_segmentation/images/val/ISIC_0008507.jpg,processed/isic_segmentation/masks/val/ISIC_0008507.png,raw/isic/images/ISIC_0008507.jpg,raw/isic/masks/ISIC_0008507_segmentation.png
isic_2018_task1_2,segmentation,train,ISIC_0008524,lesion,processed/isic_segmentation/images/train/ISIC_0008524.jpg,processed/isic_segmentation/masks/train/ISIC_0008524.png,raw/isic/images/ISIC_0008524.jpg,raw/isic/masks/ISIC_0008524_segmentation.png
isic_2018_task1_2,segmentation,train,ISIC_0008528,lesion,processed/isic_segmentation/images/train/ISIC_0008528.jpg,processed/isic_segmentation/masks/train/ISIC_0008528.png,raw/isic/images/ISIC_0008528.jpg,raw/isic/masks/ISIC_0008528_segmentation.png
isic_2018_task1_2,segmentation,train,ISIC_0008541,lesion,processed/isic_segmentation/images/train/ISIC_0008541.jpg,processed/isic_segmentation/masks/train/ISIC_0008541.png,raw/isic/images/ISIC_0008541.jpg,raw/isic/masks/ISIC_0008541_segmentation.png
isic_2018_task1_2,segmentation,train,ISIC_0008552,lesion,processed/isic_segmentation/images/train/ISIC_0008552.jpg,processed/isic_segmentation/masks/train/ISIC_0008552.png,raw/isic/images/ISIC_0008552.jpg,raw/isic/masks/ISIC_0008552_segmentation.png
isic_2018_task1_2,segmentation,train,ISIC_0008600,lesion,processed/isic_segmentation/images/train/ISIC_0008600.jpg,processed/isic_segmentation/masks/train/ISIC_0008600.png,raw/isic/images/ISIC_0008600.jpg,raw/isic/masks/ISIC_0008600_segmentation.png
isic_2018_task1_2,segmentation,val,ISIC_0008626,lesion,processed/isic_segmentation/images/val/ISIC_0008626.jpg,processed/isic_segmentation/masks/val/ISIC_0008626.png,raw/isic/images/ISIC_0008626.jpg,raw/isic/masks/ISIC_0008626_segmentation.png
isic_2018_task1_2,segmentation,val,ISIC_0008659,lesion,processed/isic_segmentation/images/val/ISIC_0008659.jpg,processed/isic_segmentation/masks/val/ISIC_0008659.png,raw/isic/images/ISIC_0008659.jpg,raw/isic/masks/ISIC_0008659_segmentation.png
isic_2018_task1_2,segmentation,train,ISIC_0008785,lesion,processed/isic_segmentation/images/train/ISIC_0008785.jpg,processed/isic_segmentation/masks/train/ISIC_0008785.png,raw/isic/images/ISIC_0008785.jpg,raw/isic/masks/ISIC_0008785_segmentation.png
isic_2018_task1_2,segmentation,train,ISIC_0008807,lesion,processed/isic_segmentation/images/train/ISIC_0008807.jpg,processed/isic_segmentation/masks/train/ISIC_0008807.png,raw/isic/images/ISIC_0008807.jpg,raw/isic/masks/ISIC_0008807_segmentation.png
isic_2018_task1_2,segmentation,train,ISIC_0008879,lesion,processed/isic_segmentation/images/train/ISIC_0008879.jpg,processed/isic_segmentation/masks/train/ISIC_0008879.png,raw/isic/images/ISIC_0008879.jpg,raw/isic/masks/ISIC_0008879_segmentation.png
isic_2018_task1_2,segmentation,train,ISIC_0008913,lesion,processed/isic_segmentation/images/train/ISIC_0008913.jpg,processed/isic_segmentation/masks/train/ISIC_0008913.png,raw/isic/images/ISIC_0008913.jpg,raw/isic/masks/ISIC_0008913_segmentation.png
isic_2018_task1_2,segmentation,train,ISIC_0008992,lesion,processed/isic_segmentation/images/train/ISIC_0008992.jpg,processed/isic_segmentation/masks/train/ISIC_0008992.png,raw/isic/images/ISIC_0008992.jpg,raw/isic/masks/ISIC_0008992_segmentation.png
isic_2018_task1_2,segmentation,train,ISIC_0008993,lesion,processed/isic_segmentation/images/train/ISIC_0008993.jpg,processed/isic_segmentation/masks/train/ISIC_0008993.png,raw/isic/images/ISIC_0008993.jpg,raw/isic/masks/ISIC_0008993_segmentation.png
isic_2018_task1_2,segmentation,train,ISIC_0008998,lesion,processed/isic_segmentation/images/train/ISIC_0008998.jpg,processed/isic_segmentation/masks/train/ISIC_0008998.png,raw/isic/images/ISIC_0008998.jpg,raw/isic/masks/ISIC_0008998_segmentation.png
isic_2018_task1_2,segmentation,train,ISIC_0009035,lesion,processed/isic_segmentation/images/train/ISIC_0009035.jpg,processed/isic_segmentation/masks/train/ISIC_0009035.png,raw/isic/images/ISIC_0009035.jpg,raw/isic/masks/ISIC_0009035_segmentation.png
isic_2018_task1_2,segmentation,train,ISIC_0009078,lesion,processed/isic_segmentation/images/train/ISIC_0009078.jpg,processed/isic_segmentation/masks/train/ISIC_0009078.png,raw/isic/images/ISIC_0009078.jpg,raw/isic/masks/ISIC_0009078_segmentation.png
isic_2018_task1_2,segmentation,train,ISIC_0009083,lesion,processed/isic_segmentation/images/train/ISIC_0009083.jpg,processed/isic_segmentation/masks/train/ISIC_0009083.png,raw/isic/images/ISIC_0009083.jpg,raw/isic/masks/ISIC_0009083_segmentation.png
isic_2018_task1_2,segmentation,train,ISIC_0009160,lesion,processed/isic_segmentation/images/train/ISIC_0009160.jpg,processed/isic_segmentation/masks/train/ISIC_0009160.png,raw/isic/images/ISIC_0009160.jpg,raw/isic/masks/ISIC_0009160_segmentation.png
isic_2018_task1_2,segmentation,val,ISIC_0009165,lesion,processed/isic_segmentation/images/val/ISIC_0009165.jpg,processed/isic_segmentation/masks/val/ISIC_0009165.png,raw/isic/images/ISIC_0009165.jpg,raw/isic/masks/ISIC_0009165_segmentation.png
isic_2018_task1_2,segmentation,val,ISIC_0009188,lesion,processed/isic_segmentation/images/val/ISIC_0009188.jpg,processed/isic_segmentation/masks/val/ISIC_0009188.png,raw/isic/images/ISIC_0009188.jpg,raw/isic/masks/ISIC_0009188_segmentation.png
isic_2018_task1_2,segmentation,val,ISIC_0009201,lesion,processed/isic_segmentation/images/val/ISIC_0009201.jpg,processed/isic_segmentation/masks/val/ISIC_0009201.png,raw/isic/images/ISIC_0009201.jpg,raw/isic/masks/ISIC_0009201_segmentation.png
isic_2018_task1_2,segmentation,val,ISIC_0009252,lesion,processed/isic_segmentation/images/val/ISIC_0009252.jpg,processed/isic_segmentation/masks/val/ISIC_0009252.png,raw/isic/images/ISIC_0009252.jpg,raw/isic/masks/ISIC_0009252_segmentation.png
isic_2018_task1_2,segmentation,train,ISIC_0009297,lesion,processed/isic_segmentation/images/train/ISIC_0009297.jpg,processed/isic_segmentation/masks/train/ISIC_0009297.png,raw/isic/images/ISIC_0009297.jpg,raw/isic/masks/ISIC_0009297_segmentation.png
isic_2018_task1_2,segmentation,train,ISIC_0009298,lesion,processed/isic_segmentation/images/train/ISIC_0009298.jpg,processed/isic_segmentation/masks/train/ISIC_0009298.png,raw/isic/images/ISIC_0009298.jpg,raw/isic/masks/ISIC_0009298_segmentation.png
isic_2018_task1_2,segmentation,train,ISIC_0009344,lesion,processed/isic_segmentation/images/train/ISIC_0009344.jpg,processed/isic_segmentation/masks/train/ISIC_0009344.png,raw/isic/images/ISIC_0009344.jpg,raw/isic/masks/ISIC_0009344_segmentation.png
isic_2018_task1_2,segmentation,train,ISIC_0009430,lesion,processed/isic_segmentation/images/train/ISIC_0009430.jpg,processed/isic_segmentation/masks/train/ISIC_0009430.png,raw/isic/images/ISIC_0009430.jpg,raw/isic/masks/ISIC_0009430_segmentation.png
isic_2018_task1_2,segmentation,val,ISIC_0009504,lesion,processed/isic_segmentation/images/val/ISIC_0009504.jpg,processed/isic_segmentation/masks/val/ISIC_0009504.png,raw/isic/images/ISIC_0009504.jpg,raw/isic/masks/ISIC_0009504_segmentation.png
isic_2018_task1_2,segmentation,train,ISIC_0009533,lesion,processed/isic_segmentation/images/train/ISIC_0009533.jpg,processed/isic_segmentation/masks/train/ISIC_0009533.png,raw/isic/images/ISIC_0009533.jpg,raw/isic/masks/ISIC_0009533_segmentation.png
isic_2018_task1_2,segmentation,val,ISIC_0009564,lesion,processed/isic_segmentation/images/val/ISIC_0009564.jpg,processed/isic_segmentation/masks/val/ISIC_0009564.png,raw/isic/images/ISIC_0009564.jpg,raw/isic/masks/ISIC_0009564_segmentation.png
isic_2018_task1_2,segmentation,val,ISIC_0009583,lesion,processed/isic_segmentation/images/val/ISIC_0009583.jpg,processed/isic_segmentation/masks/val/ISIC_0009583.png,raw/isic/images/ISIC_0009583.jpg,raw/isic/masks/ISIC_0009583_segmentation.png
isic_2018_task1_2,segmentation,train,ISIC_0009599,lesion,processed/isic_segmentation/images/train/ISIC_0009599.jpg,processed/isic_segmentation/masks/train/ISIC_0009599.png,raw/isic/images/ISIC_0009599.jpg,raw/isic/masks/ISIC_0009599_segmentation.png
isic_2018_task1_2,segmentation,test,ISIC_0009758,lesion,processed/isic_segmentation/images/test/ISIC_0009758.jpg,processed/isic_segmentation/masks/test/ISIC_0009758.png,raw/isic/images/ISIC_0009758.jpg,raw/isic/masks/ISIC_0009758_segmentation.png
isic_2018_task1_2,segmentation,train,ISIC_0009800,lesion,processed/isic_segmentation/images/train/ISIC_0009800.jpg,processed/isic_segmentation/masks/train/ISIC_0009800.png,raw/isic/images/ISIC_0009800.jpg,raw/isic/masks/ISIC_0009800_segmentation.png
isic_2018_task1_2,segmentation,train,ISIC_0009860,lesion,processed/isic_segmentation/images/train/ISIC_0009860.jpg,processed/isic_segmentation/masks/train/ISIC_0009860.png,raw/isic/images/ISIC_0009860.jpg,raw/isic/masks/ISIC_0009860_segmentation.png
isic_2018_task1_2,segmentation,train,ISIC_0009868,lesion,processed/isic_segmentation/images/train/ISIC_0009868.jpg,processed/isic_segmentation/masks/train/ISIC_0009868.png,raw/isic/images/ISIC_0009868.jpg,raw/isic/masks/ISIC_0009868_segmentation.png
isic_2018_task1_2,segmentation,train,ISIC_0009869,lesion,processed/isic_segmentation/images/train/ISIC_0009869.jpg,processed/isic_segmentation/masks/train/ISIC_0009869.png,raw/isic/images/ISIC_0009869.jpg,raw/isic/masks/ISIC_0009869_segmentation.png
isic_2018_task1_2,segmentation,train,ISIC_0009873,lesion,processed/isic_segmentation/images/train/ISIC_0009873.jpg,processed/isic_segmentation/masks/train/ISIC_0009873.png,raw/isic/images/ISIC_0009873.jpg,raw/isic/masks/ISIC_0009873_segmentation.png
isic_2018_task1_2,segmentation,train,ISIC_0009874,lesion,processed/isic_segmentation/images/train/ISIC_0009874.jpg,processed/isic_segmentation/masks/train/ISIC_0009874.png,raw/isic/images/ISIC_0009874.jpg,raw/isic/masks/ISIC_0009874_segmentation.png
isic_2018_task1_2,segmentation,train,ISIC_0009875,lesion,processed/isic_segmentation/images/train/ISIC_0009875.jpg,processed/isic_segmentation/masks/train/ISIC_0009875.png,raw/isic/images/ISIC_0009875.jpg,raw/isic/masks/ISIC_0009875_segmentation.png
isic_2018_task1_2,segmentation,val,ISIC_0009877,lesion,processed/isic_segmentation/images/val/ISIC_0009877.jpg,processed/isic_segmentation/masks/val/ISIC_0009877.png,raw/isic/images/ISIC_0009877.jpg,raw/isic/masks/ISIC_0009877_segmentation.png
isic_2018_task1_2,segmentation,train,ISIC_0009879,lesion,processed/isic_segmentation/images/train/ISIC_0009879.jpg,processed/isic_segmentation/masks/train/ISIC_0009879.png,raw/isic/images/ISIC_0009879.jpg,raw/isic/masks/ISIC_0009879_segmentation.png
isic_2018_task1_2,segmentation,train,ISIC_0009880,lesion,processed/isic_segmentation/images/train/ISIC_0009880.jpg,processed/isic_segmentation/masks/train/ISIC_0009880.png,raw/isic/images/ISIC_0009880.jpg,raw/isic/masks/ISIC_0009880_segmentation.png
isic_2018_task1_2,segmentation,test,ISIC_0009881,lesion,processed/isic_segmentation/images/test/ISIC_0009881.jpg,processed/isic_segmentation/masks/test/ISIC_0009881.png,raw/isic/images/ISIC_0009881.jpg,raw/isic/masks/ISIC_0009881_segmentation.png
isic_2018_task1_2,segmentation,train,ISIC_0009883,lesion,processed/isic_segmentation/images/train/ISIC_0009883.jpg,processed/isic_segmentation/masks/train/ISIC_0009883.png,raw/isic/images/ISIC_0009883.jpg,raw/isic/masks/ISIC_0009883_segmentation.png
isic_2018_task1_2,segmentation,train,ISIC_0009884,lesion,processed/isic_segmentation/images/train/ISIC_0009884.jpg,processed/isic_segmentation/masks/train/ISIC_0009884.png,raw/isic/images/ISIC_0009884.jpg,raw/isic/masks/ISIC_0009884_segmentation.png
isic_2018_task1_2,segmentation,train,ISIC_0009885,lesion,processed/isic_segmentation/images/train/ISIC_0009885.jpg,processed/isic_segmentation/masks/train/ISIC_0009885.png,raw/isic/images/ISIC_0009885.jpg,raw/isic/masks/ISIC_0009885_segmentation.png
isic_2018_task1_2,segmentation,train,ISIC_0009888,lesion,processed/isic_segmentation/images/train/ISIC_0009888.jpg,processed/isic_segmentation/masks/train/ISIC_0009888.png,raw/isic/images/ISIC_0009888.jpg,raw/isic/masks/ISIC_0009888_segmentation.png
isic_2018_task1_2,segmentation,train,ISIC_0009889,lesion,processed/isic_segmentation/images/train/ISIC_0009889.jpg,processed/isic_segmentation/masks/train/ISIC_0009889.png,raw/isic/images/ISIC_0009889.jpg,raw/isic/masks/ISIC_0009889_segmentation.png
isic_2018_task1_2,segmentation,train,ISIC_0009891,lesion,processed/isic_segmentation/images/train/ISIC_0009891.jpg,processed/isic_segmentation/masks/train/ISIC_0009891.png,raw/isic/images/ISIC_0009891.jpg,raw/isic/masks/ISIC_0009891_segmentation.png
isic_2018_task1_2,segmentation,train,ISIC_0009895,lesion,processed/isic_segmentation/images/train/ISIC_0009895.jpg,processed/isic_segmentation/masks/train/ISIC_0009895.png,raw/isic/images/ISIC_0009895.jpg,raw/isic/masks/ISIC_0009895_segmentation.png
isic_2018_task1_2,segmentation,train,ISIC_0009896,lesion,processed/isic_segmentation/images/train/ISIC_0009896.jpg,processed/isic_segmentation/masks/train/ISIC_0009896.png,raw/isic/images/ISIC_0009896.jpg,raw/isic/masks/ISIC_0009896_segmentation.png
isic_2018_task1_2,segmentation,train,ISIC_0009897,lesion,processed/isic_segmentation/images/train/ISIC_0009897.jpg,processed/isic_segmentation/masks/train/ISIC_0009897.png,raw/isic/images/ISIC_0009897.jpg,raw/isic/masks/ISIC_0009897_segmentation.png
isic_2018_task1_2,segmentation,test,ISIC_0009898,lesion,processed/isic_segmentation/images/test/ISIC_0009898.jpg,processed/isic_segmentation/masks/test/ISIC_0009898.png,raw/isic/images/ISIC_0009898.jpg,raw/isic/masks/ISIC_0009898_segmentation.png
isic_2018_task1_2,segmentation,test,ISIC_0009899,lesion,processed/isic_segmentation/images/test/ISIC_0009899.jpg,processed/isic_segmentation/masks/test/ISIC_0009899.png,raw/isic/images/ISIC_0009899.jpg,raw/isic/masks/ISIC_0009899_segmentation.png
isic_2018_task1_2,segmentation,train,ISIC_0009901,lesion,processed/isic_segmentation/images/train/ISIC_0009901.jpg,processed/isic_segmentation/masks/train/ISIC_0009901.png,raw/isic/images/ISIC_0009901.jpg,raw/isic/masks/ISIC_0009901_segmentation.png
isic_2018_task1_2,segmentation,train,ISIC_0009902,lesion,processed/isic_segmentation/images/train/ISIC_0009902.jpg,processed/isic_segmentation/masks/train/ISIC_0009902.png,raw/isic/images/ISIC_0009902.jpg,raw/isic/masks/ISIC_0009902_segmentation.png
isic_2018_task1_2,segmentation,train,ISIC_0009904,lesion,processed/isic_segmentation/images/train/ISIC_0009904.jpg,processed/isic_segmentation/masks/train/ISIC_0009904.png,raw/isic/images/ISIC_0009904.jpg,raw/isic/masks/ISIC_0009904_segmentation.png
isic_2018_task1_2,segmentation,train,ISIC_0009906,lesion,processed/isic_segmentation/images/train/ISIC_0009906.jpg,processed/isic_segmentation/masks/train/ISIC_0009906.png,raw/isic/images/ISIC_0009906.jpg,raw/isic/masks/ISIC_0009906_segmentation.png
isic_2018_task1_2,segmentation,train,ISIC_0009909,lesion,processed/isic_segmentation/images/train/ISIC_0009909.jpg,processed/isic_segmentation/masks/train/ISIC_0009909.png,raw/isic/images/ISIC_0009909.jpg,raw/isic/masks/ISIC_0009909_segmentation.png
isic_2018_task1_2,segmentation,train,ISIC_0009910,lesion,processed/isic_segmentation/images/train/ISIC_0009910.jpg,processed/isic_segmentation/masks/train/ISIC_0009910.png,raw/isic/images/ISIC_0009910.jpg,raw/isic/masks/ISIC_0009910_segmentation.png
isic_2018_task1_2,segmentation,train,ISIC_0009914,lesion,processed/isic_segmentation/images/train/ISIC_0009914.jpg,processed/isic_segmentation/masks/train/ISIC_0009914.png,raw/isic/images/ISIC_0009914.jpg,raw/isic/masks/ISIC_0009914_segmentation.png
isic_2018_task1_2,segmentation,val,ISIC_0009915,lesion,processed/isic_segmentation/images/val/ISIC_0009915.jpg,processed/isic_segmentation/masks/val/ISIC_0009915.png,raw/isic/images/ISIC_0009915.jpg,raw/isic/masks/ISIC_0009915_segmentation.png
isic_2018_task1_2,segmentation,train,ISIC_0009917,lesion,processed/isic_segmentation/images/train/ISIC_0009917.jpg,processed/isic_segmentation/masks/train/ISIC_0009917.png,raw/isic/images/ISIC_0009917.jpg,raw/isic/masks/ISIC_0009917_segmentation.png
isic_2018_task1_2,segmentation,train,ISIC_0009918,lesion,processed/isic_segmentation/images/train/ISIC_0009918.jpg,processed/isic_segmentation/masks/train/ISIC_0009918.png,raw/isic/images/ISIC_0009918.jpg,raw/isic/masks/ISIC_0009918_segmentation.png
isic_2018_task1_2,segmentation,train,ISIC_0009919,lesion,processed/isic_segmentation/images/train/ISIC_0009919.jpg,processed/isic_segmentation/masks/train/ISIC_0009919.png,raw/isic/images/ISIC_0009919.jpg,raw/isic/masks/ISIC_0009919_segmentation.png
isic_2018_task1_2,segmentation,train,ISIC_0009920,lesion,processed/isic_segmentation/images/train/ISIC_0009920.jpg,processed/isic_segmentation/masks/train/ISIC_0009920.png,raw/isic/images/ISIC_0009920.jpg,raw/isic/masks/ISIC_0009920_segmentation.png
isic_2018_task1_2,segmentation,val,ISIC_0009921,lesion,processed/isic_segmentation/images/val/ISIC_0009921.jpg,processed/isic_segmentation/masks/val/ISIC_0009921.png,raw/isic/images/ISIC_0009921.jpg,raw/isic/masks/ISIC_0009921_segmentation.png
isic_2018_task1_2,segmentation,train,ISIC_0009923,lesion,processed/isic_segmentation/images/train/ISIC_0009923.jpg,processed/isic_segmentation/masks/train/ISIC_0009923.png,raw/isic/images/ISIC_0009923.jpg,raw/isic/masks/ISIC_0009923_segmentation.png
isic_2018_task1_2,segmentation,train,ISIC_0009925,lesion,processed/isic_segmentation/images/train/ISIC_0009925.jpg,processed/isic_segmentation/masks/train/ISIC_0009925.png,raw/isic/images/ISIC_0009925.jpg,raw/isic/masks/ISIC_0009925_segmentation.png
isic_2018_task1_2,segmentation,train,ISIC_0009927,lesion,processed/isic_segmentation/images/train/ISIC_0009927.jpg,processed/isic_segmentation/masks/train/ISIC_0009927.png,raw/isic/images/ISIC_0009927.jpg,raw/isic/masks/ISIC_0009927_segmentation.png
isic_2018_task1_2,segmentation,test,ISIC_0009928,lesion,processed/isic_segmentation/images/test/ISIC_0009928.jpg,processed/isic_segmentation/masks/test/ISIC_0009928.png,raw/isic/images/ISIC_0009928.jpg,raw/isic/masks/ISIC_0009928_segmentation.png
isic_2018_task1_2,segmentation,val,ISIC_0009929,lesion,processed/isic_segmentation/images/val/ISIC_0009929.jpg,processed/isic_segmentation/masks/val/ISIC_0009929.png,raw/isic/images/ISIC_0009929.jpg,raw/isic/masks/ISIC_0009929_segmentation.png
isic_2018_task1_2,segmentation,train,ISIC_0009930,lesion,processed/isic_segmentation/images/train/ISIC_0009930.jpg,processed/isic_segmentation/masks/train/ISIC_0009930.png,raw/isic/images/ISIC_0009930.jpg,raw/isic/masks/ISIC_0009930_segmentation.png
isic_2018_task1_2,segmentation,train,ISIC_0009931,lesion,processed/isic_segmentation/images/train/ISIC_0009931.jpg,processed/isic_segmentation/masks/train/ISIC_0009931.png,raw/isic/images/ISIC_0009931.jpg,raw/isic/masks/ISIC_0009931_segmentation.png
isic_2018_task1_2,segmentation,train,ISIC_0009932,lesion,processed/isic_segmentation/images/train/ISIC_0009932.jpg,processed/isic_segmentation/masks/train/ISIC_0009932.png,raw/isic/images/ISIC_0009932.jpg,raw/isic/masks/ISIC_0009932_segmentation.png
isic_2018_task1_2,segmentation,train,ISIC_0009933,lesion,processed/isic_segmentation/images/train/ISIC_0009933.jpg,processed/isic_segmentation/masks/train/ISIC_0009933.png,raw/isic/images/ISIC_0009933.jpg,raw/isic/masks/ISIC_0009933_segmentation.png
isic_2018_task1_2,segmentation,train,ISIC_0009934,lesion,processed/isic_segmentation/images/train/ISIC_0009934.jpg,processed/isic_segmentation/masks/train/ISIC_0009934.png,raw/isic/images/ISIC_0009934.jpg,raw/isic/masks/ISIC_0009934_segmentation.png
isic_2018_task1_2,segmentation,train,ISIC_0009935,lesion,processed/isic_segmentation/images/train/ISIC_0009935.jpg,processed/isic_segmentation/masks/train/ISIC_0009935.png,raw/isic/images/ISIC_0009935.jpg,raw/isic/masks/ISIC_0009935_segmentation.png
isic_2018_task1_2,segmentation,val,ISIC_0009936,lesion,processed/isic_segmentation/images/val/ISIC_0009936.jpg,processed/isic_segmentation/masks/val/ISIC_0009936.png,raw/isic/images/ISIC_0009936.jpg,raw/isic/masks/ISIC_0009936_segmentation.png
isic_2018_task1_2,segmentation,test,ISIC_0009937,lesion,processed/isic_segmentation/images/test/ISIC_0009937.jpg,processed/isic_segmentation/masks/test/ISIC_0009937.png,raw/isic/images/ISIC_0009937.jpg,raw/isic/masks/ISIC_0009937_segmentation.png
isic_2018_task1_2,segmentation,val,ISIC_0009938,lesion,processed/isic_segmentation/images/val/ISIC_0009938.jpg,processed/isic_segmentation/masks/val/ISIC_0009938.png,raw/isic/images/ISIC_0009938.jpg,raw/isic/masks/ISIC_0009938_segmentation.png
isic_2018_task1_2,segmentation,train,ISIC_0009939,lesion,processed/isic_segmentation/images/train/ISIC_0009939.jpg,processed/isic_segmentation/masks/train/ISIC_0009939.png,raw/isic/images/ISIC_0009939.jpg,raw/isic/masks/ISIC_0009939_segmentation.png
isic_2018_task1_2,segmentation,train,ISIC_0009940,lesion,processed/isic_segmentation/images/train/ISIC_0009940.jpg,processed/isic_segmentation/masks/train/ISIC_0009940.png,raw/isic/images/ISIC_0009940.jpg,raw/isic/masks/ISIC_0009940_segmentation.png
isic_2018_task1_2,segmentation,val,ISIC_0009941,lesion,processed/isic_segmentation/images/val/ISIC_0009941.jpg,processed/isic_segmentation/masks/val/ISIC_0009941.png,raw/isic/images/ISIC_0009941.jpg,raw/isic/masks/ISIC_0009941_segmentation.png
isic_2018_task1_2,segmentation,train,ISIC_0009942,lesion,processed/isic_segmentation/images/train/ISIC_0009942.jpg,processed/isic_segmentation/masks/train/ISIC_0009942.png,raw/isic/images/ISIC_0009942.jpg,raw/isic/masks/ISIC_0009942_segmentation.png
isic_2018_task1_2,segmentation,train,ISIC_0009943,lesion,processed/isic_segmentation/images/train/ISIC_0009943.jpg,processed/isic_segmentation/masks/train/ISIC_0009943.png,raw/isic/images/ISIC_0009943.jpg,raw/isic/masks/ISIC_0009943_segmentation.png
isic_2018_task1_2,segmentation,train,ISIC_0009944,lesion,processed/isic_segmentation/images/train/ISIC_0009944.jpg,processed/isic_segmentation/masks/train/ISIC_0009944.png,raw/isic/images/ISIC_0009944.jpg,raw/isic/masks/ISIC_0009944_segmentation.png
isic_2018_task1_2,segmentation,val,ISIC_0009945,lesion,processed/isic_segmentation/images/val/ISIC_0009945.jpg,processed/isic_segmentation/masks/val/ISIC_0009945.png,raw/isic/images/ISIC_0009945.jpg,raw/isic/masks/ISIC_0009945_segmentation.png
isic_2018_task1_2,segmentation,train,ISIC_0009946,lesion,processed/isic_segmentation/images/train/ISIC_0009946.jpg,processed/isic_segmentation/masks/train/ISIC_0009946.png,raw/isic/images/ISIC_0009946.jpg,raw/isic/masks/ISIC_0009946_segmentation.png
isic_2018_task1_2,segmentation,val,ISIC_0009947,lesion,processed/isic_segmentation/images/val/ISIC_0009947.jpg,processed/isic_segmentation/masks/val/ISIC_0009947.png,raw/isic/images/ISIC_0009947.jpg,raw/isic/masks/ISIC_0009947_segmentation.png
isic_2018_task1_2,segmentation,test,ISIC_0009948,lesion,processed/isic_segmentation/images/test/ISIC_0009948.jpg,processed/isic_segmentation/masks/test/ISIC_0009948.png,raw/isic/images/ISIC_0009948.jpg,raw/isic/masks/ISIC_0009948_segmentation.png
isic_2018_task1_2,segmentation,train,ISIC_0009949,lesion,processed/isic_segmentation/images/train/ISIC_0009949.jpg,processed/isic_segmentation/masks/train/ISIC_0009949.png,raw/isic/images/ISIC_0009949.jpg,raw/isic/masks/ISIC_0009949_segmentation.png
isic_2018_task1_2,segmentation,val,ISIC_0009950,lesion,processed/isic_segmentation/images/val/ISIC_0009950.jpg,processed/isic_segmentation/masks/val/ISIC_0009950.png,raw/isic/images/ISIC_0009950.jpg,raw/isic/masks/ISIC_0009950_segmentation.png
isic_2018_task1_2,segmentation,val,ISIC_0009951,lesion,processed/isic_segmentation/images/val/ISIC_0009951.jpg,processed/isic_segmentation/masks/val/ISIC_0009951.png,raw/isic/images/ISIC_0009951.jpg,raw/isic/masks/ISIC_0009951_segmentation.png
isic_2018_task1_2,segmentation,test,ISIC_0009953,lesion,processed/isic_segmentation/images/test/ISIC_0009953.jpg,processed/isic_segmentation/masks/test/ISIC_0009953.png,raw/isic/images/ISIC_0009953.jpg,raw/isic/masks/ISIC_0009953_segmentation.png
isic_2018_task1_2,segmentation,train,ISIC_0009954,lesion,processed/isic_segmentation/images/train/ISIC_0009954.jpg,processed/isic_segmentation/masks/train/ISIC_0009954.png,raw/isic/images/ISIC_0009954.jpg,raw/isic/masks/ISIC_0009954_segmentation.png
isic_2018_task1_2,segmentation,train,ISIC_0009955,lesion,processed/isic_segmentation/images/train/ISIC_0009955.jpg,processed/isic_segmentation/masks/train/ISIC_0009955.png,raw/isic/images/ISIC_0009955.jpg,raw/isic/masks/ISIC_0009955_segmentation.png
isic_2018_task1_2,segmentation,train,ISIC_0009956,lesion,processed/isic_segmentation/images/train/ISIC_0009956.jpg,processed/isic_segmentation/masks/train/ISIC_0009956.png,raw/isic/images/ISIC_0009956.jpg,raw/isic/masks/ISIC_0009956_segmentation.png
isic_2018_task1_2,segmentation,train,ISIC_0009958,lesion,processed/isic_segmentation/images/train/ISIC_0009958.jpg,processed/isic_segmentation/masks/train/ISIC_0009958.png,raw/isic/images/ISIC_0009958.jpg,raw/isic/masks/ISIC_0009958_segmentation.png
isic_2018_task1_2,segmentation,val,ISIC_0009960,lesion,processed/isic_segmentation/images/val/ISIC_0009960.jpg,processed/isic_segmentation/masks/val/ISIC_0009960.png,raw/isic/images/ISIC_0009960.jpg,raw/isic/masks/ISIC_0009960_segmentation.png
isic_2018_task1_2,segmentation,train,ISIC_0009961,lesion,processed/isic_segmentation/images/train/ISIC_0009961.jpg,processed/isic_segmentation/masks/train/ISIC_0009961.png,raw/isic/images/ISIC_0009961.jpg,raw/isic/masks/ISIC_0009961_segmentation.png
isic_2018_task1_2,segmentation,train,ISIC_0009962,lesion,processed/isic_segmentation/images/train/ISIC_0009962.jpg,processed/isic_segmentation/masks/train/ISIC_0009962.png,raw/isic/images/ISIC_0009962.jpg,raw/isic/masks/ISIC_0009962_segmentation.png
isic_2018_task1_2,segmentation,train,ISIC_0009964,lesion,processed/isic_segmentation/images/train/ISIC_0009964.jpg,processed/isic_segmentation/masks/train/ISIC_0009964.png,raw/isic/images/ISIC_0009964.jpg,raw/isic/masks/ISIC_0009964_segmentation.png
isic_2018_task1_2,segmentation,train,ISIC_0009965,lesion,processed/isic_segmentation/images/train/ISIC_0009965.jpg,processed/isic_segmentation/masks/train/ISIC_0009965.png,raw/isic/images/ISIC_0009965.jpg,raw/isic/masks/ISIC_0009965_segmentation.png
isic_2018_task1_2,segmentation,train,ISIC_0009966,lesion,processed/isic_segmentation/images/train/ISIC_0009966.jpg,processed/isic_segmentation/masks/train/ISIC_0009966.png,raw/isic/images/ISIC_0009966.jpg,raw/isic/masks/ISIC_0009966_segmentation.png
isic_2018_task1_2,segmentation,train,ISIC_0009967,lesion,processed/isic_segmentation/images/train/ISIC_0009967.jpg,processed/isic_segmentation/masks/train/ISIC_0009967.png,raw/isic/images/ISIC_0009967.jpg,raw/isic/masks/ISIC_0009967_segmentation.png
isic_2018_task1_2,segmentation,train,ISIC_0009969,lesion,processed/isic_segmentation/images/train/ISIC_0009969.jpg,processed/isic_segmentation/masks/train/ISIC_0009969.png,raw/isic/images/ISIC_0009969.jpg,raw/isic/masks/ISIC_0009969_segmentation.png
isic_2018_task1_2,segmentation,train,ISIC_0009970,lesion,processed/isic_segmentation/images/train/ISIC_0009970.jpg,processed/isic_segmentation/masks/train/ISIC_0009970.png,raw/isic/images/ISIC_0009970.jpg,raw/isic/masks/ISIC_0009970_segmentation.png
isic_2018_task1_2,segmentation,val,ISIC_0009971,lesion,processed/isic_segmentation/images/val/ISIC_0009971.jpg,processed/isic_segmentation/masks/val/ISIC_0009971.png,raw/isic/images/ISIC_0009971.jpg,raw/isic/masks/ISIC_0009971_segmentation.png
isic_2018_task1_2,segmentation,train,ISIC_0009972,lesion,processed/isic_segmentation/images/train/ISIC_0009972.jpg,processed/isic_segmentation/masks/train/ISIC_0009972.png,raw/isic/images/ISIC_0009972.jpg,raw/isic/masks/ISIC_0009972_segmentation.png
isic_2018_task1_2,segmentation,val,ISIC_0009973,lesion,processed/isic_segmentation/images/val/ISIC_0009973.jpg,processed/isic_segmentation/masks/val/ISIC_0009973.png,raw/isic/images/ISIC_0009973.jpg,raw/isic/masks/ISIC_0009973_segmentation.png
isic_2018_task1_2,segmentation,val,ISIC_0009974,lesion,processed/isic_segmentation/images/val/ISIC_0009974.jpg,processed/isic_segmentation/masks/val/ISIC_0009974.png,raw/isic/images/ISIC_0009974.jpg,raw/isic/masks/ISIC_0009974_segmentation.png
isic_2018_task1_2,segmentation,test,ISIC_0009975,lesion,processed/isic_segmentation/images/test/ISIC_0009975.jpg,processed/isic_segmentation/masks/test/ISIC_0009975.png,raw/isic/images/ISIC_0009975.jpg,raw/isic/masks/ISIC_0009975_segmentation.png
isic_2018_task1_2,segmentation,val,ISIC_0009976,lesion,processed/isic_segmentation/images/val/ISIC_0009976.jpg,processed/isic_segmentation/masks/val/ISIC_0009976.png,raw/isic/images/ISIC_0009976.jpg,raw/isic/masks/ISIC_0009976_segmentation.png
isic_2018_task1_2,segmentation,train,ISIC_0009977,lesion,processed/isic_segmentation/images/train/ISIC_0009977.jpg,processed/isic_segmentation/masks/train/ISIC_0009977.png,raw/isic/images/ISIC_0009977.jpg,raw/isic/masks/ISIC_0009977_segmentation.png
isic_2018_task1_2,segmentation,val,ISIC_0009978,lesion,processed/isic_segmentation/images/val/ISIC_0009978.jpg,processed/isic_segmentation/masks/val/ISIC_0009978.png,raw/isic/images/ISIC_0009978.jpg,raw/isic/masks/ISIC_0009978_segmentation.png
isic_2018_task1_2,segmentation,train,ISIC_0009979,lesion,processed/isic_segmentation/images/train/ISIC_0009979.jpg,processed/isic_segmentation/masks/train/ISIC_0009979.png,raw/isic/images/ISIC_0009979.jpg,raw/isic/masks/ISIC_0009979_segmentation.png
isic_2018_task1_2,segmentation,train,ISIC_0009980,lesion,processed/isic_segmentation/images/train/ISIC_0009980.jpg,processed/isic_segmentation/masks/train/ISIC_0009980.png,raw/isic/images/ISIC_0009980.jpg,raw/isic/masks/ISIC_0009980_segmentation.png
isic_2018_task1_2,segmentation,train,ISIC_0009981,lesion,processed/isic_segmentation/images/train/ISIC_0009981.jpg,processed/isic_segmentation/masks/train/ISIC_0009981.png,raw/isic/images/ISIC_0009981.jpg,raw/isic/masks/ISIC_0009981_segmentation.png
isic_2018_task1_2,segmentation,train,ISIC_0009982,lesion,processed/isic_segmentation/images/train/ISIC_0009982.jpg,processed/isic_segmentation/masks/train/ISIC_0009982.png,raw/isic/images/ISIC_0009982.jpg,raw/isic/masks/ISIC_0009982_segmentation.png
isic_2018_task1_2,segmentation,val,ISIC_0009987,lesion,processed/isic_segmentation/images/val/ISIC_0009987.jpg,processed/isic_segmentation/masks/val/ISIC_0009987.png,raw/isic/images/ISIC_0009987.jpg,raw/isic/masks/ISIC_0009987_segmentation.png
isic_2018_task1_2,segmentation,val,ISIC_0009988,lesion,processed/isic_segmentation/images/val/ISIC_0009988.jpg,processed/isic_segmentation/masks/val/ISIC_0009988.png,raw/isic/images/ISIC_0009988.jpg,raw/isic/masks/ISIC_0009988_segmentation.png
isic_2018_task1_2,segmentation,train,ISIC_0009990,lesion,processed/isic_segmentation/images/train/ISIC_0009990.jpg,processed/isic_segmentation/masks/train/ISIC_0009990.png,raw/isic/images/ISIC_0009990.jpg,raw/isic/masks/ISIC_0009990_segmentation.png
isic_2018_task1_2,segmentation,val,ISIC_0009991,lesion,processed/isic_segmentation/images/val/ISIC_0009991.jpg,processed/isic_segmentation/masks/val/ISIC_0009991.png,raw/isic/images/ISIC_0009991.jpg,raw/isic/masks/ISIC_0009991_segmentation.png
isic_2018_task1_2,segmentation,train,ISIC_0009992,lesion,processed/isic_segmentation/images/train/ISIC_0009992.jpg,processed/isic_segmentation/masks/train/ISIC_0009992.png,raw/isic/images/ISIC_0009992.jpg,raw/isic/masks/ISIC_0009992_segmentation.png
isic_2018_task1_2,segmentation,train,ISIC_0009993,lesion,processed/isic_segmentation/images/train/ISIC_0009993.jpg,processed/isic_segmentation/masks/train/ISIC_0009993.png,raw/isic/images/ISIC_0009993.jpg,raw/isic/masks/ISIC_0009993_segmentation.png
isic_2018_task1_2,segmentation,train,ISIC_0009994,lesion,processed/isic_segmentation/images/train/ISIC_0009994.jpg,processed/isic_segmentation/masks/train/ISIC_0009994.png,raw/isic/images/ISIC_0009994.jpg,raw/isic/masks/ISIC_0009994_segmentation.png
isic_2018_task1_2,segmentation,train,ISIC_0009995,lesion,processed/isic_segmentation/images/train/ISIC_0009995.jpg,processed/isic_segmentation/masks/train/ISIC_0009995.png,raw/isic/images/ISIC_0009995.jpg,raw/isic/masks/ISIC_0009995_segmentation.png
isic_2018_task1_2,segmentation,val,ISIC_0009998,lesion,processed/isic_segmentation/images/val/ISIC_0009998.jpg,processed/isic_segmentation/masks/val/ISIC_0009998.png,raw/isic/images/ISIC_0009998.jpg,raw/isic/masks/ISIC_0009998_segmentation.png
isic_2018_task1_2,segmentation,train,ISIC_0010000,lesion,processed/isic_segmentation/images/train/ISIC_0010000.jpg,processed/isic_segmentation/masks/train/ISIC_0010000.png,raw/isic/images/ISIC_0010000.jpg,raw/isic/masks/ISIC_0010000_segmentation.png
isic_2018_task1_2,segmentation,train,ISIC_0010002,lesion,processed/isic_segmentation/images/train/ISIC_0010002.jpg,processed/isic_segmentation/masks/train/ISIC_0010002.png,raw/isic/images/ISIC_0010002.jpg,raw/isic/masks/ISIC_0010002_segmentation.png
isic_2018_task1_2,segmentation,train,ISIC_0010003,lesion,processed/isic_segmentation/images/train/ISIC_0010003.jpg,processed/isic_segmentation/masks/train/ISIC_0010003.png,raw/isic/images/ISIC_0010003.jpg,raw/isic/masks/ISIC_0010003_segmentation.png
isic_2018_task1_2,segmentation,train,ISIC_0010005,lesion,processed/isic_segmentation/images/train/ISIC_0010005.jpg,processed/isic_segmentation/masks/train/ISIC_0010005.png,raw/isic/images/ISIC_0010005.jpg,raw/isic/masks/ISIC_0010005_segmentation.png
isic_2018_task1_2,segmentation,train,ISIC_0010006,lesion,processed/isic_segmentation/images/train/ISIC_0010006.jpg,processed/isic_segmentation/masks/train/ISIC_0010006.png,raw/isic/images/ISIC_0010006.jpg,raw/isic/masks/ISIC_0010006_segmentation.png
isic_2018_task1_2,segmentation,test,ISIC_0010009,lesion,processed/isic_segmentation/images/test/ISIC_0010009.jpg,processed/isic_segmentation/masks/test/ISIC_0010009.png,raw/isic/images/ISIC_0010009.jpg,raw/isic/masks/ISIC_0010009_segmentation.png
isic_2018_task1_2,segmentation,val,ISIC_0010010,lesion,processed/isic_segmentation/images/val/ISIC_0010010.jpg,processed/isic_segmentation/masks/val/ISIC_0010010.png,raw/isic/images/ISIC_0010010.jpg,raw/isic/masks/ISIC_0010010_segmentation.png
isic_2018_task1_2,segmentation,train,ISIC_0010011,lesion,processed/isic_segmentation/images/train/ISIC_0010011.jpg,processed/isic_segmentation/masks/train/ISIC_0010011.png,raw/isic/images/ISIC_0010011.jpg,raw/isic/masks/ISIC_0010011_segmentation.png
isic_2018_task1_2,segmentation,test,ISIC_0010013,lesion,processed/isic_segmentation/images/test/ISIC_0010013.jpg,processed/isic_segmentation/masks/test/ISIC_0010013.png,raw/isic/images/ISIC_0010013.jpg,raw/isic/masks/ISIC_0010013_segmentation.png
isic_2018_task1_2,segmentation,train,ISIC_0010014,lesion,processed/isic_segmentation/images/train/ISIC_0010014.jpg,processed/isic_segmentation/masks/train/ISIC_0010014.png,raw/isic/images/ISIC_0010014.jpg,raw/isic/masks/ISIC_0010014_segmentation.png
isic_2018_task1_2,segmentation,val,ISIC_0010015,lesion,processed/isic_segmentation/images/val/ISIC_0010015.jpg,processed/isic_segmentation/masks/val/ISIC_0010015.png,raw/isic/images/ISIC_0010015.jpg,raw/isic/masks/ISIC_0010015_segmentation.png
isic_2018_task1_2,segmentation,val,ISIC_0010016,lesion,processed/isic_segmentation/images/val/ISIC_0010016.jpg,processed/isic_segmentation/masks/val/ISIC_0010016.png,raw/isic/images/ISIC_0010016.jpg,raw/isic/masks/ISIC_0010016_segmentation.png
isic_2018_task1_2,segmentation,train,ISIC_0010017,lesion,processed/isic_segmentation/images/train/ISIC_0010017.jpg,processed/isic_segmentation/masks/train/ISIC_0010017.png,raw/isic/images/ISIC_0010017.jpg,raw/isic/masks/ISIC_0010017_segmentation.png
isic_2018_task1_2,segmentation,train,ISIC_0010018,lesion,processed/isic_segmentation/images/train/ISIC_0010018.jpg,processed/isic_segmentation/masks/train/ISIC_0010018.png,raw/isic/images/ISIC_0010018.jpg,raw/isic/masks/ISIC_0010018_segmentation.png
isic_2018_task1_2,segmentation,test,ISIC_0010019,lesion,processed/isic_segmentation/images/test/ISIC_0010019.jpg,processed/isic_segmentation/masks/test/ISIC_0010019.png,raw/isic/images/ISIC_0010019.jpg,raw/isic/masks/ISIC_0010019_segmentation.png
isic_2018_task1_2,segmentation,test,ISIC_0010020,lesion,processed/isic_segmentation/images/test/ISIC_0010020.jpg,processed/isic_segmentation/masks/test/ISIC_0010020.png,raw/isic/images/ISIC_0010020.jpg,raw/isic/masks/ISIC_0010020_segmentation.png
isic_2018_task1_2,segmentation,train,ISIC_0010021,lesion,processed/isic_segmentation/images/train/ISIC_0010021.jpg,processed/isic_segmentation/masks/train/ISIC_0010021.png,raw/isic/images/ISIC_0010021.jpg,raw/isic/masks/ISIC_0010021_segmentation.png
isic_2018_task1_2,segmentation,train,ISIC_0010022,lesion,processed/isic_segmentation/images/train/ISIC_0010022.jpg,processed/isic_segmentation/masks/train/ISIC_0010022.png,raw/isic/images/ISIC_0010022.jpg,raw/isic/masks/ISIC_0010022_segmentation.png
isic_2018_task1_2,segmentation,train,ISIC_0010023,lesion,processed/isic_segmentation/images/train/ISIC_0010023.jpg,processed/isic_segmentation/masks/train/ISIC_0010023.png,raw/isic/images/ISIC_0010023.jpg,raw/isic/masks/ISIC_0010023_segmentation.png
isic_2018_task1_2,segmentation,train,ISIC_0010024,lesion,processed/isic_segmentation/images/train/ISIC_0010024.jpg,processed/isic_segmentation/masks/train/ISIC_0010024.png,raw/isic/images/ISIC_0010024.jpg,raw/isic/masks/ISIC_0010024_segmentation.png
isic_2018_task1_2,segmentation,train,ISIC_0010025,lesion,processed/isic_segmentation/images/train/ISIC_0010025.jpg,processed/isic_segmentation/masks/train/ISIC_0010025.png,raw/isic/images/ISIC_0010025.jpg,raw/isic/masks/ISIC_0010025_segmentation.png
isic_2018_task1_2,segmentation,train,ISIC_0010028,lesion,processed/isic_segmentation/images/train/ISIC_0010028.jpg,processed/isic_segmentation/masks/train/ISIC_0010028.png,raw/isic/images/ISIC_0010028.jpg,raw/isic/masks/ISIC_0010028_segmentation.png
isic_2018_task1_2,segmentation,train,ISIC_0010029,lesion,processed/isic_segmentation/images/train/ISIC_0010029.jpg,processed/isic_segmentation/masks/train/ISIC_0010029.png,raw/isic/images/ISIC_0010029.jpg,raw/isic/masks/ISIC_0010029_segmentation.png
isic_2018_task1_2,segmentation,val,ISIC_0010032,lesion,processed/isic_segmentation/images/val/ISIC_0010032.jpg,processed/isic_segmentation/masks/val/ISIC_0010032.png,raw/isic/images/ISIC_0010032.jpg,raw/isic/masks/ISIC_0010032_segmentation.png
isic_2018_task1_2,segmentation,train,ISIC_0010034,lesion,processed/isic_segmentation/images/train/ISIC_0010034.jpg,processed/isic_segmentation/masks/train/ISIC_0010034.png,raw/isic/images/ISIC_0010034.jpg,raw/isic/masks/ISIC_0010034_segmentation.png
isic_2018_task1_2,segmentation,test,ISIC_0010036,lesion,processed/isic_segmentation/images/test/ISIC_0010036.jpg,processed/isic_segmentation/masks/test/ISIC_0010036.png,raw/isic/images/ISIC_0010036.jpg,raw/isic/masks/ISIC_0010036_segmentation.png
isic_2018_task1_2,segmentation,test,ISIC_0010037,lesion,processed/isic_segmentation/images/test/ISIC_0010037.jpg,processed/isic_segmentation/masks/test/ISIC_0010037.png,raw/isic/images/ISIC_0010037.jpg,raw/isic/masks/ISIC_0010037_segmentation.png
isic_2018_task1_2,segmentation,val,ISIC_0010038,lesion,processed/isic_segmentation/images/val/ISIC_0010038.jpg,processed/isic_segmentation/masks/val/ISIC_0010038.png,raw/isic/images/ISIC_0010038.jpg,raw/isic/masks/ISIC_0010038_segmentation.png
isic_2018_task1_2,segmentation,val,ISIC_0010041,lesion,processed/isic_segmentation/images/val/ISIC_0010041.jpg,processed/isic_segmentation/masks/val/ISIC_0010041.png,raw/isic/images/ISIC_0010041.jpg,raw/isic/masks/ISIC_0010041_segmentation.png
isic_2018_task1_2,segmentation,train,ISIC_0010042,lesion,processed/isic_segmentation/images/train/ISIC_0010042.jpg,processed/isic_segmentation/masks/train/ISIC_0010042.png,raw/isic/images/ISIC_0010042.jpg,raw/isic/masks/ISIC_0010042_segmentation.png
isic_2018_task1_2,segmentation,val,ISIC_0010043,lesion,processed/isic_segmentation/images/val/ISIC_0010043.jpg,processed/isic_segmentation/masks/val/ISIC_0010043.png,raw/isic/images/ISIC_0010043.jpg,raw/isic/masks/ISIC_0010043_segmentation.png
isic_2018_task1_2,segmentation,train,ISIC_0010044,lesion,processed/isic_segmentation/images/train/ISIC_0010044.jpg,processed/isic_segmentation/masks/train/ISIC_0010044.png,raw/isic/images/ISIC_0010044.jpg,raw/isic/masks/ISIC_0010044_segmentation.png
isic_2018_task1_2,segmentation,train,ISIC_0010046,lesion,processed/isic_segmentation/images/train/ISIC_0010046.jpg,processed/isic_segmentation/masks/train/ISIC_0010046.png,raw/isic/images/ISIC_0010046.jpg,raw/isic/masks/ISIC_0010046_segmentation.png
isic_2018_task1_2,segmentation,train,ISIC_0010047,lesion,processed/isic_segmentation/images/train/ISIC_0010047.jpg,processed/isic_segmentation/masks/train/ISIC_0010047.png,raw/isic/images/ISIC_0010047.jpg,raw/isic/masks/ISIC_0010047_segmentation.png
isic_2018_task1_2,segmentation,val,ISIC_0010053,lesion,processed/isic_segmentation/images/val/ISIC_0010053.jpg,processed/isic_segmentation/masks/val/ISIC_0010053.png,raw/isic/images/ISIC_0010053.jpg,raw/isic/masks/ISIC_0010053_segmentation.png
isic_2018_task1_2,segmentation,test,ISIC_0010054,lesion,processed/isic_segmentation/images/test/ISIC_0010054.jpg,processed/isic_segmentation/masks/test/ISIC_0010054.png,raw/isic/images/ISIC_0010054.jpg,raw/isic/masks/ISIC_0010054_segmentation.png
isic_2018_task1_2,segmentation,train,ISIC_0010055,lesion,processed/isic_segmentation/images/train/ISIC_0010055.jpg,processed/isic_segmentation/masks/train/ISIC_0010055.png,raw/isic/images/ISIC_0010055.jpg,raw/isic/masks/ISIC_0010055_segmentation.png
isic_2018_task1_2,segmentation,train,ISIC_0010056,lesion,processed/isic_segmentation/images/train/ISIC_0010056.jpg,processed/isic_segmentation/masks/train/ISIC_0010056.png,raw/isic/images/ISIC_0010056.jpg,raw/isic/masks/ISIC_0010056_segmentation.png
isic_2018_task1_2,segmentation,test,ISIC_0010057,lesion,processed/isic_segmentation/images/test/ISIC_0010057.jpg,processed/isic_segmentation/masks/test/ISIC_0010057.png,raw/isic/images/ISIC_0010057.jpg,raw/isic/masks/ISIC_0010057_segmentation.png
isic_2018_task1_2,segmentation,train,ISIC_0010058,lesion,processed/isic_segmentation/images/train/ISIC_0010058.jpg,processed/isic_segmentation/masks/train/ISIC_0010058.png,raw/isic/images/ISIC_0010058.jpg,raw/isic/masks/ISIC_0010058_segmentation.png
isic_2018_task1_2,segmentation,val,ISIC_0010059,lesion,processed/isic_segmentation/images/val/ISIC_0010059.jpg,processed/isic_segmentation/masks/val/ISIC_0010059.png,raw/isic/images/ISIC_0010059.jpg,raw/isic/masks/ISIC_0010059_segmentation.png
isic_2018_task1_2,segmentation,train,ISIC_0010060,lesion,processed/isic_segmentation/images/train/ISIC_0010060.jpg,processed/isic_segmentation/masks/train/ISIC_0010060.png,raw/isic/images/ISIC_0010060.jpg,raw/isic/masks/ISIC_0010060_segmentation.png
isic_2018_task1_2,segmentation,train,ISIC_0010061,lesion,processed/isic_segmentation/images/train/ISIC_0010061.jpg,processed/isic_segmentation/masks/train/ISIC_0010061.png,raw/isic/images/ISIC_0010061.jpg,raw/isic/masks/ISIC_0010061_segmentation.png
isic_2018_task1_2,segmentation,train,ISIC_0010062,lesion,processed/isic_segmentation/images/train/ISIC_0010062.jpg,processed/isic_segmentation/masks/train/ISIC_0010062.png,raw/isic/images/ISIC_0010062.jpg,raw/isic/masks/ISIC_0010062_segmentation.png
isic_2018_task1_2,segmentation,train,ISIC_0010063,lesion,processed/isic_segmentation/images/train/ISIC_0010063.jpg,processed/isic_segmentation/masks/train/ISIC_0010063.png,raw/isic/images/ISIC_0010063.jpg,raw/isic/masks/ISIC_0010063_segmentation.png
isic_2018_task1_2,segmentation,train,ISIC_0010064,lesion,processed/isic_segmentation/images/train/ISIC_0010064.jpg,processed/isic_segmentation/masks/train/ISIC_0010064.png,raw/isic/images/ISIC_0010064.jpg,raw/isic/masks/ISIC_0010064_segmentation.png
isic_2018_task1_2,segmentation,val,ISIC_0010066,lesion,processed/isic_segmentation/images/val/ISIC_0010066.jpg,processed/isic_segmentation/masks/val/ISIC_0010066.png,raw/isic/images/ISIC_0010066.jpg,raw/isic/masks/ISIC_0010066_segmentation.png
isic_2018_task1_2,segmentation,train,ISIC_0010067,lesion,processed/isic_segmentation/images/train/ISIC_0010067.jpg,processed/isic_segmentation/masks/train/ISIC_0010067.png,raw/isic/images/ISIC_0010067.jpg,raw/isic/masks/ISIC_0010067_segmentation.png
isic_2018_task1_2,segmentation,train,ISIC_0010069,lesion,processed/isic_segmentation/images/train/ISIC_0010069.jpg,processed/isic_segmentation/masks/train/ISIC_0010069.png,raw/isic/images/ISIC_0010069.jpg,raw/isic/masks/ISIC_0010069_segmentation.png
isic_2018_task1_2,segmentation,test,ISIC_0010070,lesion,processed/isic_segmentation/images/test/ISIC_0010070.jpg,processed/isic_segmentation/masks/test/ISIC_0010070.png,raw/isic/images/ISIC_0010070.jpg,raw/isic/masks/ISIC_0010070_segmentation.png
isic_2018_task1_2,segmentation,val,ISIC_0010071,lesion,processed/isic_segmentation/images/val/ISIC_0010071.jpg,processed/isic_segmentation/masks/val/ISIC_0010071.png,raw/isic/images/ISIC_0010071.jpg,raw/isic/masks/ISIC_0010071_segmentation.png
isic_2018_task1_2,segmentation,test,ISIC_0010073,lesion,processed/isic_segmentation/images/test/ISIC_0010073.jpg,processed/isic_segmentation/masks/test/ISIC_0010073.png,raw/isic/images/ISIC_0010073.jpg,raw/isic/masks/ISIC_0010073_segmentation.png
isic_2018_task1_2,segmentation,train,ISIC_0010074,lesion,processed/isic_segmentation/images/train/ISIC_0010074.jpg,processed/isic_segmentation/masks/train/ISIC_0010074.png,raw/isic/images/ISIC_0010074.jpg,raw/isic/masks/ISIC_0010074_segmentation.png
isic_2018_task1_2,segmentation,train,ISIC_0010075,lesion,processed/isic_segmentation/images/train/ISIC_0010075.jpg,processed/isic_segmentation/masks/train/ISIC_0010075.png,raw/isic/images/ISIC_0010075.jpg,raw/isic/masks/ISIC_0010075_segmentation.png
isic_2018_task1_2,segmentation,val,ISIC_0010077,lesion,processed/isic_segmentation/images/val/ISIC_0010077.jpg,processed/isic_segmentation/masks/val/ISIC_0010077.png,raw/isic/images/ISIC_0010077.jpg,raw/isic/masks/ISIC_0010077_segmentation.png
isic_2018_task1_2,segmentation,train,ISIC_0010078,lesion,processed/isic_segmentation/images/train/ISIC_0010078.jpg,processed/isic_segmentation/masks/train/ISIC_0010078.png,raw/isic/images/ISIC_0010078.jpg,raw/isic/masks/ISIC_0010078_segmentation.png
isic_2018_task1_2,segmentation,val,ISIC_0010081,lesion,processed/isic_segmentation/images/val/ISIC_0010081.jpg,processed/isic_segmentation/masks/val/ISIC_0010081.png,raw/isic/images/ISIC_0010081.jpg,raw/isic/masks/ISIC_0010081_segmentation.png
isic_2018_task1_2,segmentation,train,ISIC_0010086,lesion,processed/isic_segmentation/images/train/ISIC_0010086.jpg,processed/isic_segmentation/masks/train/ISIC_0010086.png,raw/isic/images/ISIC_0010086.jpg,raw/isic/masks/ISIC_0010086_segmentation.png
isic_2018_task1_2,segmentation,train,ISIC_0010088,lesion,processed/isic_segmentation/images/train/ISIC_0010088.jpg,processed/isic_segmentation/masks/train/ISIC_0010088.png,raw/isic/images/ISIC_0010088.jpg,raw/isic/masks/ISIC_0010088_segmentation.png
isic_2018_task1_2,segmentation,val,ISIC_0010089,lesion,processed/isic_segmentation/images/val/ISIC_0010089.jpg,processed/isic_segmentation/masks/val/ISIC_0010089.png,raw/isic/images/ISIC_0010089.jpg,raw/isic/masks/ISIC_0010089_segmentation.png
isic_2018_task1_2,segmentation,train,ISIC_0010090,lesion,processed/isic_segmentation/images/train/ISIC_0010090.jpg,processed/isic_segmentation/masks/train/ISIC_0010090.png,raw/isic/images/ISIC_0010090.jpg,raw/isic/masks/ISIC_0010090_segmentation.png
isic_2018_task1_2,segmentation,train,ISIC_0010092,lesion,processed/isic_segmentation/images/train/ISIC_0010092.jpg,processed/isic_segmentation/masks/train/ISIC_0010092.png,raw/isic/images/ISIC_0010092.jpg,raw/isic/masks/ISIC_0010092_segmentation.png
isic_2018_task1_2,segmentation,train,ISIC_0010093,lesion,processed/isic_segmentation/images/train/ISIC_0010093.jpg,processed/isic_segmentation/masks/train/ISIC_0010093.png,raw/isic/images/ISIC_0010093.jpg,raw/isic/masks/ISIC_0010093_segmentation.png
isic_2018_task1_2,segmentation,val,ISIC_0010094,lesion,processed/isic_segmentation/images/val/ISIC_0010094.jpg,processed/isic_segmentation/masks/val/ISIC_0010094.png,raw/isic/images/ISIC_0010094.jpg,raw/isic/masks/ISIC_0010094_segmentation.png
isic_2018_task1_2,segmentation,val,ISIC_0010100,lesion,processed/isic_segmentation/images/val/ISIC_0010100.jpg,processed/isic_segmentation/masks/val/ISIC_0010100.png,raw/isic/images/ISIC_0010100.jpg,raw/isic/masks/ISIC_0010100_segmentation.png
isic_2018_task1_2,segmentation,train,ISIC_0010102,lesion,processed/isic_segmentation/images/train/ISIC_0010102.jpg,processed/isic_segmentation/masks/train/ISIC_0010102.png,raw/isic/images/ISIC_0010102.jpg,raw/isic/masks/ISIC_0010102_segmentation.png
isic_2018_task1_2,segmentation,test,ISIC_0010104,lesion,processed/isic_segmentation/images/test/ISIC_0010104.jpg,processed/isic_segmentation/masks/test/ISIC_0010104.png,raw/isic/images/ISIC_0010104.jpg,raw/isic/masks/ISIC_0010104_segmentation.png
isic_2018_task1_2,segmentation,train,ISIC_0010105,lesion,processed/isic_segmentation/images/train/ISIC_0010105.jpg,processed/isic_segmentation/masks/train/ISIC_0010105.png,raw/isic/images/ISIC_0010105.jpg,raw/isic/masks/ISIC_0010105_segmentation.png
isic_2018_task1_2,segmentation,val,ISIC_0010168,lesion,processed/isic_segmentation/images/val/ISIC_0010168.jpg,processed/isic_segmentation/masks/val/ISIC_0010168.png,raw/isic/images/ISIC_0010168.jpg,raw/isic/masks/ISIC_0010168_segmentation.png
isic_2018_task1_2,segmentation,test,ISIC_0010169,lesion,processed/isic_segmentation/images/test/ISIC_0010169.jpg,processed/isic_segmentation/masks/test/ISIC_0010169.png,raw/isic/images/ISIC_0010169.jpg,raw/isic/masks/ISIC_0010169_segmentation.png
isic_2018_task1_2,segmentation,train,ISIC_0010171,lesion,processed/isic_segmentation/images/train/ISIC_0010171.jpg,processed/isic_segmentation/masks/train/ISIC_0010171.png,raw/isic/images/ISIC_0010171.jpg,raw/isic/masks/ISIC_0010171_segmentation.png
isic_2018_task1_2,segmentation,train,ISIC_0010173,lesion,processed/isic_segmentation/images/train/ISIC_0010173.jpg,processed/isic_segmentation/masks/train/ISIC_0010173.png,raw/isic/images/ISIC_0010173.jpg,raw/isic/masks/ISIC_0010173_segmentation.png
isic_2018_task1_2,segmentation,val,ISIC_0010174,lesion,processed/isic_segmentation/images/val/ISIC_0010174.jpg,processed/isic_segmentation/masks/val/ISIC_0010174.png,raw/isic/images/ISIC_0010174.jpg,raw/isic/masks/ISIC_0010174_segmentation.png
isic_2018_task1_2,segmentation,train,ISIC_0010175,lesion,processed/isic_segmentation/images/train/ISIC_0010175.jpg,processed/isic_segmentation/masks/train/ISIC_0010175.png,raw/isic/images/ISIC_0010175.jpg,raw/isic/masks/ISIC_0010175_segmentation.png
isic_2018_task1_2,segmentation,train,ISIC_0010176,lesion,processed/isic_segmentation/images/train/ISIC_0010176.jpg,processed/isic_segmentation/masks/train/ISIC_0010176.png,raw/isic/images/ISIC_0010176.jpg,raw/isic/masks/ISIC_0010176_segmentation.png
isic_2018_task1_2,segmentation,train,ISIC_0010177,lesion,processed/isic_segmentation/images/train/ISIC_0010177.jpg,processed/isic_segmentation/masks/train/ISIC_0010177.png,raw/isic/images/ISIC_0010177.jpg,raw/isic/masks/ISIC_0010177_segmentation.png
isic_2018_task1_2,segmentation,train,ISIC_0010178,lesion,processed/isic_segmentation/images/train/ISIC_0010178.jpg,processed/isic_segmentation/masks/train/ISIC_0010178.png,raw/isic/images/ISIC_0010178.jpg,raw/isic/masks/ISIC_0010178_segmentation.png
isic_2018_task1_2,segmentation,val,ISIC_0010180,lesion,processed/isic_segmentation/images/val/ISIC_0010180.jpg,processed/isic_segmentation/masks/val/ISIC_0010180.png,raw/isic/images/ISIC_0010180.jpg,raw/isic/masks/ISIC_0010180_segmentation.png
isic_2018_task1_2,segmentation,train,ISIC_0010182,lesion,processed/isic_segmentation/images/train/ISIC_0010182.jpg,processed/isic_segmentation/masks/train/ISIC_0010182.png,raw/isic/images/ISIC_0010182.jpg,raw/isic/masks/ISIC_0010182_segmentation.png
isic_2018_task1_2,segmentation,train,ISIC_0010183,lesion,processed/isic_segmentation/images/train/ISIC_0010183.jpg,processed/isic_segmentation/masks/train/ISIC_0010183.png,raw/isic/images/ISIC_0010183.jpg,raw/isic/masks/ISIC_0010183_segmentation.png
isic_2018_task1_2,segmentation,train,ISIC_0010184,lesion,processed/isic_segmentation/images/train/ISIC_0010184.jpg,processed/isic_segmentation/masks/train/ISIC_0010184.png,raw/isic/images/ISIC_0010184.jpg,raw/isic/masks/ISIC_0010184_segmentation.png
isic_2018_task1_2,segmentation,train,ISIC_0010185,lesion,processed/isic_segmentation/images/train/ISIC_0010185.jpg,processed/isic_segmentation/masks/train/ISIC_0010185.png,raw/isic/images/ISIC_0010185.jpg,raw/isic/masks/ISIC_0010185_segmentation.png
isic_2018_task1_2,segmentation,val,ISIC_0010186,lesion,processed/isic_segmentation/images/val/ISIC_0010186.jpg,processed/isic_segmentation/masks/val/ISIC_0010186.png,raw/isic/images/ISIC_0010186.jpg,raw/isic/masks/ISIC_0010186_segmentation.png
isic_2018_task1_2,segmentation,train,ISIC_0010187,lesion,processed/isic_segmentation/images/train/ISIC_0010187.jpg,processed/isic_segmentation/masks/train/ISIC_0010187.png,raw/isic/images/ISIC_0010187.jpg,raw/isic/masks/ISIC_0010187_segmentation.png
isic_2018_task1_2,segmentation,train,ISIC_0010189,lesion,processed/isic_segmentation/images/train/ISIC_0010189.jpg,processed/isic_segmentation/masks/train/ISIC_0010189.png,raw/isic/images/ISIC_0010189.jpg,raw/isic/masks/ISIC_0010189_segmentation.png
isic_2018_task1_2,segmentation,train,ISIC_0010190,lesion,processed/isic_segmentation/images/train/ISIC_0010190.jpg,processed/isic_segmentation/masks/train/ISIC_0010190.png,raw/isic/images/ISIC_0010190.jpg,raw/isic/masks/ISIC_0010190_segmentation.png
isic_2018_task1_2,segmentation,train,ISIC_0010191,lesion,processed/isic_segmentation/images/train/ISIC_0010191.jpg,processed/isic_segmentation/masks/train/ISIC_0010191.png,raw/isic/images/ISIC_0010191.jpg,raw/isic/masks/ISIC_0010191_segmentation.png
isic_2018_task1_2,segmentation,train,ISIC_0010192,lesion,processed/isic_segmentation/images/train/ISIC_0010192.jpg,processed/isic_segmentation/masks/train/ISIC_0010192.png,raw/isic/images/ISIC_0010192.jpg,raw/isic/masks/ISIC_0010192_segmentation.png
isic_2018_task1_2,segmentation,train,ISIC_0010194,lesion,processed/isic_segmentation/images/train/ISIC_0010194.jpg,processed/isic_segmentation/masks/train/ISIC_0010194.png,raw/isic/images/ISIC_0010194.jpg,raw/isic/masks/ISIC_0010194_segmentation.png
isic_2018_task1_2,segmentation,train,ISIC_0010201,lesion,processed/isic_segmentation/images/train/ISIC_0010201.jpg,processed/isic_segmentation/masks/train/ISIC_0010201.png,raw/isic/images/ISIC_0010201.jpg,raw/isic/masks/ISIC_0010201_segmentation.png
isic_2018_task1_2,segmentation,val,ISIC_0010202,lesion,processed/isic_segmentation/images/val/ISIC_0010202.jpg,processed/isic_segmentation/masks/val/ISIC_0010202.png,raw/isic/images/ISIC_0010202.jpg,raw/isic/masks/ISIC_0010202_segmentation.png
isic_2018_task1_2,segmentation,train,ISIC_0010204,lesion,processed/isic_segmentation/images/train/ISIC_0010204.jpg,processed/isic_segmentation/masks/train/ISIC_0010204.png,raw/isic/images/ISIC_0010204.jpg,raw/isic/masks/ISIC_0010204_segmentation.png
isic_2018_task1_2,segmentation,train,ISIC_0010205,lesion,processed/isic_segmentation/images/train/ISIC_0010205.jpg,processed/isic_segmentation/masks/train/ISIC_0010205.png,raw/isic/images/ISIC_0010205.jpg,raw/isic/masks/ISIC_0010205_segmentation.png
isic_2018_task1_2,segmentation,train,ISIC_0010206,lesion,processed/isic_segmentation/images/train/ISIC_0010206.jpg,processed/isic_segmentation/masks/train/ISIC_0010206.png,raw/isic/images/ISIC_0010206.jpg,raw/isic/masks/ISIC_0010206_segmentation.png
isic_2018_task1_2,segmentation,val,ISIC_0010207,lesion,processed/isic_segmentation/images/val/ISIC_0010207.jpg,processed/isic_segmentation/masks/val/ISIC_0010207.png,raw/isic/images/ISIC_0010207.jpg,raw/isic/masks/ISIC_0010207_segmentation.png
isic_2018_task1_2,segmentation,train,ISIC_0010212,lesion,processed/isic_segmentation/images/train/ISIC_0010212.jpg,processed/isic_segmentation/masks/train/ISIC_0010212.png,raw/isic/images/ISIC_0010212.jpg,raw/isic/masks/ISIC_0010212_segmentation.png
isic_2018_task1_2,segmentation,train,ISIC_0010213,lesion,processed/isic_segmentation/images/train/ISIC_0010213.jpg,processed/isic_segmentation/masks/train/ISIC_0010213.png,raw/isic/images/ISIC_0010213.jpg,raw/isic/masks/ISIC_0010213_segmentation.png
isic_2018_task1_2,segmentation,train,ISIC_0010215,lesion,processed/isic_segmentation/images/train/ISIC_0010215.jpg,processed/isic_segmentation/masks/train/ISIC_0010215.png,raw/isic/images/ISIC_0010215.jpg,raw/isic/masks/ISIC_0010215_segmentation.png
isic_2018_task1_2,segmentation,train,ISIC_0010216,lesion,processed/isic_segmentation/images/train/ISIC_0010216.jpg,processed/isic_segmentation/masks/train/ISIC_0010216.png,raw/isic/images/ISIC_0010216.jpg,raw/isic/masks/ISIC_0010216_segmentation.png
isic_2018_task1_2,segmentation,train,ISIC_0010219,lesion,processed/isic_segmentation/images/train/ISIC_0010219.jpg,processed/isic_segmentation/masks/train/ISIC_0010219.png,raw/isic/images/ISIC_0010219.jpg,raw/isic/masks/ISIC_0010219_segmentation.png
isic_2018_task1_2,segmentation,train,ISIC_0010220,lesion,processed/isic_segmentation/images/train/ISIC_0010220.jpg,processed/isic_segmentation/masks/train/ISIC_0010220.png,raw/isic/images/ISIC_0010220.jpg,raw/isic/masks/ISIC_0010220_segmentation.png
isic_2018_task1_2,segmentation,train,ISIC_0010222,lesion,processed/isic_segmentation/images/train/ISIC_0010222.jpg,processed/isic_segmentation/masks/train/ISIC_0010222.png,raw/isic/images/ISIC_0010222.jpg,raw/isic/masks/ISIC_0010222_segmentation.png
isic_2018_task1_2,segmentation,train,ISIC_0010225,lesion,processed/isic_segmentation/images/train/ISIC_0010225.jpg,processed/isic_segmentation/masks/train/ISIC_0010225.png,raw/isic/images/ISIC_0010225.jpg,raw/isic/masks/ISIC_0010225_segmentation.png
isic_2018_task1_2,segmentation,train,ISIC_0010226,lesion,processed/isic_segmentation/images/train/ISIC_0010226.jpg,processed/isic_segmentation/masks/train/ISIC_0010226.png,raw/isic/images/ISIC_0010226.jpg,raw/isic/masks/ISIC_0010226_segmentation.png
isic_2018_task1_2,segmentation,train,ISIC_0010227,lesion,processed/isic_segmentation/images/train/ISIC_0010227.jpg,processed/isic_segmentation/masks/train/ISIC_0010227.png,raw/isic/images/ISIC_0010227.jpg,raw/isic/masks/ISIC_0010227_segmentation.png
isic_2018_task1_2,segmentation,test,ISIC_0010228,lesion,processed/isic_segmentation/images/test/ISIC_0010228.jpg,processed/isic_segmentation/masks/test/ISIC_0010228.png,raw/isic/images/ISIC_0010228.jpg,raw/isic/masks/ISIC_0010228_segmentation.png
isic_2018_task1_2,segmentation,test,ISIC_0010229,lesion,processed/isic_segmentation/images/test/ISIC_0010229.jpg,processed/isic_segmentation/masks/test/ISIC_0010229.png,raw/isic/images/ISIC_0010229.jpg,raw/isic/masks/ISIC_0010229_segmentation.png
isic_2018_task1_2,segmentation,val,ISIC_0010231,lesion,processed/isic_segmentation/images/val/ISIC_0010231.jpg,processed/isic_segmentation/masks/val/ISIC_0010231.png,raw/isic/images/ISIC_0010231.jpg,raw/isic/masks/ISIC_0010231_segmentation.png
isic_2018_task1_2,segmentation,val,ISIC_0010232,lesion,processed/isic_segmentation/images/val/ISIC_0010232.jpg,processed/isic_segmentation/masks/val/ISIC_0010232.png,raw/isic/images/ISIC_0010232.jpg,raw/isic/masks/ISIC_0010232_segmentation.png
isic_2018_task1_2,segmentation,train,ISIC_0010233,lesion,processed/isic_segmentation/images/train/ISIC_0010233.jpg,processed/isic_segmentation/masks/train/ISIC_0010233.png,raw/isic/images/ISIC_0010233.jpg,raw/isic/masks/ISIC_0010233_segmentation.png
isic_2018_task1_2,segmentation,val,ISIC_0010234,lesion,processed/isic_segmentation/images/val/ISIC_0010234.jpg,processed/isic_segmentation/masks/val/ISIC_0010234.png,raw/isic/images/ISIC_0010234.jpg,raw/isic/masks/ISIC_0010234_segmentation.png
isic_2018_task1_2,segmentation,train,ISIC_0010235,lesion,processed/isic_segmentation/images/train/ISIC_0010235.jpg,processed/isic_segmentation/masks/train/ISIC_0010235.png,raw/isic/images/ISIC_0010235.jpg,raw/isic/masks/ISIC_0010235_segmentation.png
isic_2018_task1_2,segmentation,test,ISIC_0010236,lesion,processed/isic_segmentation/images/test/ISIC_0010236.jpg,processed/isic_segmentation/masks/test/ISIC_0010236.png,raw/isic/images/ISIC_0010236.jpg,raw/isic/masks/ISIC_0010236_segmentation.png
isic_2018_task1_2,segmentation,val,ISIC_0010237,lesion,processed/isic_segmentation/images/val/ISIC_0010237.jpg,processed/isic_segmentation/masks/val/ISIC_0010237.png,raw/isic/images/ISIC_0010237.jpg,raw/isic/masks/ISIC_0010237_segmentation.png
isic_2018_task1_2,segmentation,val,ISIC_0010238,lesion,processed/isic_segmentation/images/val/ISIC_0010238.jpg,processed/isic_segmentation/masks/val/ISIC_0010238.png,raw/isic/images/ISIC_0010238.jpg,raw/isic/masks/ISIC_0010238_segmentation.png
isic_2018_task1_2,segmentation,test,ISIC_0010239,lesion,processed/isic_segmentation/images/test/ISIC_0010239.jpg,processed/isic_segmentation/masks/test/ISIC_0010239.png,raw/isic/images/ISIC_0010239.jpg,raw/isic/masks/ISIC_0010239_segmentation.png
isic_2018_task1_2,segmentation,train,ISIC_0010240,lesion,processed/isic_segmentation/images/train/ISIC_0010240.jpg,processed/isic_segmentation/masks/train/ISIC_0010240.png,raw/isic/images/ISIC_0010240.jpg,raw/isic/masks/ISIC_0010240_segmentation.png
isic_2018_task1_2,segmentation,test,ISIC_0010241,lesion,processed/isic_segmentation/images/test/ISIC_0010241.jpg,processed/isic_segmentation/masks/test/ISIC_0010241.png,raw/isic/images/ISIC_0010241.jpg,raw/isic/masks/ISIC_0010241_segmentation.png
isic_2018_task1_2,segmentation,train,ISIC_0010244,lesion,processed/isic_segmentation/images/train/ISIC_0010244.jpg,processed/isic_segmentation/masks/train/ISIC_0010244.png,raw/isic/images/ISIC_0010244.jpg,raw/isic/masks/ISIC_0010244_segmentation.png
isic_2018_task1_2,segmentation,test,ISIC_0010247,lesion,processed/isic_segmentation/images/test/ISIC_0010247.jpg,processed/isic_segmentation/masks/test/ISIC_0010247.png,raw/isic/images/ISIC_0010247.jpg,raw/isic/masks/ISIC_0010247_segmentation.png
isic_2018_task1_2,segmentation,val,ISIC_0010248,lesion,processed/isic_segmentation/images/val/ISIC_0010248.jpg,processed/isic_segmentation/masks/val/ISIC_0010248.png,raw/isic/images/ISIC_0010248.jpg,raw/isic/masks/ISIC_0010248_segmentation.png
isic_2018_task1_2,segmentation,train,ISIC_0010249,lesion,processed/isic_segmentation/images/train/ISIC_0010249.jpg,processed/isic_segmentation/masks/train/ISIC_0010249.png,raw/isic/images/ISIC_0010249.jpg,raw/isic/masks/ISIC_0010249_segmentation.png
isic_2018_task1_2,segmentation,test,ISIC_0010251,lesion,processed/isic_segmentation/images/test/ISIC_0010251.jpg,processed/isic_segmentation/masks/test/ISIC_0010251.png,raw/isic/images/ISIC_0010251.jpg,raw/isic/masks/ISIC_0010251_segmentation.png
isic_2018_task1_2,segmentation,val,ISIC_0010252,lesion,processed/isic_segmentation/images/val/ISIC_0010252.jpg,processed/isic_segmentation/masks/val/ISIC_0010252.png,raw/isic/images/ISIC_0010252.jpg,raw/isic/masks/ISIC_0010252_segmentation.png
isic_2018_task1_2,segmentation,test,ISIC_0010255,lesion,processed/isic_segmentation/images/test/ISIC_0010255.jpg,processed/isic_segmentation/masks/test/ISIC_0010255.png,raw/isic/images/ISIC_0010255.jpg,raw/isic/masks/ISIC_0010255_segmentation.png
isic_2018_task1_2,segmentation,train,ISIC_0010256,lesion,processed/isic_segmentation/images/train/ISIC_0010256.jpg,processed/isic_segmentation/masks/train/ISIC_0010256.png,raw/isic/images/ISIC_0010256.jpg,raw/isic/masks/ISIC_0010256_segmentation.png
isic_2018_task1_2,segmentation,train,ISIC_0010257,lesion,processed/isic_segmentation/images/train/ISIC_0010257.jpg,processed/isic_segmentation/masks/train/ISIC_0010257.png,raw/isic/images/ISIC_0010257.jpg,raw/isic/masks/ISIC_0010257_segmentation.png
isic_2018_task1_2,segmentation,train,ISIC_0010262,lesion,processed/isic_segmentation/images/train/ISIC_0010262.jpg,processed/isic_segmentation/masks/train/ISIC_0010262.png,raw/isic/images/ISIC_0010262.jpg,raw/isic/masks/ISIC_0010262_segmentation.png
isic_2018_task1_2,segmentation,train,ISIC_0010263,lesion,processed/isic_segmentation/images/train/ISIC_0010263.jpg,processed/isic_segmentation/masks/train/ISIC_0010263.png,raw/isic/images/ISIC_0010263.jpg,raw/isic/masks/ISIC_0010263_segmentation.png
isic_2018_task1_2,segmentation,val,ISIC_0010264,lesion,processed/isic_segmentation/images/val/ISIC_0010264.jpg,processed/isic_segmentation/masks/val/ISIC_0010264.png,raw/isic/images/ISIC_0010264.jpg,raw/isic/masks/ISIC_0010264_segmentation.png
isic_2018_task1_2,segmentation,train,ISIC_0010265,lesion,processed/isic_segmentation/images/train/ISIC_0010265.jpg,processed/isic_segmentation/masks/train/ISIC_0010265.png,raw/isic/images/ISIC_0010265.jpg,raw/isic/masks/ISIC_0010265_segmentation.png
isic_2018_task1_2,segmentation,train,ISIC_0010267,lesion,processed/isic_segmentation/images/train/ISIC_0010267.jpg,processed/isic_segmentation/masks/train/ISIC_0010267.png,raw/isic/images/ISIC_0010267.jpg,raw/isic/masks/ISIC_0010267_segmentation.png
isic_2018_task1_2,segmentation,train,ISIC_0010317,lesion,processed/isic_segmentation/images/train/ISIC_0010317.jpg,processed/isic_segmentation/masks/train/ISIC_0010317.png,raw/isic/images/ISIC_0010317.jpg,raw/isic/masks/ISIC_0010317_segmentation.png
isic_2018_task1_2,segmentation,test,ISIC_0010318,lesion,processed/isic_segmentation/images/test/ISIC_0010318.jpg,processed/isic_segmentation/masks/test/ISIC_0010318.png,raw/isic/images/ISIC_0010318.jpg,raw/isic/masks/ISIC_0010318_segmentation.png
isic_2018_task1_2,segmentation,train,ISIC_0010319,lesion,processed/isic_segmentation/images/train/ISIC_0010319.jpg,processed/isic_segmentation/masks/train/ISIC_0010319.png,raw/isic/images/ISIC_0010319.jpg,raw/isic/masks/ISIC_0010319_segmentation.png
isic_2018_task1_2,segmentation,train,ISIC_0010320,lesion,processed/isic_segmentation/images/train/ISIC_0010320.jpg,processed/isic_segmentation/masks/train/ISIC_0010320.png,raw/isic/images/ISIC_0010320.jpg,raw/isic/masks/ISIC_0010320_segmentation.png
isic_2018_task1_2,segmentation,test,ISIC_0010321,lesion,processed/isic_segmentation/images/test/ISIC_0010321.jpg,processed/isic_segmentation/masks/test/ISIC_0010321.png,raw/isic/images/ISIC_0010321.jpg,raw/isic/masks/ISIC_0010321_segmentation.png
isic_2018_task1_2,segmentation,val,ISIC_0010322,lesion,processed/isic_segmentation/images/val/ISIC_0010322.jpg,processed/isic_segmentation/masks/val/ISIC_0010322.png,raw/isic/images/ISIC_0010322.jpg,raw/isic/masks/ISIC_0010322_segmentation.png
isic_2018_task1_2,segmentation,train,ISIC_0010323,lesion,processed/isic_segmentation/images/train/ISIC_0010323.jpg,processed/isic_segmentation/masks/train/ISIC_0010323.png,raw/isic/images/ISIC_0010323.jpg,raw/isic/masks/ISIC_0010323_segmentation.png
isic_2018_task1_2,segmentation,train,ISIC_0010326,lesion,processed/isic_segmentation/images/train/ISIC_0010326.jpg,processed/isic_segmentation/masks/train/ISIC_0010326.png,raw/isic/images/ISIC_0010326.jpg,raw/isic/masks/ISIC_0010326_segmentation.png
isic_2018_task1_2,segmentation,train,ISIC_0010327,lesion,processed/isic_segmentation/images/train/ISIC_0010327.jpg,processed/isic_segmentation/masks/train/ISIC_0010327.png,raw/isic/images/ISIC_0010327.jpg,raw/isic/masks/ISIC_0010327_segmentation.png
isic_2018_task1_2,segmentation,val,ISIC_0010329,lesion,processed/isic_segmentation/images/val/ISIC_0010329.jpg,processed/isic_segmentation/masks/val/ISIC_0010329.png,raw/isic/images/ISIC_0010329.jpg,raw/isic/masks/ISIC_0010329_segmentation.png
isic_2018_task1_2,segmentation,val,ISIC_0010330,lesion,processed/isic_segmentation/images/val/ISIC_0010330.jpg,processed/isic_segmentation/masks/val/ISIC_0010330.png,raw/isic/images/ISIC_0010330.jpg,raw/isic/masks/ISIC_0010330_segmentation.png
isic_2018_task1_2,segmentation,val,ISIC_0010332,lesion,processed/isic_segmentation/images/val/ISIC_0010332.jpg,processed/isic_segmentation/masks/val/ISIC_0010332.png,raw/isic/images/ISIC_0010332.jpg,raw/isic/masks/ISIC_0010332_segmentation.png
isic_2018_task1_2,segmentation,val,ISIC_0010333,lesion,processed/isic_segmentation/images/val/ISIC_0010333.jpg,processed/isic_segmentation/masks/val/ISIC_0010333.png,raw/isic/images/ISIC_0010333.jpg,raw/isic/masks/ISIC_0010333_segmentation.png
isic_2018_task1_2,segmentation,train,ISIC_0010334,lesion,processed/isic_segmentation/images/train/ISIC_0010334.jpg,processed/isic_segmentation/masks/train/ISIC_0010334.png,raw/isic/images/ISIC_0010334.jpg,raw/isic/masks/ISIC_0010334_segmentation.png
isic_2018_task1_2,segmentation,train,ISIC_0010335,lesion,processed/isic_segmentation/images/train/ISIC_0010335.jpg,processed/isic_segmentation/masks/train/ISIC_0010335.png,raw/isic/images/ISIC_0010335.jpg,raw/isic/masks/ISIC_0010335_segmentation.png
isic_2018_task1_2,segmentation,train,ISIC_0010336,lesion,processed/isic_segmentation/images/train/ISIC_0010336.jpg,processed/isic_segmentation/masks/train/ISIC_0010336.png,raw/isic/images/ISIC_0010336.jpg,raw/isic/masks/ISIC_0010336_segmentation.png
isic_2018_task1_2,segmentation,train,ISIC_0010337,lesion,processed/isic_segmentation/images/train/ISIC_0010337.jpg,processed/isic_segmentation/masks/train/ISIC_0010337.png,raw/isic/images/ISIC_0010337.jpg,raw/isic/masks/ISIC_0010337_segmentation.png
isic_2018_task1_2,segmentation,train,ISIC_0010339,lesion,processed/isic_segmentation/images/train/ISIC_0010339.jpg,processed/isic_segmentation/masks/train/ISIC_0010339.png,raw/isic/images/ISIC_0010339.jpg,raw/isic/masks/ISIC_0010339_segmentation.png
isic_2018_task1_2,segmentation,val,ISIC_0010340,lesion,processed/isic_segmentation/images/val/ISIC_0010340.jpg,processed/isic_segmentation/masks/val/ISIC_0010340.png,raw/isic/images/ISIC_0010340.jpg,raw/isic/masks/ISIC_0010340_segmentation.png
isic_2018_task1_2,segmentation,val,ISIC_0010341,lesion,processed/isic_segmentation/images/val/ISIC_0010341.jpg,processed/isic_segmentation/masks/val/ISIC_0010341.png,raw/isic/images/ISIC_0010341.jpg,raw/isic/masks/ISIC_0010341_segmentation.png
isic_2018_task1_2,segmentation,val,ISIC_0010342,lesion,processed/isic_segmentation/images/val/ISIC_0010342.jpg,processed/isic_segmentation/masks/val/ISIC_0010342.png,raw/isic/images/ISIC_0010342.jpg,raw/isic/masks/ISIC_0010342_segmentation.png
isic_2018_task1_2,segmentation,train,ISIC_0010344,lesion,processed/isic_segmentation/images/train/ISIC_0010344.jpg,processed/isic_segmentation/masks/train/ISIC_0010344.png,raw/isic/images/ISIC_0010344.jpg,raw/isic/masks/ISIC_0010344_segmentation.png
isic_2018_task1_2,segmentation,train,ISIC_0010346,lesion,processed/isic_segmentation/images/train/ISIC_0010346.jpg,processed/isic_segmentation/masks/train/ISIC_0010346.png,raw/isic/images/ISIC_0010346.jpg,raw/isic/masks/ISIC_0010346_segmentation.png
isic_2018_task1_2,segmentation,val,ISIC_0010347,lesion,processed/isic_segmentation/images/val/ISIC_0010347.jpg,processed/isic_segmentation/masks/val/ISIC_0010347.png,raw/isic/images/ISIC_0010347.jpg,raw/isic/masks/ISIC_0010347_segmentation.png
isic_2018_task1_2,segmentation,val,ISIC_0010348,lesion,processed/isic_segmentation/images/val/ISIC_0010348.jpg,processed/isic_segmentation/masks/val/ISIC_0010348.png,raw/isic/images/ISIC_0010348.jpg,raw/isic/masks/ISIC_0010348_segmentation.png
isic_2018_task1_2,segmentation,train,ISIC_0010349,lesion,processed/isic_segmentation/images/train/ISIC_0010349.jpg,processed/isic_segmentation/masks/train/ISIC_0010349.png,raw/isic/images/ISIC_0010349.jpg,raw/isic/masks/ISIC_0010349_segmentation.png
isic_2018_task1_2,segmentation,train,ISIC_0010350,lesion,processed/isic_segmentation/images/train/ISIC_0010350.jpg,processed/isic_segmentation/masks/train/ISIC_0010350.png,raw/isic/images/ISIC_0010350.jpg,raw/isic/masks/ISIC_0010350_segmentation.png
isic_2018_task1_2,segmentation,test,ISIC_0010351,lesion,processed/isic_segmentation/images/test/ISIC_0010351.jpg,processed/isic_segmentation/masks/test/ISIC_0010351.png,raw/isic/images/ISIC_0010351.jpg,raw/isic/masks/ISIC_0010351_segmentation.png
isic_2018_task1_2,segmentation,train,ISIC_0010356,lesion,processed/isic_segmentation/images/train/ISIC_0010356.jpg,processed/isic_segmentation/masks/train/ISIC_0010356.png,raw/isic/images/ISIC_0010356.jpg,raw/isic/masks/ISIC_0010356_segmentation.png
isic_2018_task1_2,segmentation,val,ISIC_0010357,lesion,processed/isic_segmentation/images/val/ISIC_0010357.jpg,processed/isic_segmentation/masks/val/ISIC_0010357.png,raw/isic/images/ISIC_0010357.jpg,raw/isic/masks/ISIC_0010357_segmentation.png
isic_2018_task1_2,segmentation,train,ISIC_0010358,lesion,processed/isic_segmentation/images/train/ISIC_0010358.jpg,processed/isic_segmentation/masks/train/ISIC_0010358.png,raw/isic/images/ISIC_0010358.jpg,raw/isic/masks/ISIC_0010358_segmentation.png
isic_2018_task1_2,segmentation,train,ISIC_0010360,lesion,processed/isic_segmentation/images/train/ISIC_0010360.jpg,processed/isic_segmentation/masks/train/ISIC_0010360.png,raw/isic/images/ISIC_0010360.jpg,raw/isic/masks/ISIC_0010360_segmentation.png
isic_2018_task1_2,segmentation,test,ISIC_0010361,lesion,processed/isic_segmentation/images/test/ISIC_0010361.jpg,processed/isic_segmentation/masks/test/ISIC_0010361.png,raw/isic/images/ISIC_0010361.jpg,raw/isic/masks/ISIC_0010361_segmentation.png
isic_2018_task1_2,segmentation,train,ISIC_0010362,lesion,processed/isic_segmentation/images/train/ISIC_0010362.jpg,processed/isic_segmentation/masks/train/ISIC_0010362.png,raw/isic/images/ISIC_0010362.jpg,raw/isic/masks/ISIC_0010362_segmentation.png
isic_2018_task1_2,segmentation,val,ISIC_0010364,lesion,processed/isic_segmentation/images/val/ISIC_0010364.jpg,processed/isic_segmentation/masks/val/ISIC_0010364.png,raw/isic/images/ISIC_0010364.jpg,raw/isic/masks/ISIC_0010364_segmentation.png
isic_2018_task1_2,segmentation,train,ISIC_0010365,lesion,processed/isic_segmentation/images/train/ISIC_0010365.jpg,processed/isic_segmentation/masks/train/ISIC_0010365.png,raw/isic/images/ISIC_0010365.jpg,raw/isic/masks/ISIC_0010365_segmentation.png
isic_2018_task1_2,segmentation,train,ISIC_0010367,lesion,processed/isic_segmentation/images/train/ISIC_0010367.jpg,processed/isic_segmentation/masks/train/ISIC_0010367.png,raw/isic/images/ISIC_0010367.jpg,raw/isic/masks/ISIC_0010367_segmentation.png
isic_2018_task1_2,segmentation,train,ISIC_0010368,lesion,processed/isic_segmentation/images/train/ISIC_0010368.jpg,processed/isic_segmentation/masks/train/ISIC_0010368.png,raw/isic/images/ISIC_0010368.jpg,raw/isic/masks/ISIC_0010368_segmentation.png
isic_2018_task1_2,segmentation,train,ISIC_0010370,lesion,processed/isic_segmentation/images/train/ISIC_0010370.jpg,processed/isic_segmentation/masks/train/ISIC_0010370.png,raw/isic/images/ISIC_0010370.jpg,raw/isic/masks/ISIC_0010370_segmentation.png
isic_2018_task1_2,segmentation,train,ISIC_0010372,lesion,processed/isic_segmentation/images/train/ISIC_0010372.jpg,processed/isic_segmentation/masks/train/ISIC_0010372.png,raw/isic/images/ISIC_0010372.jpg,raw/isic/masks/ISIC_0010372_segmentation.png
isic_2018_task1_2,segmentation,train,ISIC_0010374,lesion,processed/isic_segmentation/images/train/ISIC_0010374.jpg,processed/isic_segmentation/masks/train/ISIC_0010374.png,raw/isic/images/ISIC_0010374.jpg,raw/isic/masks/ISIC_0010374_segmentation.png
isic_2018_task1_2,segmentation,train,ISIC_0010379,lesion,processed/isic_segmentation/images/train/ISIC_0010379.jpg,processed/isic_segmentation/masks/train/ISIC_0010379.png,raw/isic/images/ISIC_0010379.jpg,raw/isic/masks/ISIC_0010379_segmentation.png
isic_2018_task1_2,segmentation,val,ISIC_0010380,lesion,processed/isic_segmentation/images/val/ISIC_0010380.jpg,processed/isic_segmentation/masks/val/ISIC_0010380.png,raw/isic/images/ISIC_0010380.jpg,raw/isic/masks/ISIC_0010380_segmentation.png
isic_2018_task1_2,segmentation,train,ISIC_0010382,lesion,processed/isic_segmentation/images/train/ISIC_0010382.jpg,processed/isic_segmentation/masks/train/ISIC_0010382.png,raw/isic/images/ISIC_0010382.jpg,raw/isic/masks/ISIC_0010382_segmentation.png
isic_2018_task1_2,segmentation,train,ISIC_0010435,lesion,processed/isic_segmentation/images/train/ISIC_0010435.jpg,processed/isic_segmentation/masks/train/ISIC_0010435.png,raw/isic/images/ISIC_0010435.jpg,raw/isic/masks/ISIC_0010435_segmentation.png
isic_2018_task1_2,segmentation,train,ISIC_0010439,lesion,processed/isic_segmentation/images/train/ISIC_0010439.jpg,processed/isic_segmentation/masks/train/ISIC_0010439.png,raw/isic/images/ISIC_0010439.jpg,raw/isic/masks/ISIC_0010439_segmentation.png
isic_2018_task1_2,segmentation,val,ISIC_0010441,lesion,processed/isic_segmentation/images/val/ISIC_0010441.jpg,processed/isic_segmentation/masks/val/ISIC_0010441.png,raw/isic/images/ISIC_0010441.jpg,raw/isic/masks/ISIC_0010441_segmentation.png
isic_2018_task1_2,segmentation,train,ISIC_0010442,lesion,processed/isic_segmentation/images/train/ISIC_0010442.jpg,processed/isic_segmentation/masks/train/ISIC_0010442.png,raw/isic/images/ISIC_0010442.jpg,raw/isic/masks/ISIC_0010442_segmentation.png
isic_2018_task1_2,segmentation,val,ISIC_0010443,lesion,processed/isic_segmentation/images/val/ISIC_0010443.jpg,processed/isic_segmentation/masks/val/ISIC_0010443.png,raw/isic/images/ISIC_0010443.jpg,raw/isic/masks/ISIC_0010443_segmentation.png
isic_2018_task1_2,segmentation,train,ISIC_0010444,lesion,processed/isic_segmentation/images/train/ISIC_0010444.jpg,processed/isic_segmentation/masks/train/ISIC_0010444.png,raw/isic/images/ISIC_0010444.jpg,raw/isic/masks/ISIC_0010444_segmentation.png
isic_2018_task1_2,segmentation,train,ISIC_0010445,lesion,processed/isic_segmentation/images/train/ISIC_0010445.jpg,processed/isic_segmentation/masks/train/ISIC_0010445.png,raw/isic/images/ISIC_0010445.jpg,raw/isic/masks/ISIC_0010445_segmentation.png
isic_2018_task1_2,segmentation,test,ISIC_0010447,lesion,processed/isic_segmentation/images/test/ISIC_0010447.jpg,processed/isic_segmentation/masks/test/ISIC_0010447.png,raw/isic/images/ISIC_0010447.jpg,raw/isic/masks/ISIC_0010447_segmentation.png
isic_2018_task1_2,segmentation,val,ISIC_0010448,lesion,processed/isic_segmentation/images/val/ISIC_0010448.jpg,processed/isic_segmentation/masks/val/ISIC_0010448.png,raw/isic/images/ISIC_0010448.jpg,raw/isic/masks/ISIC_0010448_segmentation.png
isic_2018_task1_2,segmentation,train,ISIC_0010449,lesion,processed/isic_segmentation/images/train/ISIC_0010449.jpg,processed/isic_segmentation/masks/train/ISIC_0010449.png,raw/isic/images/ISIC_0010449.jpg,raw/isic/masks/ISIC_0010449_segmentation.png
isic_2018_task1_2,segmentation,train,ISIC_0010452,lesion,processed/isic_segmentation/images/train/ISIC_0010452.jpg,processed/isic_segmentation/masks/train/ISIC_0010452.png,raw/isic/images/ISIC_0010452.jpg,raw/isic/masks/ISIC_0010452_segmentation.png
isic_2018_task1_2,segmentation,train,ISIC_0010455,lesion,processed/isic_segmentation/images/train/ISIC_0010455.jpg,processed/isic_segmentation/masks/train/ISIC_0010455.png,raw/isic/images/ISIC_0010455.jpg,raw/isic/masks/ISIC_0010455_segmentation.png
isic_2018_task1_2,segmentation,train,ISIC_0010456,lesion,processed/isic_segmentation/images/train/ISIC_0010456.jpg,processed/isic_segmentation/masks/train/ISIC_0010456.png,raw/isic/images/ISIC_0010456.jpg,raw/isic/masks/ISIC_0010456_segmentation.png
isic_2018_task1_2,segmentation,test,ISIC_0010457,lesion,processed/isic_segmentation/images/test/ISIC_0010457.jpg,processed/isic_segmentation/masks/test/ISIC_0010457.png,raw/isic/images/ISIC_0010457.jpg,raw/isic/masks/ISIC_0010457_segmentation.png
isic_2018_task1_2,segmentation,train,ISIC_0010458,lesion,processed/isic_segmentation/images/train/ISIC_0010458.jpg,processed/isic_segmentation/masks/train/ISIC_0010458.png,raw/isic/images/ISIC_0010458.jpg,raw/isic/masks/ISIC_0010458_segmentation.png
isic_2018_task1_2,segmentation,val,ISIC_0010459,lesion,processed/isic_segmentation/images/val/ISIC_0010459.jpg,processed/isic_segmentation/masks/val/ISIC_0010459.png,raw/isic/images/ISIC_0010459.jpg,raw/isic/masks/ISIC_0010459_segmentation.png
isic_2018_task1_2,segmentation,train,ISIC_0010461,lesion,processed/isic_segmentation/images/train/ISIC_0010461.jpg,processed/isic_segmentation/masks/train/ISIC_0010461.png,raw/isic/images/ISIC_0010461.jpg,raw/isic/masks/ISIC_0010461_segmentation.png
isic_2018_task1_2,segmentation,train,ISIC_0010462,lesion,processed/isic_segmentation/images/train/ISIC_0010462.jpg,processed/isic_segmentation/masks/train/ISIC_0010462.png,raw/isic/images/ISIC_0010462.jpg,raw/isic/masks/ISIC_0010462_segmentation.png
isic_2018_task1_2,segmentation,train,ISIC_0010463,lesion,processed/isic_segmentation/images/train/ISIC_0010463.jpg,processed/isic_segmentation/masks/train/ISIC_0010463.png,raw/isic/images/ISIC_0010463.jpg,raw/isic/masks/ISIC_0010463_segmentation.png
isic_2018_task1_2,segmentation,val,ISIC_0010465,lesion,processed/isic_segmentation/images/val/ISIC_0010465.jpg,processed/isic_segmentation/masks/val/ISIC_0010465.png,raw/isic/images/ISIC_0010465.jpg,raw/isic/masks/ISIC_0010465_segmentation.png
isic_2018_task1_2,segmentation,train,ISIC_0010466,lesion,processed/isic_segmentation/images/train/ISIC_0010466.jpg,processed/isic_segmentation/masks/train/ISIC_0010466.png,raw/isic/images/ISIC_0010466.jpg,raw/isic/masks/ISIC_0010466_segmentation.png
isic_2018_task1_2,segmentation,test,ISIC_0010467,lesion,processed/isic_segmentation/images/test/ISIC_0010467.jpg,processed/isic_segmentation/masks/test/ISIC_0010467.png,raw/isic/images/ISIC_0010467.jpg,raw/isic/masks/ISIC_0010467_segmentation.png
isic_2018_task1_2,segmentation,train,ISIC_0010468,lesion,processed/isic_segmentation/images/train/ISIC_0010468.jpg,processed/isic_segmentation/masks/train/ISIC_0010468.png,raw/isic/images/ISIC_0010468.jpg,raw/isic/masks/ISIC_0010468_segmentation.png
isic_2018_task1_2,segmentation,test,ISIC_0010472,lesion,processed/isic_segmentation/images/test/ISIC_0010472.jpg,processed/isic_segmentation/masks/test/ISIC_0010472.png,raw/isic/images/ISIC_0010472.jpg,raw/isic/masks/ISIC_0010472_segmentation.png
isic_2018_task1_2,segmentation,test,ISIC_0010473,lesion,processed/isic_segmentation/images/test/ISIC_0010473.jpg,processed/isic_segmentation/masks/test/ISIC_0010473.png,raw/isic/images/ISIC_0010473.jpg,raw/isic/masks/ISIC_0010473_segmentation.png
isic_2018_task1_2,segmentation,train,ISIC_0010474,lesion,processed/isic_segmentation/images/train/ISIC_0010474.jpg,processed/isic_segmentation/masks/train/ISIC_0010474.png,raw/isic/images/ISIC_0010474.jpg,raw/isic/masks/ISIC_0010474_segmentation.png
isic_2018_task1_2,segmentation,train,ISIC_0010475,lesion,processed/isic_segmentation/images/train/ISIC_0010475.jpg,processed/isic_segmentation/masks/train/ISIC_0010475.png,raw/isic/images/ISIC_0010475.jpg,raw/isic/masks/ISIC_0010475_segmentation.png
isic_2018_task1_2,segmentation,train,ISIC_0010476,lesion,processed/isic_segmentation/images/train/ISIC_0010476.jpg,processed/isic_segmentation/masks/train/ISIC_0010476.png,raw/isic/images/ISIC_0010476.jpg,raw/isic/masks/ISIC_0010476_segmentation.png
isic_2018_task1_2,segmentation,train,ISIC_0010477,lesion,processed/isic_segmentation/images/train/ISIC_0010477.jpg,processed/isic_segmentation/masks/train/ISIC_0010477.png,raw/isic/images/ISIC_0010477.jpg,raw/isic/masks/ISIC_0010477_segmentation.png
isic_2018_task1_2,segmentation,val,ISIC_0010479,lesion,processed/isic_segmentation/images/val/ISIC_0010479.jpg,processed/isic_segmentation/masks/val/ISIC_0010479.png,raw/isic/images/ISIC_0010479.jpg,raw/isic/masks/ISIC_0010479_segmentation.png
isic_2018_task1_2,segmentation,val,ISIC_0010480,lesion,processed/isic_segmentation/images/val/ISIC_0010480.jpg,processed/isic_segmentation/masks/val/ISIC_0010480.png,raw/isic/images/ISIC_0010480.jpg,raw/isic/masks/ISIC_0010480_segmentation.png
isic_2018_task1_2,segmentation,val,ISIC_0010481,lesion,processed/isic_segmentation/images/val/ISIC_0010481.jpg,processed/isic_segmentation/masks/val/ISIC_0010481.png,raw/isic/images/ISIC_0010481.jpg,raw/isic/masks/ISIC_0010481_segmentation.png
isic_2018_task1_2,segmentation,train,ISIC_0010483,lesion,processed/isic_segmentation/images/train/ISIC_0010483.jpg,processed/isic_segmentation/masks/train/ISIC_0010483.png,raw/isic/images/ISIC_0010483.jpg,raw/isic/masks/ISIC_0010483_segmentation.png
isic_2018_task1_2,segmentation,train,ISIC_0010487,lesion,processed/isic_segmentation/images/train/ISIC_0010487.jpg,processed/isic_segmentation/masks/train/ISIC_0010487.png,raw/isic/images/ISIC_0010487.jpg,raw/isic/masks/ISIC_0010487_segmentation.png
isic_2018_task1_2,segmentation,train,ISIC_0010488,lesion,processed/isic_segmentation/images/train/ISIC_0010488.jpg,processed/isic_segmentation/masks/train/ISIC_0010488.png,raw/isic/images/ISIC_0010488.jpg,raw/isic/masks/ISIC_0010488_segmentation.png
isic_2018_task1_2,segmentation,val,ISIC_0010490,lesion,processed/isic_segmentation/images/val/ISIC_0010490.jpg,processed/isic_segmentation/masks/val/ISIC_0010490.png,raw/isic/images/ISIC_0010490.jpg,raw/isic/masks/ISIC_0010490_segmentation.png
isic_2018_task1_2,segmentation,train,ISIC_0010492,lesion,processed/isic_segmentation/images/train/ISIC_0010492.jpg,processed/isic_segmentation/masks/train/ISIC_0010492.png,raw/isic/images/ISIC_0010492.jpg,raw/isic/masks/ISIC_0010492_segmentation.png
isic_2018_task1_2,segmentation,train,ISIC_0010493,lesion,processed/isic_segmentation/images/train/ISIC_0010493.jpg,processed/isic_segmentation/masks/train/ISIC_0010493.png,raw/isic/images/ISIC_0010493.jpg,raw/isic/masks/ISIC_0010493_segmentation.png
isic_2018_task1_2,segmentation,val,ISIC_0010494,lesion,processed/isic_segmentation/images/val/ISIC_0010494.jpg,processed/isic_segmentation/masks/val/ISIC_0010494.png,raw/isic/images/ISIC_0010494.jpg,raw/isic/masks/ISIC_0010494_segmentation.png
isic_2018_task1_2,segmentation,train,ISIC_0010496,lesion,processed/isic_segmentation/images/train/ISIC_0010496.jpg,processed/isic_segmentation/masks/train/ISIC_0010496.png,raw/isic/images/ISIC_0010496.jpg,raw/isic/masks/ISIC_0010496_segmentation.png
isic_2018_task1_2,segmentation,train,ISIC_0010497,lesion,processed/isic_segmentation/images/train/ISIC_0010497.jpg,processed/isic_segmentation/masks/train/ISIC_0010497.png,raw/isic/images/ISIC_0010497.jpg,raw/isic/masks/ISIC_0010497_segmentation.png
isic_2018_task1_2,segmentation,train,ISIC_0010498,lesion,processed/isic_segmentation/images/train/ISIC_0010498.jpg,processed/isic_segmentation/masks/train/ISIC_0010498.png,raw/isic/images/ISIC_0010498.jpg,raw/isic/masks/ISIC_0010498_segmentation.png
isic_2018_task1_2,segmentation,val,ISIC_0010552,lesion,processed/isic_segmentation/images/val/ISIC_0010552.jpg,processed/isic_segmentation/masks/val/ISIC_0010552.png,raw/isic/images/ISIC_0010552.jpg,raw/isic/masks/ISIC_0010552_segmentation.png
isic_2018_task1_2,segmentation,train,ISIC_0010553,lesion,processed/isic_segmentation/images/train/ISIC_0010553.jpg,processed/isic_segmentation/masks/train/ISIC_0010553.png,raw/isic/images/ISIC_0010553.jpg,raw/isic/masks/ISIC_0010553_segmentation.png
isic_2018_task1_2,segmentation,train,ISIC_0010554,lesion,processed/isic_segmentation/images/train/ISIC_0010554.jpg,processed/isic_segmentation/masks/train/ISIC_0010554.png,raw/isic/images/ISIC_0010554.jpg,raw/isic/masks/ISIC_0010554_segmentation.png
isic_2018_task1_2,segmentation,val,ISIC_0010557,lesion,processed/isic_segmentation/images/val/ISIC_0010557.jpg,processed/isic_segmentation/masks/val/ISIC_0010557.png,raw/isic/images/ISIC_0010557.jpg,raw/isic/masks/ISIC_0010557_segmentation.png
isic_2018_task1_2,segmentation,train,ISIC_0010558,lesion,processed/isic_segmentation/images/train/ISIC_0010558.jpg,processed/isic_segmentation/masks/train/ISIC_0010558.png,raw/isic/images/ISIC_0010558.jpg,raw/isic/masks/ISIC_0010558_segmentation.png
isic_2018_task1_2,segmentation,train,ISIC_0010562,lesion,processed/isic_segmentation/images/train/ISIC_0010562.jpg,processed/isic_segmentation/masks/train/ISIC_0010562.png,raw/isic/images/ISIC_0010562.jpg,raw/isic/masks/ISIC_0010562_segmentation.png
isic_2018_task1_2,segmentation,train,ISIC_0010565,lesion,processed/isic_segmentation/images/train/ISIC_0010565.jpg,processed/isic_segmentation/masks/train/ISIC_0010565.png,raw/isic/images/ISIC_0010565.jpg,raw/isic/masks/ISIC_0010565_segmentation.png
isic_2018_task1_2,segmentation,train,ISIC_0010566,lesion,processed/isic_segmentation/images/train/ISIC_0010566.jpg,processed/isic_segmentation/masks/train/ISIC_0010566.png,raw/isic/images/ISIC_0010566.jpg,raw/isic/masks/ISIC_0010566_segmentation.png
isic_2018_task1_2,segmentation,train,ISIC_0010567,lesion,processed/isic_segmentation/images/train/ISIC_0010567.jpg,processed/isic_segmentation/masks/train/ISIC_0010567.png,raw/isic/images/ISIC_0010567.jpg,raw/isic/masks/ISIC_0010567_segmentation.png
isic_2018_task1_2,segmentation,train,ISIC_0010568,lesion,processed/isic_segmentation/images/train/ISIC_0010568.jpg,processed/isic_segmentation/masks/train/ISIC_0010568.png,raw/isic/images/ISIC_0010568.jpg,raw/isic/masks/ISIC_0010568_segmentation.png
isic_2018_task1_2,segmentation,train,ISIC_0010569,lesion,processed/isic_segmentation/images/train/ISIC_0010569.jpg,processed/isic_segmentation/masks/train/ISIC_0010569.png,raw/isic/images/ISIC_0010569.jpg,raw/isic/masks/ISIC_0010569_segmentation.png
isic_2018_task1_2,segmentation,train,ISIC_0010570,lesion,processed/isic_segmentation/images/train/ISIC_0010570.jpg,processed/isic_segmentation/masks/train/ISIC_0010570.png,raw/isic/images/ISIC_0010570.jpg,raw/isic/masks/ISIC_0010570_segmentation.png
isic_2018_task1_2,segmentation,train,ISIC_0010571,lesion,processed/isic_segmentation/images/train/ISIC_0010571.jpg,processed/isic_segmentation/masks/train/ISIC_0010571.png,raw/isic/images/ISIC_0010571.jpg,raw/isic/masks/ISIC_0010571_segmentation.png
isic_2018_task1_2,segmentation,test,ISIC_0010572,lesion,processed/isic_segmentation/images/test/ISIC_0010572.jpg,processed/isic_segmentation/masks/test/ISIC_0010572.png,raw/isic/images/ISIC_0010572.jpg,raw/isic/masks/ISIC_0010572_segmentation.png
isic_2018_task1_2,segmentation,train,ISIC_0010573,lesion,processed/isic_segmentation/images/train/ISIC_0010573.jpg,processed/isic_segmentation/masks/train/ISIC_0010573.png,raw/isic/images/ISIC_0010573.jpg,raw/isic/masks/ISIC_0010573_segmentation.png
isic_2018_task1_2,segmentation,train,ISIC_0010574,lesion,processed/isic_segmentation/images/train/ISIC_0010574.jpg,processed/isic_segmentation/masks/train/ISIC_0010574.png,raw/isic/images/ISIC_0010574.jpg,raw/isic/masks/ISIC_0010574_segmentation.png
isic_2018_task1_2,segmentation,val,ISIC_0010576,lesion,processed/isic_segmentation/images/val/ISIC_0010576.jpg,processed/isic_segmentation/masks/val/ISIC_0010576.png,raw/isic/images/ISIC_0010576.jpg,raw/isic/masks/ISIC_0010576_segmentation.png
isic_2018_task1_2,segmentation,train,ISIC_0010581,lesion,processed/isic_segmentation/images/train/ISIC_0010581.jpg,processed/isic_segmentation/masks/train/ISIC_0010581.png,raw/isic/images/ISIC_0010581.jpg,raw/isic/masks/ISIC_0010581_segmentation.png
isic_2018_task1_2,segmentation,test,ISIC_0010584,lesion,processed/isic_segmentation/images/test/ISIC_0010584.jpg,processed/isic_segmentation/masks/test/ISIC_0010584.png,raw/isic/images/ISIC_0010584.jpg,raw/isic/masks/ISIC_0010584_segmentation.png
isic_2018_task1_2,segmentation,test,ISIC_0010585,lesion,processed/isic_segmentation/images/test/ISIC_0010585.jpg,processed/isic_segmentation/masks/test/ISIC_0010585.png,raw/isic/images/ISIC_0010585.jpg,raw/isic/masks/ISIC_0010585_segmentation.png
isic_2018_task1_2,segmentation,val,ISIC_0010587,lesion,processed/isic_segmentation/images/val/ISIC_0010587.jpg,processed/isic_segmentation/masks/val/ISIC_0010587.png,raw/isic/images/ISIC_0010587.jpg,raw/isic/masks/ISIC_0010587_segmentation.png
isic_2018_task1_2,segmentation,val,ISIC_0010588,lesion,processed/isic_segmentation/images/val/ISIC_0010588.jpg,processed/isic_segmentation/masks/val/ISIC_0010588.png,raw/isic/images/ISIC_0010588.jpg,raw/isic/masks/ISIC_0010588_segmentation.png
isic_2018_task1_2,segmentation,train,ISIC_0010589,lesion,processed/isic_segmentation/images/train/ISIC_0010589.jpg,processed/isic_segmentation/masks/train/ISIC_0010589.png,raw/isic/images/ISIC_0010589.jpg,raw/isic/masks/ISIC_0010589_segmentation.png
isic_2018_task1_2,segmentation,val,ISIC_0010590,lesion,processed/isic_segmentation/images/val/ISIC_0010590.jpg,processed/isic_segmentation/masks/val/ISIC_0010590.png,raw/isic/images/ISIC_0010590.jpg,raw/isic/masks/ISIC_0010590_segmentation.png
isic_2018_task1_2,segmentation,train,ISIC_0010591,lesion,processed/isic_segmentation/images/train/ISIC_0010591.jpg,processed/isic_segmentation/masks/train/ISIC_0010591.png,raw/isic/images/ISIC_0010591.jpg,raw/isic/masks/ISIC_0010591_segmentation.png
isic_2018_task1_2,segmentation,val,ISIC_0010592,lesion,processed/isic_segmentation/images/val/ISIC_0010592.jpg,processed/isic_segmentation/masks/val/ISIC_0010592.png,raw/isic/images/ISIC_0010592.jpg,raw/isic/masks/ISIC_0010592_segmentation.png
isic_2018_task1_2,segmentation,train,ISIC_0010593,lesion,processed/isic_segmentation/images/train/ISIC_0010593.jpg,processed/isic_segmentation/masks/train/ISIC_0010593.png,raw/isic/images/ISIC_0010593.jpg,raw/isic/masks/ISIC_0010593_segmentation.png
isic_2018_task1_2,segmentation,val,ISIC_0010595,lesion,processed/isic_segmentation/images/val/ISIC_0010595.jpg,processed/isic_segmentation/masks/val/ISIC_0010595.png,raw/isic/images/ISIC_0010595.jpg,raw/isic/masks/ISIC_0010595_segmentation.png
isic_2018_task1_2,segmentation,train,ISIC_0010596,lesion,processed/isic_segmentation/images/train/ISIC_0010596.jpg,processed/isic_segmentation/masks/train/ISIC_0010596.png,raw/isic/images/ISIC_0010596.jpg,raw/isic/masks/ISIC_0010596_segmentation.png
isic_2018_task1_2,segmentation,train,ISIC_0010597,lesion,processed/isic_segmentation/images/train/ISIC_0010597.jpg,processed/isic_segmentation/masks/train/ISIC_0010597.png,raw/isic/images/ISIC_0010597.jpg,raw/isic/masks/ISIC_0010597_segmentation.png
isic_2018_task1_2,segmentation,train,ISIC_0010598,lesion,processed/isic_segmentation/images/train/ISIC_0010598.jpg,processed/isic_segmentation/masks/train/ISIC_0010598.png,raw/isic/images/ISIC_0010598.jpg,raw/isic/masks/ISIC_0010598_segmentation.png
isic_2018_task1_2,segmentation,test,ISIC_0010599,lesion,processed/isic_segmentation/images/test/ISIC_0010599.jpg,processed/isic_segmentation/masks/test/ISIC_0010599.png,raw/isic/images/ISIC_0010599.jpg,raw/isic/masks/ISIC_0010599_segmentation.png
isic_2018_task1_2,segmentation,train,ISIC_0010602,lesion,processed/isic_segmentation/images/train/ISIC_0010602.jpg,processed/isic_segmentation/masks/train/ISIC_0010602.png,raw/isic/images/ISIC_0010602.jpg,raw/isic/masks/ISIC_0010602_segmentation.png
isic_2018_task1_2,segmentation,train,ISIC_0010603,lesion,processed/isic_segmentation/images/train/ISIC_0010603.jpg,processed/isic_segmentation/masks/train/ISIC_0010603.png,raw/isic/images/ISIC_0010603.jpg,raw/isic/masks/ISIC_0010603_segmentation.png
isic_2018_task1_2,segmentation,val,ISIC_0010604,lesion,processed/isic_segmentation/images/val/ISIC_0010604.jpg,processed/isic_segmentation/masks/val/ISIC_0010604.png,raw/isic/images/ISIC_0010604.jpg,raw/isic/masks/ISIC_0010604_segmentation.png
isic_2018_task1_2,segmentation,val,ISIC_0010605,lesion,processed/isic_segmentation/images/val/ISIC_0010605.jpg,processed/isic_segmentation/masks/val/ISIC_0010605.png,raw/isic/images/ISIC_0010605.jpg,raw/isic/masks/ISIC_0010605_segmentation.png
isic_2018_task1_2,segmentation,train,ISIC_0010606,lesion,processed/isic_segmentation/images/train/ISIC_0010606.jpg,processed/isic_segmentation/masks/train/ISIC_0010606.png,raw/isic/images/ISIC_0010606.jpg,raw/isic/masks/ISIC_0010606_segmentation.png
isic_2018_task1_2,segmentation,train,ISIC_0010607,lesion,processed/isic_segmentation/images/train/ISIC_0010607.jpg,processed/isic_segmentation/masks/train/ISIC_0010607.png,raw/isic/images/ISIC_0010607.jpg,raw/isic/masks/ISIC_0010607_segmentation.png
isic_2018_task1_2,segmentation,val,ISIC_0010844,lesion,processed/isic_segmentation/images/val/ISIC_0010844.jpg,processed/isic_segmentation/masks/val/ISIC_0010844.png,raw/isic/images/ISIC_0010844.jpg,raw/isic/masks/ISIC_0010844_segmentation.png
isic_2018_task1_2,segmentation,test,ISIC_0010846,lesion,processed/isic_segmentation/images/test/ISIC_0010846.jpg,processed/isic_segmentation/masks/test/ISIC_0010846.png,raw/isic/images/ISIC_0010846.jpg,raw/isic/masks/ISIC_0010846_segmentation.png
isic_2018_task1_2,segmentation,test,ISIC_0010847,lesion,processed/isic_segmentation/images/test/ISIC_0010847.jpg,processed/isic_segmentation/masks/test/ISIC_0010847.png,raw/isic/images/ISIC_0010847.jpg,raw/isic/masks/ISIC_0010847_segmentation.png
isic_2018_task1_2,segmentation,train,ISIC_0010848,lesion,processed/isic_segmentation/images/train/ISIC_0010848.jpg,processed/isic_segmentation/masks/train/ISIC_0010848.png,raw/isic/images/ISIC_0010848.jpg,raw/isic/masks/ISIC_0010848_segmentation.png
isic_2018_task1_2,segmentation,train,ISIC_0010849,lesion,processed/isic_segmentation/images/train/ISIC_0010849.jpg,processed/isic_segmentation/masks/train/ISIC_0010849.png,raw/isic/images/ISIC_0010849.jpg,raw/isic/masks/ISIC_0010849_segmentation.png
isic_2018_task1_2,segmentation,train,ISIC_0010850,lesion,processed/isic_segmentation/images/train/ISIC_0010850.jpg,processed/isic_segmentation/masks/train/ISIC_0010850.png,raw/isic/images/ISIC_0010850.jpg,raw/isic/masks/ISIC_0010850_segmentation.png
isic_2018_task1_2,segmentation,train,ISIC_0010851,lesion,processed/isic_segmentation/images/train/ISIC_0010851.jpg,processed/isic_segmentation/masks/train/ISIC_0010851.png,raw/isic/images/ISIC_0010851.jpg,raw/isic/masks/ISIC_0010851_segmentation.png
isic_2018_task1_2,segmentation,train,ISIC_0010852,lesion,processed/isic_segmentation/images/train/ISIC_0010852.jpg,processed/isic_segmentation/masks/train/ISIC_0010852.png,raw/isic/images/ISIC_0010852.jpg,raw/isic/masks/ISIC_0010852_segmentation.png
isic_2018_task1_2,segmentation,val,ISIC_0010853,lesion,processed/isic_segmentation/images/val/ISIC_0010853.jpg,processed/isic_segmentation/masks/val/ISIC_0010853.png,raw/isic/images/ISIC_0010853.jpg,raw/isic/masks/ISIC_0010853_segmentation.png
isic_2018_task1_2,segmentation,train,ISIC_0010854,lesion,processed/isic_segmentation/images/train/ISIC_0010854.jpg,processed/isic_segmentation/masks/train/ISIC_0010854.png,raw/isic/images/ISIC_0010854.jpg,raw/isic/masks/ISIC_0010854_segmentation.png
isic_2018_task1_2,segmentation,train,ISIC_0010856,lesion,processed/isic_segmentation/images/train/ISIC_0010856.jpg,processed/isic_segmentation/masks/train/ISIC_0010856.png,raw/isic/images/ISIC_0010856.jpg,raw/isic/masks/ISIC_0010856_segmentation.png
isic_2018_task1_2,segmentation,val,ISIC_0010857,lesion,processed/isic_segmentation/images/val/ISIC_0010857.jpg,processed/isic_segmentation/masks/val/ISIC_0010857.png,raw/isic/images/ISIC_0010857.jpg,raw/isic/masks/ISIC_0010857_segmentation.png
isic_2018_task1_2,segmentation,train,ISIC_0010858,lesion,processed/isic_segmentation/images/train/ISIC_0010858.jpg,processed/isic_segmentation/masks/train/ISIC_0010858.png,raw/isic/images/ISIC_0010858.jpg,raw/isic/masks/ISIC_0010858_segmentation.png
isic_2018_task1_2,segmentation,train,ISIC_0010860,lesion,processed/isic_segmentation/images/train/ISIC_0010860.jpg,processed/isic_segmentation/masks/train/ISIC_0010860.png,raw/isic/images/ISIC_0010860.jpg,raw/isic/masks/ISIC_0010860_segmentation.png
isic_2018_task1_2,segmentation,train,ISIC_0010861,lesion,processed/isic_segmentation/images/train/ISIC_0010861.jpg,processed/isic_segmentation/masks/train/ISIC_0010861.png,raw/isic/images/ISIC_0010861.jpg,raw/isic/masks/ISIC_0010861_segmentation.png
isic_2018_task1_2,segmentation,test,ISIC_0010862,lesion,processed/isic_segmentation/images/test/ISIC_0010862.jpg,processed/isic_segmentation/masks/test/ISIC_0010862.png,raw/isic/images/ISIC_0010862.jpg,raw/isic/masks/ISIC_0010862_segmentation.png
isic_2018_task1_2,segmentation,val,ISIC_0010863,lesion,processed/isic_segmentation/images/val/ISIC_0010863.jpg,processed/isic_segmentation/masks/val/ISIC_0010863.png,raw/isic/images/ISIC_0010863.jpg,raw/isic/masks/ISIC_0010863_segmentation.png
isic_2018_task1_2,segmentation,train,ISIC_0010864,lesion,processed/isic_segmentation/images/train/ISIC_0010864.jpg,processed/isic_segmentation/masks/train/ISIC_0010864.png,raw/isic/images/ISIC_0010864.jpg,raw/isic/masks/ISIC_0010864_segmentation.png
isic_2018_task1_2,segmentation,train,ISIC_0011079,lesion,processed/isic_segmentation/images/train/ISIC_0011079.jpg,processed/isic_segmentation/masks/train/ISIC_0011079.png,raw/isic/images/ISIC_0011079.jpg,raw/isic/masks/ISIC_0011079_segmentation.png
isic_2018_task1_2,segmentation,train,ISIC_0011081,lesion,processed/isic_segmentation/images/train/ISIC_0011081.jpg,processed/isic_segmentation/masks/train/ISIC_0011081.png,raw/isic/images/ISIC_0011081.jpg,raw/isic/masks/ISIC_0011081_segmentation.png
isic_2018_task1_2,segmentation,train,ISIC_0011082,lesion,processed/isic_segmentation/images/train/ISIC_0011082.jpg,processed/isic_segmentation/masks/train/ISIC_0011082.png,raw/isic/images/ISIC_0011082.jpg,raw/isic/masks/ISIC_0011082_segmentation.png
isic_2018_task1_2,segmentation,train,ISIC_0011083,lesion,processed/isic_segmentation/images/train/ISIC_0011083.jpg,processed/isic_segmentation/masks/train/ISIC_0011083.png,raw/isic/images/ISIC_0011083.jpg,raw/isic/masks/ISIC_0011083_segmentation.png
isic_2018_task1_2,segmentation,test,ISIC_0011084,lesion,processed/isic_segmentation/images/test/ISIC_0011084.jpg,processed/isic_segmentation/masks/test/ISIC_0011084.png,raw/isic/images/ISIC_0011084.jpg,raw/isic/masks/ISIC_0011084_segmentation.png
isic_2018_task1_2,segmentation,train,ISIC_0011085,lesion,processed/isic_segmentation/images/train/ISIC_0011085.jpg,processed/isic_segmentation/masks/train/ISIC_0011085.png,raw/isic/images/ISIC_0011085.jpg,raw/isic/masks/ISIC_0011085_segmentation.png
isic_2018_task1_2,segmentation,val,ISIC_0011088,lesion,processed/isic_segmentation/images/val/ISIC_0011088.jpg,processed/isic_segmentation/masks/val/ISIC_0011088.png,raw/isic/images/ISIC_0011088.jpg,raw/isic/masks/ISIC_0011088_segmentation.png
isic_2018_task1_2,segmentation,test,ISIC_0011089,lesion,processed/isic_segmentation/images/test/ISIC_0011089.jpg,processed/isic_segmentation/masks/test/ISIC_0011089.png,raw/isic/images/ISIC_0011089.jpg,raw/isic/masks/ISIC_0011089_segmentation.png
isic_2018_task1_2,segmentation,train,ISIC_0011090,lesion,processed/isic_segmentation/images/train/ISIC_0011090.jpg,processed/isic_segmentation/masks/train/ISIC_0011090.png,raw/isic/images/ISIC_0011090.jpg,raw/isic/masks/ISIC_0011090_segmentation.png
isic_2018_task1_2,segmentation,test,ISIC_0011092,lesion,processed/isic_segmentation/images/test/ISIC_0011092.jpg,processed/isic_segmentation/masks/test/ISIC_0011092.png,raw/isic/images/ISIC_0011092.jpg,raw/isic/masks/ISIC_0011092_segmentation.png
isic_2018_task1_2,segmentation,train,ISIC_0011095,lesion,processed/isic_segmentation/images/train/ISIC_0011095.jpg,processed/isic_segmentation/masks/train/ISIC_0011095.png,raw/isic/images/ISIC_0011095.jpg,raw/isic/masks/ISIC_0011095_segmentation.png
isic_2018_task1_2,segmentation,train,ISIC_0011097,lesion,processed/isic_segmentation/images/train/ISIC_0011097.jpg,processed/isic_segmentation/masks/train/ISIC_0011097.png,raw/isic/images/ISIC_0011097.jpg,raw/isic/masks/ISIC_0011097_segmentation.png
isic_2018_task1_2,segmentation,test,ISIC_0011098,lesion,processed/isic_segmentation/images/test/ISIC_0011098.jpg,processed/isic_segmentation/masks/test/ISIC_0011098.png,raw/isic/images/ISIC_0011098.jpg,raw/isic/masks/ISIC_0011098_segmentation.png
isic_2018_task1_2,segmentation,val,ISIC_0011099,lesion,processed/isic_segmentation/images/val/ISIC_0011099.jpg,processed/isic_segmentation/masks/val/ISIC_0011099.png,raw/isic/images/ISIC_0011099.jpg,raw/isic/masks/ISIC_0011099_segmentation.png
isic_2018_task1_2,segmentation,val,ISIC_0011101,lesion,processed/isic_segmentation/images/val/ISIC_0011101.jpg,processed/isic_segmentation/masks/val/ISIC_0011101.png,raw/isic/images/ISIC_0011101.jpg,raw/isic/masks/ISIC_0011101_segmentation.png
isic_2018_task1_2,segmentation,train,ISIC_0011102,lesion,processed/isic_segmentation/images/train/ISIC_0011102.jpg,processed/isic_segmentation/masks/train/ISIC_0011102.png,raw/isic/images/ISIC_0011102.jpg,raw/isic/masks/ISIC_0011102_segmentation.png
isic_2018_task1_2,segmentation,test,ISIC_0011104,lesion,processed/isic_segmentation/images/test/ISIC_0011104.jpg,processed/isic_segmentation/masks/test/ISIC_0011104.png,raw/isic/images/ISIC_0011104.jpg,raw/isic/masks/ISIC_0011104_segmentation.png
isic_2018_task1_2,segmentation,train,ISIC_0011105,lesion,processed/isic_segmentation/images/train/ISIC_0011105.jpg,processed/isic_segmentation/masks/train/ISIC_0011105.png,raw/isic/images/ISIC_0011105.jpg,raw/isic/masks/ISIC_0011105_segmentation.png
isic_2018_task1_2,segmentation,train,ISIC_0011107,lesion,processed/isic_segmentation/images/train/ISIC_0011107.jpg,processed/isic_segmentation/masks/train/ISIC_0011107.png,raw/isic/images/ISIC_0011107.jpg,raw/isic/masks/ISIC_0011107_segmentation.png
isic_2018_task1_2,segmentation,val,ISIC_0011109,lesion,processed/isic_segmentation/images/val/ISIC_0011109.jpg,processed/isic_segmentation/masks/val/ISIC_0011109.png,raw/isic/images/ISIC_0011109.jpg,raw/isic/masks/ISIC_0011109_segmentation.png
isic_2018_task1_2,segmentation,train,ISIC_0011110,lesion,processed/isic_segmentation/images/train/ISIC_0011110.jpg,processed/isic_segmentation/masks/train/ISIC_0011110.png,raw/isic/images/ISIC_0011110.jpg,raw/isic/masks/ISIC_0011110_segmentation.png
isic_2018_task1_2,segmentation,val,ISIC_0011112,lesion,processed/isic_segmentation/images/val/ISIC_0011112.jpg,processed/isic_segmentation/masks/val/ISIC_0011112.png,raw/isic/images/ISIC_0011112.jpg,raw/isic/masks/ISIC_0011112_segmentation.png
isic_2018_task1_2,segmentation,train,ISIC_0011114,lesion,processed/isic_segmentation/images/train/ISIC_0011114.jpg,processed/isic_segmentation/masks/train/ISIC_0011114.png,raw/isic/images/ISIC_0011114.jpg,raw/isic/masks/ISIC_0011114_segmentation.png
isic_2018_task1_2,segmentation,train,ISIC_0011115,lesion,processed/isic_segmentation/images/train/ISIC_0011115.jpg,processed/isic_segmentation/masks/train/ISIC_0011115.png,raw/isic/images/ISIC_0011115.jpg,raw/isic/masks/ISIC_0011115_segmentation.png
isic_2018_task1_2,segmentation,train,ISIC_0011117,lesion,processed/isic_segmentation/images/train/ISIC_0011117.jpg,processed/isic_segmentation/masks/train/ISIC_0011117.png,raw/isic/images/ISIC_0011117.jpg,raw/isic/masks/ISIC_0011117_segmentation.png
isic_2018_task1_2,segmentation,train,ISIC_0011118,lesion,processed/isic_segmentation/images/train/ISIC_0011118.jpg,processed/isic_segmentation/masks/train/ISIC_0011118.png,raw/isic/images/ISIC_0011118.jpg,raw/isic/masks/ISIC_0011118_segmentation.png
isic_2018_task1_2,segmentation,val,ISIC_0011119,lesion,processed/isic_segmentation/images/val/ISIC_0011119.jpg,processed/isic_segmentation/masks/val/ISIC_0011119.png,raw/isic/images/ISIC_0011119.jpg,raw/isic/masks/ISIC_0011119_segmentation.png
isic_2018_task1_2,segmentation,train,ISIC_0011120,lesion,processed/isic_segmentation/images/train/ISIC_0011120.jpg,processed/isic_segmentation/masks/train/ISIC_0011120.png,raw/isic/images/ISIC_0011120.jpg,raw/isic/masks/ISIC_0011120_segmentation.png
isic_2018_task1_2,segmentation,train,ISIC_0011121,lesion,processed/isic_segmentation/images/train/ISIC_0011121.jpg,processed/isic_segmentation/masks/train/ISIC_0011121.png,raw/isic/images/ISIC_0011121.jpg,raw/isic/masks/ISIC_0011121_segmentation.png
isic_2018_task1_2,segmentation,train,ISIC_0011123,lesion,processed/isic_segmentation/images/train/ISIC_0011123.jpg,processed/isic_segmentation/masks/train/ISIC_0011123.png,raw/isic/images/ISIC_0011123.jpg,raw/isic/masks/ISIC_0011123_segmentation.png
isic_2018_task1_2,segmentation,train,ISIC_0011124,lesion,processed/isic_segmentation/images/train/ISIC_0011124.jpg,processed/isic_segmentation/masks/train/ISIC_0011124.png,raw/isic/images/ISIC_0011124.jpg,raw/isic/masks/ISIC_0011124_segmentation.png
isic_2018_task1_2,segmentation,train,ISIC_0011127,lesion,processed/isic_segmentation/images/train/ISIC_0011127.jpg,processed/isic_segmentation/masks/train/ISIC_0011127.png,raw/isic/images/ISIC_0011127.jpg,raw/isic/masks/ISIC_0011127_segmentation.png
isic_2018_task1_2,segmentation,val,ISIC_0011128,lesion,processed/isic_segmentation/images/val/ISIC_0011128.jpg,processed/isic_segmentation/masks/val/ISIC_0011128.png,raw/isic/images/ISIC_0011128.jpg,raw/isic/masks/ISIC_0011128_segmentation.png
isic_2018_task1_2,segmentation,train,ISIC_0011129,lesion,processed/isic_segmentation/images/train/ISIC_0011129.jpg,processed/isic_segmentation/masks/train/ISIC_0011129.png,raw/isic/images/ISIC_0011129.jpg,raw/isic/masks/ISIC_0011129_segmentation.png
isic_2018_task1_2,segmentation,test,ISIC_0011130,lesion,processed/isic_segmentation/images/test/ISIC_0011130.jpg,processed/isic_segmentation/masks/test/ISIC_0011130.png,raw/isic/images/ISIC_0011130.jpg,raw/isic/masks/ISIC_0011130_segmentation.png
isic_2018_task1_2,segmentation,train,ISIC_0011131,lesion,processed/isic_segmentation/images/train/ISIC_0011131.jpg,processed/isic_segmentation/masks/train/ISIC_0011131.png,raw/isic/images/ISIC_0011131.jpg,raw/isic/masks/ISIC_0011131_segmentation.png
isic_2018_task1_2,segmentation,train,ISIC_0011132,lesion,processed/isic_segmentation/images/train/ISIC_0011132.jpg,processed/isic_segmentation/masks/train/ISIC_0011132.png,raw/isic/images/ISIC_0011132.jpg,raw/isic/masks/ISIC_0011132_segmentation.png
isic_2018_task1_2,segmentation,test,ISIC_0011135,lesion,processed/isic_segmentation/images/test/ISIC_0011135.jpg,processed/isic_segmentation/masks/test/ISIC_0011135.png,raw/isic/images/ISIC_0011135.jpg,raw/isic/masks/ISIC_0011135_segmentation.png
isic_2018_task1_2,segmentation,test,ISIC_0011137,lesion,processed/isic_segmentation/images/test/ISIC_0011137.jpg,processed/isic_segmentation/masks/test/ISIC_0011137.png,raw/isic/images/ISIC_0011137.jpg,raw/isic/masks/ISIC_0011137_segmentation.png
isic_2018_task1_2,segmentation,val,ISIC_0011139,lesion,processed/isic_segmentation/images/val/ISIC_0011139.jpg,processed/isic_segmentation/masks/val/ISIC_0011139.png,raw/isic/images/ISIC_0011139.jpg,raw/isic/masks/ISIC_0011139_segmentation.png
isic_2018_task1_2,segmentation,train,ISIC_0011140,lesion,processed/isic_segmentation/images/train/ISIC_0011140.jpg,processed/isic_segmentation/masks/train/ISIC_0011140.png,raw/isic/images/ISIC_0011140.jpg,raw/isic/masks/ISIC_0011140_segmentation.png
isic_2018_task1_2,segmentation,val,ISIC_0011143,lesion,processed/isic_segmentation/images/val/ISIC_0011143.jpg,processed/isic_segmentation/masks/val/ISIC_0011143.png,raw/isic/images/ISIC_0011143.jpg,raw/isic/masks/ISIC_0011143_segmentation.png
isic_2018_task1_2,segmentation,train,ISIC_0011144,lesion,processed/isic_segmentation/images/train/ISIC_0011144.jpg,processed/isic_segmentation/masks/train/ISIC_0011144.png,raw/isic/images/ISIC_0011144.jpg,raw/isic/masks/ISIC_0011144_segmentation.png
isic_2018_task1_2,segmentation,train,ISIC_0011146,lesion,processed/isic_segmentation/images/train/ISIC_0011146.jpg,processed/isic_segmentation/masks/train/ISIC_0011146.png,raw/isic/images/ISIC_0011146.jpg,raw/isic/masks/ISIC_0011146_segmentation.png
isic_2018_task1_2,segmentation,train,ISIC_0011149,lesion,processed/isic_segmentation/images/train/ISIC_0011149.jpg,processed/isic_segmentation/masks/train/ISIC_0011149.png,raw/isic/images/ISIC_0011149.jpg,raw/isic/masks/ISIC_0011149_segmentation.png
isic_2018_task1_2,segmentation,train,ISIC_0011150,lesion,processed/isic_segmentation/images/train/ISIC_0011150.jpg,processed/isic_segmentation/masks/train/ISIC_0011150.png,raw/isic/images/ISIC_0011150.jpg,raw/isic/masks/ISIC_0011150_segmentation.png
isic_2018_task1_2,segmentation,train,ISIC_0011151,lesion,processed/isic_segmentation/images/train/ISIC_0011151.jpg,processed/isic_segmentation/masks/train/ISIC_0011151.png,raw/isic/images/ISIC_0011151.jpg,raw/isic/masks/ISIC_0011151_segmentation.png
isic_2018_task1_2,segmentation,val,ISIC_0011155,lesion,processed/isic_segmentation/images/val/ISIC_0011155.jpg,processed/isic_segmentation/masks/val/ISIC_0011155.png,raw/isic/images/ISIC_0011155.jpg,raw/isic/masks/ISIC_0011155_segmentation.png
isic_2018_task1_2,segmentation,val,ISIC_0011156,lesion,processed/isic_segmentation/images/val/ISIC_0011156.jpg,processed/isic_segmentation/masks/val/ISIC_0011156.png,raw/isic/images/ISIC_0011156.jpg,raw/isic/masks/ISIC_0011156_segmentation.png
isic_2018_task1_2,segmentation,val,ISIC_0011157,lesion,processed/isic_segmentation/images/val/ISIC_0011157.jpg,processed/isic_segmentation/masks/val/ISIC_0011157.png,raw/isic/images/ISIC_0011157.jpg,raw/isic/masks/ISIC_0011157_segmentation.png
isic_2018_task1_2,segmentation,train,ISIC_0011158,lesion,processed/isic_segmentation/images/train/ISIC_0011158.jpg,processed/isic_segmentation/masks/train/ISIC_0011158.png,raw/isic/images/ISIC_0011158.jpg,raw/isic/masks/ISIC_0011158_segmentation.png
isic_2018_task1_2,segmentation,val,ISIC_0011159,lesion,processed/isic_segmentation/images/val/ISIC_0011159.jpg,processed/isic_segmentation/masks/val/ISIC_0011159.png,raw/isic/images/ISIC_0011159.jpg,raw/isic/masks/ISIC_0011159_segmentation.png
isic_2018_task1_2,segmentation,train,ISIC_0011161,lesion,processed/isic_segmentation/images/train/ISIC_0011161.jpg,processed/isic_segmentation/masks/train/ISIC_0011161.png,raw/isic/images/ISIC_0011161.jpg,raw/isic/masks/ISIC_0011161_segmentation.png
isic_2018_task1_2,segmentation,val,ISIC_0011162,lesion,processed/isic_segmentation/images/val/ISIC_0011162.jpg,processed/isic_segmentation/masks/val/ISIC_0011162.png,raw/isic/images/ISIC_0011162.jpg,raw/isic/masks/ISIC_0011162_segmentation.png
isic_2018_task1_2,segmentation,val,ISIC_0011163,lesion,processed/isic_segmentation/images/val/ISIC_0011163.jpg,processed/isic_segmentation/masks/val/ISIC_0011163.png,raw/isic/images/ISIC_0011163.jpg,raw/isic/masks/ISIC_0011163_segmentation.png
isic_2018_task1_2,segmentation,train,ISIC_0011164,lesion,processed/isic_segmentation/images/train/ISIC_0011164.jpg,processed/isic_segmentation/masks/train/ISIC_0011164.png,raw/isic/images/ISIC_0011164.jpg,raw/isic/masks/ISIC_0011164_segmentation.png
isic_2018_task1_2,segmentation,val,ISIC_0011165,lesion,processed/isic_segmentation/images/val/ISIC_0011165.jpg,processed/isic_segmentation/masks/val/ISIC_0011165.png,raw/isic/images/ISIC_0011165.jpg,raw/isic/masks/ISIC_0011165_segmentation.png
isic_2018_task1_2,segmentation,val,ISIC_0011166,lesion,processed/isic_segmentation/images/val/ISIC_0011166.jpg,processed/isic_segmentation/masks/val/ISIC_0011166.png,raw/isic/images/ISIC_0011166.jpg,raw/isic/masks/ISIC_0011166_segmentation.png
isic_2018_task1_2,segmentation,val,ISIC_0011167,lesion,processed/isic_segmentation/images/val/ISIC_0011167.jpg,processed/isic_segmentation/masks/val/ISIC_0011167.png,raw/isic/images/ISIC_0011167.jpg,raw/isic/masks/ISIC_0011167_segmentation.png
isic_2018_task1_2,segmentation,train,ISIC_0011168,lesion,processed/isic_segmentation/images/train/ISIC_0011168.jpg,processed/isic_segmentation/masks/train/ISIC_0011168.png,raw/isic/images/ISIC_0011168.jpg,raw/isic/masks/ISIC_0011168_segmentation.png
isic_2018_task1_2,segmentation,train,ISIC_0011169,lesion,processed/isic_segmentation/images/train/ISIC_0011169.jpg,processed/isic_segmentation/masks/train/ISIC_0011169.png,raw/isic/images/ISIC_0011169.jpg,raw/isic/masks/ISIC_0011169_segmentation.png
isic_2018_task1_2,segmentation,train,ISIC_0011170,lesion,processed/isic_segmentation/images/train/ISIC_0011170.jpg,processed/isic_segmentation/masks/train/ISIC_0011170.png,raw/isic/images/ISIC_0011170.jpg,raw/isic/masks/ISIC_0011170_segmentation.png
isic_2018_task1_2,segmentation,val,ISIC_0011171,lesion,processed/isic_segmentation/images/val/ISIC_0011171.jpg,processed/isic_segmentation/masks/val/ISIC_0011171.png,raw/isic/images/ISIC_0011171.jpg,raw/isic/masks/ISIC_0011171_segmentation.png
isic_2018_task1_2,segmentation,train,ISIC_0011173,lesion,processed/isic_segmentation/images/train/ISIC_0011173.jpg,processed/isic_segmentation/masks/train/ISIC_0011173.png,raw/isic/images/ISIC_0011173.jpg,raw/isic/masks/ISIC_0011173_segmentation.png
isic_2018_task1_2,segmentation,train,ISIC_0011176,lesion,processed/isic_segmentation/images/train/ISIC_0011176.jpg,processed/isic_segmentation/masks/train/ISIC_0011176.png,raw/isic/images/ISIC_0011176.jpg,raw/isic/masks/ISIC_0011176_segmentation.png
isic_2018_task1_2,segmentation,train,ISIC_0011177,lesion,processed/isic_segmentation/images/train/ISIC_0011177.jpg,processed/isic_segmentation/masks/train/ISIC_0011177.png,raw/isic/images/ISIC_0011177.jpg,raw/isic/masks/ISIC_0011177_segmentation.png
isic_2018_task1_2,segmentation,val,ISIC_0011199,lesion,processed/isic_segmentation/images/val/ISIC_0011199.jpg,processed/isic_segmentation/masks/val/ISIC_0011199.png,raw/isic/images/ISIC_0011199.jpg,raw/isic/masks/ISIC_0011199_segmentation.png
isic_2018_task1_2,segmentation,train,ISIC_0011202,lesion,processed/isic_segmentation/images/train/ISIC_0011202.jpg,processed/isic_segmentation/masks/train/ISIC_0011202.png,raw/isic/images/ISIC_0011202.jpg,raw/isic/masks/ISIC_0011202_segmentation.png
isic_2018_task1_2,segmentation,train,ISIC_0011203,lesion,processed/isic_segmentation/images/train/ISIC_0011203.jpg,processed/isic_segmentation/masks/train/ISIC_0011203.png,raw/isic/images/ISIC_0011203.jpg,raw/isic/masks/ISIC_0011203_segmentation.png
isic_2018_task1_2,segmentation,train,ISIC_0011204,lesion,processed/isic_segmentation/images/train/ISIC_0011204.jpg,processed/isic_segmentation/masks/train/ISIC_0011204.png,raw/isic/images/ISIC_0011204.jpg,raw/isic/masks/ISIC_0011204_segmentation.png
isic_2018_task1_2,segmentation,train,ISIC_0011205,lesion,processed/isic_segmentation/images/train/ISIC_0011205.jpg,processed/isic_segmentation/masks/train/ISIC_0011205.png,raw/isic/images/ISIC_0011205.jpg,raw/isic/masks/ISIC_0011205_segmentation.png
isic_2018_task1_2,segmentation,train,ISIC_0011207,lesion,processed/isic_segmentation/images/train/ISIC_0011207.jpg,processed/isic_segmentation/masks/train/ISIC_0011207.png,raw/isic/images/ISIC_0011207.jpg,raw/isic/masks/ISIC_0011207_segmentation.png
isic_2018_task1_2,segmentation,train,ISIC_0011208,lesion,processed/isic_segmentation/images/train/ISIC_0011208.jpg,processed/isic_segmentation/masks/train/ISIC_0011208.png,raw/isic/images/ISIC_0011208.jpg,raw/isic/masks/ISIC_0011208_segmentation.png
isic_2018_task1_2,segmentation,val,ISIC_0011210,lesion,processed/isic_segmentation/images/val/ISIC_0011210.jpg,processed/isic_segmentation/masks/val/ISIC_0011210.png,raw/isic/images/ISIC_0011210.jpg,raw/isic/masks/ISIC_0011210_segmentation.png
isic_2018_task1_2,segmentation,train,ISIC_0011211,lesion,processed/isic_segmentation/images/train/ISIC_0011211.jpg,processed/isic_segmentation/masks/train/ISIC_0011211.png,raw/isic/images/ISIC_0011211.jpg,raw/isic/masks/ISIC_0011211_segmentation.png
isic_2018_task1_2,segmentation,train,ISIC_0011212,lesion,processed/isic_segmentation/images/train/ISIC_0011212.jpg,processed/isic_segmentation/masks/train/ISIC_0011212.png,raw/isic/images/ISIC_0011212.jpg,raw/isic/masks/ISIC_0011212_segmentation.png
isic_2018_task1_2,segmentation,train,ISIC_0011213,lesion,processed/isic_segmentation/images/train/ISIC_0011213.jpg,processed/isic_segmentation/masks/train/ISIC_0011213.png,raw/isic/images/ISIC_0011213.jpg,raw/isic/masks/ISIC_0011213_segmentation.png
isic_2018_task1_2,segmentation,train,ISIC_0011214,lesion,processed/isic_segmentation/images/train/ISIC_0011214.jpg,processed/isic_segmentation/masks/train/ISIC_0011214.png,raw/isic/images/ISIC_0011214.jpg,raw/isic/masks/ISIC_0011214_segmentation.png
isic_2018_task1_2,segmentation,val,ISIC_0011218,lesion,processed/isic_segmentation/images/val/ISIC_0011218.jpg,processed/isic_segmentation/masks/val/ISIC_0011218.png,raw/isic/images/ISIC_0011218.jpg,raw/isic/masks/ISIC_0011218_segmentation.png
isic_2018_task1_2,segmentation,train,ISIC_0011219,lesion,processed/isic_segmentation/images/train/ISIC_0011219.jpg,processed/isic_segmentation/masks/train/ISIC_0011219.png,raw/isic/images/ISIC_0011219.jpg,raw/isic/masks/ISIC_0011219_segmentation.png
isic_2018_task1_2,segmentation,train,ISIC_0011220,lesion,processed/isic_segmentation/images/train/ISIC_0011220.jpg,processed/isic_segmentation/masks/train/ISIC_0011220.png,raw/isic/images/ISIC_0011220.jpg,raw/isic/masks/ISIC_0011220_segmentation.png
isic_2018_task1_2,segmentation,train,ISIC_0011223,lesion,processed/isic_segmentation/images/train/ISIC_0011223.jpg,processed/isic_segmentation/masks/train/ISIC_0011223.png,raw/isic/images/ISIC_0011223.jpg,raw/isic/masks/ISIC_0011223_segmentation.png
isic_2018_task1_2,segmentation,val,ISIC_0011224,lesion,processed/isic_segmentation/images/val/ISIC_0011224.jpg,processed/isic_segmentation/masks/val/ISIC_0011224.png,raw/isic/images/ISIC_0011224.jpg,raw/isic/masks/ISIC_0011224_segmentation.png
isic_2018_task1_2,segmentation,train,ISIC_0011225,lesion,processed/isic_segmentation/images/train/ISIC_0011225.jpg,processed/isic_segmentation/masks/train/ISIC_0011225.png,raw/isic/images/ISIC_0011225.jpg,raw/isic/masks/ISIC_0011225_segmentation.png
isic_2018_task1_2,segmentation,train,ISIC_0011227,lesion,processed/isic_segmentation/images/train/ISIC_0011227.jpg,processed/isic_segmentation/masks/train/ISIC_0011227.png,raw/isic/images/ISIC_0011227.jpg,raw/isic/masks/ISIC_0011227_segmentation.png
isic_2018_task1_2,segmentation,train,ISIC_0011228,lesion,processed/isic_segmentation/images/train/ISIC_0011228.jpg,processed/isic_segmentation/masks/train/ISIC_0011228.png,raw/isic/images/ISIC_0011228.jpg,raw/isic/masks/ISIC_0011228_segmentation.png
isic_2018_task1_2,segmentation,train,ISIC_0011229,lesion,processed/isic_segmentation/images/train/ISIC_0011229.jpg,processed/isic_segmentation/masks/train/ISIC_0011229.png,raw/isic/images/ISIC_0011229.jpg,raw/isic/masks/ISIC_0011229_segmentation.png
isic_2018_task1_2,segmentation,train,ISIC_0011230,lesion,processed/isic_segmentation/images/train/ISIC_0011230.jpg,processed/isic_segmentation/masks/train/ISIC_0011230.png,raw/isic/images/ISIC_0011230.jpg,raw/isic/masks/ISIC_0011230_segmentation.png
isic_2018_task1_2,segmentation,train,ISIC_0011292,lesion,processed/isic_segmentation/images/train/ISIC_0011292.jpg,processed/isic_segmentation/masks/train/ISIC_0011292.png,raw/isic/images/ISIC_0011292.jpg,raw/isic/masks/ISIC_0011292_segmentation.png
isic_2018_task1_2,segmentation,train,ISIC_0011294,lesion,processed/isic_segmentation/images/train/ISIC_0011294.jpg,processed/isic_segmentation/masks/train/ISIC_0011294.png,raw/isic/images/ISIC_0011294.jpg,raw/isic/masks/ISIC_0011294_segmentation.png
isic_2018_task1_2,segmentation,train,ISIC_0011295,lesion,processed/isic_segmentation/images/train/ISIC_0011295.jpg,processed/isic_segmentation/masks/train/ISIC_0011295.png,raw/isic/images/ISIC_0011295.jpg,raw/isic/masks/ISIC_0011295_segmentation.png
isic_2018_task1_2,segmentation,train,ISIC_0011296,lesion,processed/isic_segmentation/images/train/ISIC_0011296.jpg,processed/isic_segmentation/masks/train/ISIC_0011296.png,raw/isic/images/ISIC_0011296.jpg,raw/isic/masks/ISIC_0011296_segmentation.png
isic_2018_task1_2,segmentation,train,ISIC_0011297,lesion,processed/isic_segmentation/images/train/ISIC_0011297.jpg,processed/isic_segmentation/masks/train/ISIC_0011297.png,raw/isic/images/ISIC_0011297.jpg,raw/isic/masks/ISIC_0011297_segmentation.png
isic_2018_task1_2,segmentation,train,ISIC_0011298,lesion,processed/isic_segmentation/images/train/ISIC_0011298.jpg,processed/isic_segmentation/masks/train/ISIC_0011298.png,raw/isic/images/ISIC_0011298.jpg,raw/isic/masks/ISIC_0011298_segmentation.png
isic_2018_task1_2,segmentation,train,ISIC_0011300,lesion,processed/isic_segmentation/images/train/ISIC_0011300.jpg,processed/isic_segmentation/masks/train/ISIC_0011300.png,raw/isic/images/ISIC_0011300.jpg,raw/isic/masks/ISIC_0011300_segmentation.png
isic_2018_task1_2,segmentation,train,ISIC_0011301,lesion,processed/isic_segmentation/images/train/ISIC_0011301.jpg,processed/isic_segmentation/masks/train/ISIC_0011301.png,raw/isic/images/ISIC_0011301.jpg,raw/isic/masks/ISIC_0011301_segmentation.png
isic_2018_task1_2,segmentation,train,ISIC_0011303,lesion,processed/isic_segmentation/images/train/ISIC_0011303.jpg,processed/isic_segmentation/masks/train/ISIC_0011303.png,raw/isic/images/ISIC_0011303.jpg,raw/isic/masks/ISIC_0011303_segmentation.png
isic_2018_task1_2,segmentation,test,ISIC_0011304,lesion,processed/isic_segmentation/images/test/ISIC_0011304.jpg,processed/isic_segmentation/masks/test/ISIC_0011304.png,raw/isic/images/ISIC_0011304.jpg,raw/isic/masks/ISIC_0011304_segmentation.png
isic_2018_task1_2,segmentation,train,ISIC_0011305,lesion,processed/isic_segmentation/images/train/ISIC_0011305.jpg,processed/isic_segmentation/masks/train/ISIC_0011305.png,raw/isic/images/ISIC_0011305.jpg,raw/isic/masks/ISIC_0011305_segmentation.png
isic_2018_task1_2,segmentation,val,ISIC_0011306,lesion,processed/isic_segmentation/images/val/ISIC_0011306.jpg,processed/isic_segmentation/masks/val/ISIC_0011306.png,raw/isic/images/ISIC_0011306.jpg,raw/isic/masks/ISIC_0011306_segmentation.png
isic_2018_task1_2,segmentation,train,ISIC_0011315,lesion,processed/isic_segmentation/images/train/ISIC_0011315.jpg,processed/isic_segmentation/masks/train/ISIC_0011315.png,raw/isic/images/ISIC_0011315.jpg,raw/isic/masks/ISIC_0011315_segmentation.png
isic_2018_task1_2,segmentation,train,ISIC_0011317,lesion,processed/isic_segmentation/images/train/ISIC_0011317.jpg,processed/isic_segmentation/masks/train/ISIC_0011317.png,raw/isic/images/ISIC_0011317.jpg,raw/isic/masks/ISIC_0011317_segmentation.png
isic_2018_task1_2,segmentation,train,ISIC_0011322,lesion,processed/isic_segmentation/images/train/ISIC_0011322.jpg,processed/isic_segmentation/masks/train/ISIC_0011322.png,raw/isic/images/ISIC_0011322.jpg,raw/isic/masks/ISIC_0011322_segmentation.png
isic_2018_task1_2,segmentation,train,ISIC_0011323,lesion,processed/isic_segmentation/images/train/ISIC_0011323.jpg,processed/isic_segmentation/masks/train/ISIC_0011323.png,raw/isic/images/ISIC_0011323.jpg,raw/isic/masks/ISIC_0011323_segmentation.png
isic_2018_task1_2,segmentation,train,ISIC_0011324,lesion,processed/isic_segmentation/images/train/ISIC_0011324.jpg,processed/isic_segmentation/masks/train/ISIC_0011324.png,raw/isic/images/ISIC_0011324.jpg,raw/isic/masks/ISIC_0011324_segmentation.png
isic_2018_task1_2,segmentation,train,ISIC_0011326,lesion,processed/isic_segmentation/images/train/ISIC_0011326.jpg,processed/isic_segmentation/masks/train/ISIC_0011326.png,raw/isic/images/ISIC_0011326.jpg,raw/isic/masks/ISIC_0011326_segmentation.png
isic_2018_task1_2,segmentation,train,ISIC_0011327,lesion,processed/isic_segmentation/images/train/ISIC_0011327.jpg,processed/isic_segmentation/masks/train/ISIC_0011327.png,raw/isic/images/ISIC_0011327.jpg,raw/isic/masks/ISIC_0011327_segmentation.png
isic_2018_task1_2,segmentation,train,ISIC_0011328,lesion,processed/isic_segmentation/images/train/ISIC_0011328.jpg,processed/isic_segmentation/masks/train/ISIC_0011328.png,raw/isic/images/ISIC_0011328.jpg,raw/isic/masks/ISIC_0011328_segmentation.png
isic_2018_task1_2,segmentation,train,ISIC_0011329,lesion,processed/isic_segmentation/images/train/ISIC_0011329.jpg,processed/isic_segmentation/masks/train/ISIC_0011329.png,raw/isic/images/ISIC_0011329.jpg,raw/isic/masks/ISIC_0011329_segmentation.png
isic_2018_task1_2,segmentation,train,ISIC_0011330,lesion,processed/isic_segmentation/images/train/ISIC_0011330.jpg,processed/isic_segmentation/masks/train/ISIC_0011330.png,raw/isic/images/ISIC_0011330.jpg,raw/isic/masks/ISIC_0011330_segmentation.png
isic_2018_task1_2,segmentation,val,ISIC_0011333,lesion,processed/isic_segmentation/images/val/ISIC_0011333.jpg,processed/isic_segmentation/masks/val/ISIC_0011333.png,raw/isic/images/ISIC_0011333.jpg,raw/isic/masks/ISIC_0011333_segmentation.png
isic_2018_task1_2,segmentation,train,ISIC_0011334,lesion,processed/isic_segmentation/images/train/ISIC_0011334.jpg,processed/isic_segmentation/masks/train/ISIC_0011334.png,raw/isic/images/ISIC_0011334.jpg,raw/isic/masks/ISIC_0011334_segmentation.png
isic_2018_task1_2,segmentation,test,ISIC_0011336,lesion,processed/isic_segmentation/images/test/ISIC_0011336.jpg,processed/isic_segmentation/masks/test/ISIC_0011336.png,raw/isic/images/ISIC_0011336.jpg,raw/isic/masks/ISIC_0011336_segmentation.png
isic_2018_task1_2,segmentation,train,ISIC_0011338,lesion,processed/isic_segmentation/images/train/ISIC_0011338.jpg,processed/isic_segmentation/masks/train/ISIC_0011338.png,raw/isic/images/ISIC_0011338.jpg,raw/isic/masks/ISIC_0011338_segmentation.png
isic_2018_task1_2,segmentation,train,ISIC_0011339,lesion,processed/isic_segmentation/images/train/ISIC_0011339.jpg,processed/isic_segmentation/masks/train/ISIC_0011339.png,raw/isic/images/ISIC_0011339.jpg,raw/isic/masks/ISIC_0011339_segmentation.png
isic_2018_task1_2,segmentation,train,ISIC_0011341,lesion,processed/isic_segmentation/images/train/ISIC_0011341.jpg,processed/isic_segmentation/masks/train/ISIC_0011341.png,raw/isic/images/ISIC_0011341.jpg,raw/isic/masks/ISIC_0011341_segmentation.png
isic_2018_task1_2,segmentation,test,ISIC_0011343,lesion,processed/isic_segmentation/images/test/ISIC_0011343.jpg,processed/isic_segmentation/masks/test/ISIC_0011343.png,raw/isic/images/ISIC_0011343.jpg,raw/isic/masks/ISIC_0011343_segmentation.png
isic_2018_task1_2,segmentation,test,ISIC_0011344,lesion,processed/isic_segmentation/images/test/ISIC_0011344.jpg,processed/isic_segmentation/masks/test/ISIC_0011344.png,raw/isic/images/ISIC_0011344.jpg,raw/isic/masks/ISIC_0011344_segmentation.png
isic_2018_task1_2,segmentation,train,ISIC_0011345,lesion,processed/isic_segmentation/images/train/ISIC_0011345.jpg,processed/isic_segmentation/masks/train/ISIC_0011345.png,raw/isic/images/ISIC_0011345.jpg,raw/isic/masks/ISIC_0011345_segmentation.png
isic_2018_task1_2,segmentation,train,ISIC_0011347,lesion,processed/isic_segmentation/images/train/ISIC_0011347.jpg,processed/isic_segmentation/masks/train/ISIC_0011347.png,raw/isic/images/ISIC_0011347.jpg,raw/isic/masks/ISIC_0011347_segmentation.png
isic_2018_task1_2,segmentation,train,ISIC_0011348,lesion,processed/isic_segmentation/images/train/ISIC_0011348.jpg,processed/isic_segmentation/masks/train/ISIC_0011348.png,raw/isic/images/ISIC_0011348.jpg,raw/isic/masks/ISIC_0011348_segmentation.png
isic_2018_task1_2,segmentation,val,ISIC_0011349,lesion,processed/isic_segmentation/images/val/ISIC_0011349.jpg,processed/isic_segmentation/masks/val/ISIC_0011349.png,raw/isic/images/ISIC_0011349.jpg,raw/isic/masks/ISIC_0011349_segmentation.png
isic_2018_task1_2,segmentation,test,ISIC_0011352,lesion,processed/isic_segmentation/images/test/ISIC_0011352.jpg,processed/isic_segmentation/masks/test/ISIC_0011352.png,raw/isic/images/ISIC_0011352.jpg,raw/isic/masks/ISIC_0011352_segmentation.png
isic_2018_task1_2,segmentation,train,ISIC_0011353,lesion,processed/isic_segmentation/images/train/ISIC_0011353.jpg,processed/isic_segmentation/masks/train/ISIC_0011353.png,raw/isic/images/ISIC_0011353.jpg,raw/isic/masks/ISIC_0011353_segmentation.png
isic_2018_task1_2,segmentation,val,ISIC_0011356,lesion,processed/isic_segmentation/images/val/ISIC_0011356.jpg,processed/isic_segmentation/masks/val/ISIC_0011356.png,raw/isic/images/ISIC_0011356.jpg,raw/isic/masks/ISIC_0011356_segmentation.png
isic_2018_task1_2,segmentation,val,ISIC_0011357,lesion,processed/isic_segmentation/images/val/ISIC_0011357.jpg,processed/isic_segmentation/masks/val/ISIC_0011357.png,raw/isic/images/ISIC_0011357.jpg,raw/isic/masks/ISIC_0011357_segmentation.png
isic_2018_task1_2,segmentation,test,ISIC_0011358,lesion,processed/isic_segmentation/images/test/ISIC_0011358.jpg,processed/isic_segmentation/masks/test/ISIC_0011358.png,raw/isic/images/ISIC_0011358.jpg,raw/isic/masks/ISIC_0011358_segmentation.png
isic_2018_task1_2,segmentation,train,ISIC_0011359,lesion,processed/isic_segmentation/images/train/ISIC_0011359.jpg,processed/isic_segmentation/masks/train/ISIC_0011359.png,raw/isic/images/ISIC_0011359.jpg,raw/isic/masks/ISIC_0011359_segmentation.png
isic_2018_task1_2,segmentation,train,ISIC_0011360,lesion,processed/isic_segmentation/images/train/ISIC_0011360.jpg,processed/isic_segmentation/masks/train/ISIC_0011360.png,raw/isic/images/ISIC_0011360.jpg,raw/isic/masks/ISIC_0011360_segmentation.png
isic_2018_task1_2,segmentation,train,ISIC_0011361,lesion,processed/isic_segmentation/images/train/ISIC_0011361.jpg,processed/isic_segmentation/masks/train/ISIC_0011361.png,raw/isic/images/ISIC_0011361.jpg,raw/isic/masks/ISIC_0011361_segmentation.png
isic_2018_task1_2,segmentation,train,ISIC_0011362,lesion,processed/isic_segmentation/images/train/ISIC_0011362.jpg,processed/isic_segmentation/masks/train/ISIC_0011362.png,raw/isic/images/ISIC_0011362.jpg,raw/isic/masks/ISIC_0011362_segmentation.png
isic_2018_task1_2,segmentation,train,ISIC_0011363,lesion,processed/isic_segmentation/images/train/ISIC_0011363.jpg,processed/isic_segmentation/masks/train/ISIC_0011363.png,raw/isic/images/ISIC_0011363.jpg,raw/isic/masks/ISIC_0011363_segmentation.png
isic_2018_task1_2,segmentation,train,ISIC_0011366,lesion,processed/isic_segmentation/images/train/ISIC_0011366.jpg,processed/isic_segmentation/masks/train/ISIC_0011366.png,raw/isic/images/ISIC_0011366.jpg,raw/isic/masks/ISIC_0011366_segmentation.png
isic_2018_task1_2,segmentation,test,ISIC_0011367,lesion,processed/isic_segmentation/images/test/ISIC_0011367.jpg,processed/isic_segmentation/masks/test/ISIC_0011367.png,raw/isic/images/ISIC_0011367.jpg,raw/isic/masks/ISIC_0011367_segmentation.png
isic_2018_task1_2,segmentation,train,ISIC_0011372,lesion,processed/isic_segmentation/images/train/ISIC_0011372.jpg,processed/isic_segmentation/masks/train/ISIC_0011372.png,raw/isic/images/ISIC_0011372.jpg,raw/isic/masks/ISIC_0011372_segmentation.png
isic_2018_task1_2,segmentation,test,ISIC_0011373,lesion,processed/isic_segmentation/images/test/ISIC_0011373.jpg,processed/isic_segmentation/masks/test/ISIC_0011373.png,raw/isic/images/ISIC_0011373.jpg,raw/isic/masks/ISIC_0011373_segmentation.png
isic_2018_task1_2,segmentation,train,ISIC_0011374,lesion,processed/isic_segmentation/images/train/ISIC_0011374.jpg,processed/isic_segmentation/masks/train/ISIC_0011374.png,raw/isic/images/ISIC_0011374.jpg,raw/isic/masks/ISIC_0011374_segmentation.png
isic_2018_task1_2,segmentation,val,ISIC_0011378,lesion,processed/isic_segmentation/images/val/ISIC_0011378.jpg,processed/isic_segmentation/masks/val/ISIC_0011378.png,raw/isic/images/ISIC_0011378.jpg,raw/isic/masks/ISIC_0011378_segmentation.png
isic_2018_task1_2,segmentation,test,ISIC_0011382,lesion,processed/isic_segmentation/images/test/ISIC_0011382.jpg,processed/isic_segmentation/masks/test/ISIC_0011382.png,raw/isic/images/ISIC_0011382.jpg,raw/isic/masks/ISIC_0011382_segmentation.png
isic_2018_task1_2,segmentation,train,ISIC_0011383,lesion,processed/isic_segmentation/images/train/ISIC_0011383.jpg,processed/isic_segmentation/masks/train/ISIC_0011383.png,raw/isic/images/ISIC_0011383.jpg,raw/isic/masks/ISIC_0011383_segmentation.png
isic_2018_task1_2,segmentation,train,ISIC_0011384,lesion,processed/isic_segmentation/images/train/ISIC_0011384.jpg,processed/isic_segmentation/masks/train/ISIC_0011384.png,raw/isic/images/ISIC_0011384.jpg,raw/isic/masks/ISIC_0011384_segmentation.png
isic_2018_task1_2,segmentation,train,ISIC_0011385,lesion,processed/isic_segmentation/images/train/ISIC_0011385.jpg,processed/isic_segmentation/masks/train/ISIC_0011385.png,raw/isic/images/ISIC_0011385.jpg,raw/isic/masks/ISIC_0011385_segmentation.png
isic_2018_task1_2,segmentation,train,ISIC_0011386,lesion,processed/isic_segmentation/images/train/ISIC_0011386.jpg,processed/isic_segmentation/masks/train/ISIC_0011386.png,raw/isic/images/ISIC_0011386.jpg,raw/isic/masks/ISIC_0011386_segmentation.png
isic_2018_task1_2,segmentation,val,ISIC_0011387,lesion,processed/isic_segmentation/images/val/ISIC_0011387.jpg,processed/isic_segmentation/masks/val/ISIC_0011387.png,raw/isic/images/ISIC_0011387.jpg,raw/isic/masks/ISIC_0011387_segmentation.png
isic_2018_task1_2,segmentation,train,ISIC_0011390,lesion,processed/isic_segmentation/images/train/ISIC_0011390.jpg,processed/isic_segmentation/masks/train/ISIC_0011390.png,raw/isic/images/ISIC_0011390.jpg,raw/isic/masks/ISIC_0011390_segmentation.png
isic_2018_task1_2,segmentation,train,ISIC_0011393,lesion,processed/isic_segmentation/images/train/ISIC_0011393.jpg,processed/isic_segmentation/masks/train/ISIC_0011393.png,raw/isic/images/ISIC_0011393.jpg,raw/isic/masks/ISIC_0011393_segmentation.png
isic_2018_task1_2,segmentation,train,ISIC_0011397,lesion,processed/isic_segmentation/images/train/ISIC_0011397.jpg,processed/isic_segmentation/masks/train/ISIC_0011397.png,raw/isic/images/ISIC_0011397.jpg,raw/isic/masks/ISIC_0011397_segmentation.png
isic_2018_task1_2,segmentation,val,ISIC_0011398,lesion,processed/isic_segmentation/images/val/ISIC_0011398.jpg,processed/isic_segmentation/masks/val/ISIC_0011398.png,raw/isic/images/ISIC_0011398.jpg,raw/isic/masks/ISIC_0011398_segmentation.png
isic_2018_task1_2,segmentation,train,ISIC_0011402,lesion,processed/isic_segmentation/images/train/ISIC_0011402.jpg,processed/isic_segmentation/masks/train/ISIC_0011402.png,raw/isic/images/ISIC_0011402.jpg,raw/isic/masks/ISIC_0011402_segmentation.png
isic_2018_task1_2,segmentation,val,ISIC_0012086,lesion,processed/isic_segmentation/images/val/ISIC_0012086.jpg,processed/isic_segmentation/masks/val/ISIC_0012086.png,raw/isic/images/ISIC_0012086.jpg,raw/isic/masks/ISIC_0012086_segmentation.png
isic_2018_task1_2,segmentation,train,ISIC_0012089,lesion,processed/isic_segmentation/images/train/ISIC_0012089.jpg,processed/isic_segmentation/masks/train/ISIC_0012089.png,raw/isic/images/ISIC_0012089.jpg,raw/isic/masks/ISIC_0012089_segmentation.png
isic_2018_task1_2,segmentation,train,ISIC_0012090,lesion,processed/isic_segmentation/images/train/ISIC_0012090.jpg,processed/isic_segmentation/masks/train/ISIC_0012090.png,raw/isic/images/ISIC_0012090.jpg,raw/isic/masks/ISIC_0012090_segmentation.png
isic_2018_task1_2,segmentation,train,ISIC_0012092,lesion,processed/isic_segmentation/images/train/ISIC_0012092.jpg,processed/isic_segmentation/masks/train/ISIC_0012092.png,raw/isic/images/ISIC_0012092.jpg,raw/isic/masks/ISIC_0012092_segmentation.png
isic_2018_task1_2,segmentation,train,ISIC_0012094,lesion,processed/isic_segmentation/images/train/ISIC_0012094.jpg,processed/isic_segmentation/masks/train/ISIC_0012094.png,raw/isic/images/ISIC_0012094.jpg,raw/isic/masks/ISIC_0012094_segmentation.png
isic_2018_task1_2,segmentation,test,ISIC_0012095,lesion,processed/isic_segmentation/images/test/ISIC_0012095.jpg,processed/isic_segmentation/masks/test/ISIC_0012095.png,raw/isic/images/ISIC_0012095.jpg,raw/isic/masks/ISIC_0012095_segmentation.png
isic_2018_task1_2,segmentation,train,ISIC_0012097,lesion,processed/isic_segmentation/images/train/ISIC_0012097.jpg,processed/isic_segmentation/masks/train/ISIC_0012097.png,raw/isic/images/ISIC_0012097.jpg,raw/isic/masks/ISIC_0012097_segmentation.png
isic_2018_task1_2,segmentation,train,ISIC_0012099,lesion,processed/isic_segmentation/images/train/ISIC_0012099.jpg,processed/isic_segmentation/masks/train/ISIC_0012099.png,raw/isic/images/ISIC_0012099.jpg,raw/isic/masks/ISIC_0012099_segmentation.png
isic_2018_task1_2,segmentation,train,ISIC_0012102,lesion,processed/isic_segmentation/images/train/ISIC_0012102.jpg,processed/isic_segmentation/masks/train/ISIC_0012102.png,raw/isic/images/ISIC_0012102.jpg,raw/isic/masks/ISIC_0012102_segmentation.png
isic_2018_task1_2,segmentation,train,ISIC_0012105,lesion,processed/isic_segmentation/images/train/ISIC_0012105.jpg,processed/isic_segmentation/masks/train/ISIC_0012105.png,raw/isic/images/ISIC_0012105.jpg,raw/isic/masks/ISIC_0012105_segmentation.png
isic_2018_task1_2,segmentation,test,ISIC_0012107,lesion,processed/isic_segmentation/images/test/ISIC_0012107.jpg,processed/isic_segmentation/masks/test/ISIC_0012107.png,raw/isic/images/ISIC_0012107.jpg,raw/isic/masks/ISIC_0012107_segmentation.png
isic_2018_task1_2,segmentation,train,ISIC_0012108,lesion,processed/isic_segmentation/images/train/ISIC_0012108.jpg,processed/isic_segmentation/masks/train/ISIC_0012108.png,raw/isic/images/ISIC_0012108.jpg,raw/isic/masks/ISIC_0012108_segmentation.png
isic_2018_task1_2,segmentation,train,ISIC_0012109,lesion,processed/isic_segmentation/images/train/ISIC_0012109.jpg,processed/isic_segmentation/masks/train/ISIC_0012109.png,raw/isic/images/ISIC_0012109.jpg,raw/isic/masks/ISIC_0012109_segmentation.png
isic_2018_task1_2,segmentation,train,ISIC_0012116,lesion,processed/isic_segmentation/images/train/ISIC_0012116.jpg,processed/isic_segmentation/masks/train/ISIC_0012116.png,raw/isic/images/ISIC_0012116.jpg,raw/isic/masks/ISIC_0012116_segmentation.png
isic_2018_task1_2,segmentation,val,ISIC_0012118,lesion,processed/isic_segmentation/images/val/ISIC_0012118.jpg,processed/isic_segmentation/masks/val/ISIC_0012118.png,raw/isic/images/ISIC_0012118.jpg,raw/isic/masks/ISIC_0012118_segmentation.png
isic_2018_task1_2,segmentation,val,ISIC_0012126,lesion,processed/isic_segmentation/images/val/ISIC_0012126.jpg,processed/isic_segmentation/masks/val/ISIC_0012126.png,raw/isic/images/ISIC_0012126.jpg,raw/isic/masks/ISIC_0012126_segmentation.png
isic_2018_task1_2,segmentation,train,ISIC_0012127,lesion,processed/isic_segmentation/images/train/ISIC_0012127.jpg,processed/isic_segmentation/masks/train/ISIC_0012127.png,raw/isic/images/ISIC_0012127.jpg,raw/isic/masks/ISIC_0012127_segmentation.png
isic_2018_task1_2,segmentation,train,ISIC_0012134,lesion,processed/isic_segmentation/images/train/ISIC_0012134.jpg,processed/isic_segmentation/masks/train/ISIC_0012134.png,raw/isic/images/ISIC_0012134.jpg,raw/isic/masks/ISIC_0012134_segmentation.png
isic_2018_task1_2,segmentation,val,ISIC_0012135,lesion,processed/isic_segmentation/images/val/ISIC_0012135.jpg,processed/isic_segmentation/masks/val/ISIC_0012135.png,raw/isic/images/ISIC_0012135.jpg,raw/isic/masks/ISIC_0012135_segmentation.png
isic_2018_task1_2,segmentation,train,ISIC_0012136,lesion,processed/isic_segmentation/images/train/ISIC_0012136.jpg,processed/isic_segmentation/masks/train/ISIC_0012136.png,raw/isic/images/ISIC_0012136.jpg,raw/isic/masks/ISIC_0012136_segmentation.png
isic_2018_task1_2,segmentation,val,ISIC_0012137,lesion,processed/isic_segmentation/images/val/ISIC_0012137.jpg,processed/isic_segmentation/masks/val/ISIC_0012137.png,raw/isic/images/ISIC_0012137.jpg,raw/isic/masks/ISIC_0012137_segmentation.png
isic_2018_task1_2,segmentation,test,ISIC_0012143,lesion,processed/isic_segmentation/images/test/ISIC_0012143.jpg,processed/isic_segmentation/masks/test/ISIC_0012143.png,raw/isic/images/ISIC_0012143.jpg,raw/isic/masks/ISIC_0012143_segmentation.png
isic_2018_task1_2,segmentation,test,ISIC_0012147,lesion,processed/isic_segmentation/images/test/ISIC_0012147.jpg,processed/isic_segmentation/masks/test/ISIC_0012147.png,raw/isic/images/ISIC_0012147.jpg,raw/isic/masks/ISIC_0012147_segmentation.png
isic_2018_task1_2,segmentation,train,ISIC_0012148,lesion,processed/isic_segmentation/images/train/ISIC_0012148.jpg,processed/isic_segmentation/masks/train/ISIC_0012148.png,raw/isic/images/ISIC_0012148.jpg,raw/isic/masks/ISIC_0012148_segmentation.png
isic_2018_task1_2,segmentation,train,ISIC_0012149,lesion,processed/isic_segmentation/images/train/ISIC_0012149.jpg,processed/isic_segmentation/masks/train/ISIC_0012149.png,raw/isic/images/ISIC_0012149.jpg,raw/isic/masks/ISIC_0012149_segmentation.png
isic_2018_task1_2,segmentation,train,ISIC_0012151,lesion,processed/isic_segmentation/images/train/ISIC_0012151.jpg,processed/isic_segmentation/masks/train/ISIC_0012151.png,raw/isic/images/ISIC_0012151.jpg,raw/isic/masks/ISIC_0012151_segmentation.png
isic_2018_task1_2,segmentation,train,ISIC_0012155,lesion,processed/isic_segmentation/images/train/ISIC_0012155.jpg,processed/isic_segmentation/masks/train/ISIC_0012155.png,raw/isic/images/ISIC_0012155.jpg,raw/isic/masks/ISIC_0012155_segmentation.png
isic_2018_task1_2,segmentation,train,ISIC_0012156,lesion,processed/isic_segmentation/images/train/ISIC_0012156.jpg,processed/isic_segmentation/masks/train/ISIC_0012156.png,raw/isic/images/ISIC_0012156.jpg,raw/isic/masks/ISIC_0012156_segmentation.png
isic_2018_task1_2,segmentation,train,ISIC_0012159,lesion,processed/isic_segmentation/images/train/ISIC_0012159.jpg,processed/isic_segmentation/masks/train/ISIC_0012159.png,raw/isic/images/ISIC_0012159.jpg,raw/isic/masks/ISIC_0012159_segmentation.png
isic_2018_task1_2,segmentation,train,ISIC_0012160,lesion,processed/isic_segmentation/images/train/ISIC_0012160.jpg,processed/isic_segmentation/masks/train/ISIC_0012160.png,raw/isic/images/ISIC_0012160.jpg,raw/isic/masks/ISIC_0012160_segmentation.png
isic_2018_task1_2,segmentation,train,ISIC_0012164,lesion,processed/isic_segmentation/images/train/ISIC_0012164.jpg,processed/isic_segmentation/masks/train/ISIC_0012164.png,raw/isic/images/ISIC_0012164.jpg,raw/isic/masks/ISIC_0012164_segmentation.png
isic_2018_task1_2,segmentation,train,ISIC_0012167,lesion,processed/isic_segmentation/images/train/ISIC_0012167.jpg,processed/isic_segmentation/masks/train/ISIC_0012167.png,raw/isic/images/ISIC_0012167.jpg,raw/isic/masks/ISIC_0012167_segmentation.png
isic_2018_task1_2,segmentation,val,ISIC_0012173,lesion,processed/isic_segmentation/images/val/ISIC_0012173.jpg,processed/isic_segmentation/masks/val/ISIC_0012173.png,raw/isic/images/ISIC_0012173.jpg,raw/isic/masks/ISIC_0012173_segmentation.png
isic_2018_task1_2,segmentation,train,ISIC_0012177,lesion,processed/isic_segmentation/images/train/ISIC_0012177.jpg,processed/isic_segmentation/masks/train/ISIC_0012177.png,raw/isic/images/ISIC_0012177.jpg,raw/isic/masks/ISIC_0012177_segmentation.png
isic_2018_task1_2,segmentation,val,ISIC_0012178,lesion,processed/isic_segmentation/images/val/ISIC_0012178.jpg,processed/isic_segmentation/masks/val/ISIC_0012178.png,raw/isic/images/ISIC_0012178.jpg,raw/isic/masks/ISIC_0012178_segmentation.png
isic_2018_task1_2,segmentation,train,ISIC_0012179,lesion,processed/isic_segmentation/images/train/ISIC_0012179.jpg,processed/isic_segmentation/masks/train/ISIC_0012179.png,raw/isic/images/ISIC_0012179.jpg,raw/isic/masks/ISIC_0012179_segmentation.png
isic_2018_task1_2,segmentation,train,ISIC_0012182,lesion,processed/isic_segmentation/images/train/ISIC_0012182.jpg,processed/isic_segmentation/masks/train/ISIC_0012182.png,raw/isic/images/ISIC_0012182.jpg,raw/isic/masks/ISIC_0012182_segmentation.png
isic_2018_task1_2,segmentation,train,ISIC_0012187,lesion,processed/isic_segmentation/images/train/ISIC_0012187.jpg,processed/isic_segmentation/masks/train/ISIC_0012187.png,raw/isic/images/ISIC_0012187.jpg,raw/isic/masks/ISIC_0012187_segmentation.png
isic_2018_task1_2,segmentation,train,ISIC_0012191,lesion,processed/isic_segmentation/images/train/ISIC_0012191.jpg,processed/isic_segmentation/masks/train/ISIC_0012191.png,raw/isic/images/ISIC_0012191.jpg,raw/isic/masks/ISIC_0012191_segmentation.png
isic_2018_task1_2,segmentation,test,ISIC_0012201,lesion,processed/isic_segmentation/images/test/ISIC_0012201.jpg,processed/isic_segmentation/masks/test/ISIC_0012201.png,raw/isic/images/ISIC_0012201.jpg,raw/isic/masks/ISIC_0012201_segmentation.png
isic_2018_task1_2,segmentation,train,ISIC_0012203,lesion,processed/isic_segmentation/images/train/ISIC_0012203.jpg,processed/isic_segmentation/masks/train/ISIC_0012203.png,raw/isic/images/ISIC_0012203.jpg,raw/isic/masks/ISIC_0012203_segmentation.png
isic_2018_task1_2,segmentation,val,ISIC_0012204,lesion,processed/isic_segmentation/images/val/ISIC_0012204.jpg,processed/isic_segmentation/masks/val/ISIC_0012204.png,raw/isic/images/ISIC_0012204.jpg,raw/isic/masks/ISIC_0012204_segmentation.png
isic_2018_task1_2,segmentation,val,ISIC_0012205,lesion,processed/isic_segmentation/images/val/ISIC_0012205.jpg,processed/isic_segmentation/masks/val/ISIC_0012205.png,raw/isic/images/ISIC_0012205.jpg,raw/isic/masks/ISIC_0012205_segmentation.png
isic_2018_task1_2,segmentation,test,ISIC_0012206,lesion,processed/isic_segmentation/images/test/ISIC_0012206.jpg,processed/isic_segmentation/masks/test/ISIC_0012206.png,raw/isic/images/ISIC_0012206.jpg,raw/isic/masks/ISIC_0012206_segmentation.png
isic_2018_task1_2,segmentation,train,ISIC_0012207,lesion,processed/isic_segmentation/images/train/ISIC_0012207.jpg,processed/isic_segmentation/masks/train/ISIC_0012207.png,raw/isic/images/ISIC_0012207.jpg,raw/isic/masks/ISIC_0012207_segmentation.png
isic_2018_task1_2,segmentation,val,ISIC_0012208,lesion,processed/isic_segmentation/images/val/ISIC_0012208.jpg,processed/isic_segmentation/masks/val/ISIC_0012208.png,raw/isic/images/ISIC_0012208.jpg,raw/isic/masks/ISIC_0012208_segmentation.png
isic_2018_task1_2,segmentation,val,ISIC_0012210,lesion,processed/isic_segmentation/images/val/ISIC_0012210.jpg,processed/isic_segmentation/masks/val/ISIC_0012210.png,raw/isic/images/ISIC_0012210.jpg,raw/isic/masks/ISIC_0012210_segmentation.png
isic_2018_task1_2,segmentation,val,ISIC_0012211,lesion,processed/isic_segmentation/images/val/ISIC_0012211.jpg,processed/isic_segmentation/masks/val/ISIC_0012211.png,raw/isic/images/ISIC_0012211.jpg,raw/isic/masks/ISIC_0012211_segmentation.png
isic_2018_task1_2,segmentation,test,ISIC_0012212,lesion,processed/isic_segmentation/images/test/ISIC_0012212.jpg,processed/isic_segmentation/masks/test/ISIC_0012212.png,raw/isic/images/ISIC_0012212.jpg,raw/isic/masks/ISIC_0012212_segmentation.png
isic_2018_task1_2,segmentation,val,ISIC_0012213,lesion,processed/isic_segmentation/images/val/ISIC_0012213.jpg,processed/isic_segmentation/masks/val/ISIC_0012213.png,raw/isic/images/ISIC_0012213.jpg,raw/isic/masks/ISIC_0012213_segmentation.png
isic_2018_task1_2,segmentation,train,ISIC_0012216,lesion,processed/isic_segmentation/images/train/ISIC_0012216.jpg,processed/isic_segmentation/masks/train/ISIC_0012216.png,raw/isic/images/ISIC_0012216.jpg,raw/isic/masks/ISIC_0012216_segmentation.png
isic_2018_task1_2,segmentation,val,ISIC_0012221,lesion,processed/isic_segmentation/images/val/ISIC_0012221.jpg,processed/isic_segmentation/masks/val/ISIC_0012221.png,raw/isic/images/ISIC_0012221.jpg,raw/isic/masks/ISIC_0012221_segmentation.png
isic_2018_task1_2,segmentation,train,ISIC_0012222,lesion,processed/isic_segmentation/images/train/ISIC_0012222.jpg,processed/isic_segmentation/masks/train/ISIC_0012222.png,raw/isic/images/ISIC_0012222.jpg,raw/isic/masks/ISIC_0012222_segmentation.png
isic_2018_task1_2,segmentation,train,ISIC_0012223,lesion,processed/isic_segmentation/images/train/ISIC_0012223.jpg,processed/isic_segmentation/masks/train/ISIC_0012223.png,raw/isic/images/ISIC_0012223.jpg,raw/isic/masks/ISIC_0012223_segmentation.png
isic_2018_task1_2,segmentation,train,ISIC_0012224,lesion,processed/isic_segmentation/images/train/ISIC_0012224.jpg,processed/isic_segmentation/masks/train/ISIC_0012224.png,raw/isic/images/ISIC_0012224.jpg,raw/isic/masks/ISIC_0012224_segmentation.png
isic_2018_task1_2,segmentation,test,ISIC_0012227,lesion,processed/isic_segmentation/images/test/ISIC_0012227.jpg,processed/isic_segmentation/masks/test/ISIC_0012227.png,raw/isic/images/ISIC_0012227.jpg,raw/isic/masks/ISIC_0012227_segmentation.png
isic_2018_task1_2,segmentation,val,ISIC_0012228,lesion,processed/isic_segmentation/images/val/ISIC_0012228.jpg,processed/isic_segmentation/masks/val/ISIC_0012228.png,raw/isic/images/ISIC_0012228.jpg,raw/isic/masks/ISIC_0012228_segmentation.png
isic_2018_task1_2,segmentation,val,ISIC_0012230,lesion,processed/isic_segmentation/images/val/ISIC_0012230.jpg,processed/isic_segmentation/masks/val/ISIC_0012230.png,raw/isic/images/ISIC_0012230.jpg,raw/isic/masks/ISIC_0012230_segmentation.png
isic_2018_task1_2,segmentation,val,ISIC_0012232,lesion,processed/isic_segmentation/images/val/ISIC_0012232.jpg,processed/isic_segmentation/masks/val/ISIC_0012232.png,raw/isic/images/ISIC_0012232.jpg,raw/isic/masks/ISIC_0012232_segmentation.png
isic_2018_task1_2,segmentation,test,ISIC_0012233,lesion,processed/isic_segmentation/images/test/ISIC_0012233.jpg,processed/isic_segmentation/masks/test/ISIC_0012233.png,raw/isic/images/ISIC_0012233.jpg,raw/isic/masks/ISIC_0012233_segmentation.png
isic_2018_task1_2,segmentation,val,ISIC_0012235,lesion,processed/isic_segmentation/images/val/ISIC_0012235.jpg,processed/isic_segmentation/masks/val/ISIC_0012235.png,raw/isic/images/ISIC_0012235.jpg,raw/isic/masks/ISIC_0012235_segmentation.png
isic_2018_task1_2,segmentation,val,ISIC_0012238,lesion,processed/isic_segmentation/images/val/ISIC_0012238.jpg,processed/isic_segmentation/masks/val/ISIC_0012238.png,raw/isic/images/ISIC_0012238.jpg,raw/isic/masks/ISIC_0012238_segmentation.png
isic_2018_task1_2,segmentation,train,ISIC_0012245,lesion,processed/isic_segmentation/images/train/ISIC_0012245.jpg,processed/isic_segmentation/masks/train/ISIC_0012245.png,raw/isic/images/ISIC_0012245.jpg,raw/isic/masks/ISIC_0012245_segmentation.png
isic_2018_task1_2,segmentation,test,ISIC_0012246,lesion,processed/isic_segmentation/images/test/ISIC_0012246.jpg,processed/isic_segmentation/masks/test/ISIC_0012246.png,raw/isic/images/ISIC_0012246.jpg,raw/isic/masks/ISIC_0012246_segmentation.png
isic_2018_task1_2,segmentation,train,ISIC_0012248,lesion,processed/isic_segmentation/images/train/ISIC_0012248.jpg,processed/isic_segmentation/masks/train/ISIC_0012248.png,raw/isic/images/ISIC_0012248.jpg,raw/isic/masks/ISIC_0012248_segmentation.png
isic_2018_task1_2,segmentation,val,ISIC_0012250,lesion,processed/isic_segmentation/images/val/ISIC_0012250.jpg,processed/isic_segmentation/masks/val/ISIC_0012250.png,raw/isic/images/ISIC_0012250.jpg,raw/isic/masks/ISIC_0012250_segmentation.png
isic_2018_task1_2,segmentation,val,ISIC_0012253,lesion,processed/isic_segmentation/images/val/ISIC_0012253.jpg,processed/isic_segmentation/masks/val/ISIC_0012253.png,raw/isic/images/ISIC_0012253.jpg,raw/isic/masks/ISIC_0012253_segmentation.png
isic_2018_task1_2,segmentation,train,ISIC_0012256,lesion,processed/isic_segmentation/images/train/ISIC_0012256.jpg,processed/isic_segmentation/masks/train/ISIC_0012256.png,raw/isic/images/ISIC_0012256.jpg,raw/isic/masks/ISIC_0012256_segmentation.png
isic_2018_task1_2,segmentation,train,ISIC_0012257,lesion,processed/isic_segmentation/images/train/ISIC_0012257.jpg,processed/isic_segmentation/masks/train/ISIC_0012257.png,raw/isic/images/ISIC_0012257.jpg,raw/isic/masks/ISIC_0012257_segmentation.png
isic_2018_task1_2,segmentation,train,ISIC_0012258,lesion,processed/isic_segmentation/images/train/ISIC_0012258.jpg,processed/isic_segmentation/masks/train/ISIC_0012258.png,raw/isic/images/ISIC_0012258.jpg,raw/isic/masks/ISIC_0012258_segmentation.png
isic_2018_task1_2,segmentation,train,ISIC_0012259,lesion,processed/isic_segmentation/images/train/ISIC_0012259.jpg,processed/isic_segmentation/masks/train/ISIC_0012259.png,raw/isic/images/ISIC_0012259.jpg,raw/isic/masks/ISIC_0012259_segmentation.png
isic_2018_task1_2,segmentation,train,ISIC_0012260,lesion,processed/isic_segmentation/images/train/ISIC_0012260.jpg,processed/isic_segmentation/masks/train/ISIC_0012260.png,raw/isic/images/ISIC_0012260.jpg,raw/isic/masks/ISIC_0012260_segmentation.png
isic_2018_task1_2,segmentation,train,ISIC_0012261,lesion,processed/isic_segmentation/images/train/ISIC_0012261.jpg,processed/isic_segmentation/masks/train/ISIC_0012261.png,raw/isic/images/ISIC_0012261.jpg,raw/isic/masks/ISIC_0012261_segmentation.png
isic_2018_task1_2,segmentation,train,ISIC_0012263,lesion,processed/isic_segmentation/images/train/ISIC_0012263.jpg,processed/isic_segmentation/masks/train/ISIC_0012263.png,raw/isic/images/ISIC_0012263.jpg,raw/isic/masks/ISIC_0012263_segmentation.png
isic_2018_task1_2,segmentation,test,ISIC_0012266,lesion,processed/isic_segmentation/images/test/ISIC_0012266.jpg,processed/isic_segmentation/masks/test/ISIC_0012266.png,raw/isic/images/ISIC_0012266.jpg,raw/isic/masks/ISIC_0012266_segmentation.png
isic_2018_task1_2,segmentation,train,ISIC_0012268,lesion,processed/isic_segmentation/images/train/ISIC_0012268.jpg,processed/isic_segmentation/masks/train/ISIC_0012268.png,raw/isic/images/ISIC_0012268.jpg,raw/isic/masks/ISIC_0012268_segmentation.png
isic_2018_task1_2,segmentation,train,ISIC_0012271,lesion,processed/isic_segmentation/images/train/ISIC_0012271.jpg,processed/isic_segmentation/masks/train/ISIC_0012271.png,raw/isic/images/ISIC_0012271.jpg,raw/isic/masks/ISIC_0012271_segmentation.png
isic_2018_task1_2,segmentation,train,ISIC_0012272,lesion,processed/isic_segmentation/images/train/ISIC_0012272.jpg,processed/isic_segmentation/masks/train/ISIC_0012272.png,raw/isic/images/ISIC_0012272.jpg,raw/isic/masks/ISIC_0012272_segmentation.png
isic_2018_task1_2,segmentation,test,ISIC_0012273,lesion,processed/isic_segmentation/images/test/ISIC_0012273.jpg,processed/isic_segmentation/masks/test/ISIC_0012273.png,raw/isic/images/ISIC_0012273.jpg,raw/isic/masks/ISIC_0012273_segmentation.png
isic_2018_task1_2,segmentation,train,ISIC_0012278,lesion,processed/isic_segmentation/images/train/ISIC_0012278.jpg,processed/isic_segmentation/masks/train/ISIC_0012278.png,raw/isic/images/ISIC_0012278.jpg,raw/isic/masks/ISIC_0012278_segmentation.png
isic_2018_task1_2,segmentation,train,ISIC_0012281,lesion,processed/isic_segmentation/images/train/ISIC_0012281.jpg,processed/isic_segmentation/masks/train/ISIC_0012281.png,raw/isic/images/ISIC_0012281.jpg,raw/isic/masks/ISIC_0012281_segmentation.png
isic_2018_task1_2,segmentation,train,ISIC_0012282,lesion,processed/isic_segmentation/images/train/ISIC_0012282.jpg,processed/isic_segmentation/masks/train/ISIC_0012282.png,raw/isic/images/ISIC_0012282.jpg,raw/isic/masks/ISIC_0012282_segmentation.png
isic_2018_task1_2,segmentation,train,ISIC_0012284,lesion,processed/isic_segmentation/images/train/ISIC_0012284.jpg,processed/isic_segmentation/masks/train/ISIC_0012284.png,raw/isic/images/ISIC_0012284.jpg,raw/isic/masks/ISIC_0012284_segmentation.png
isic_2018_task1_2,segmentation,train,ISIC_0012285,lesion,processed/isic_segmentation/images/train/ISIC_0012285.jpg,processed/isic_segmentation/masks/train/ISIC_0012285.png,raw/isic/images/ISIC_0012285.jpg,raw/isic/masks/ISIC_0012285_segmentation.png
isic_2018_task1_2,segmentation,train,ISIC_0012288,lesion,processed/isic_segmentation/images/train/ISIC_0012288.jpg,processed/isic_segmentation/masks/train/ISIC_0012288.png,raw/isic/images/ISIC_0012288.jpg,raw/isic/masks/ISIC_0012288_segmentation.png
isic_2018_task1_2,segmentation,val,ISIC_0012290,lesion,processed/isic_segmentation/images/val/ISIC_0012290.jpg,processed/isic_segmentation/masks/val/ISIC_0012290.png,raw/isic/images/ISIC_0012290.jpg,raw/isic/masks/ISIC_0012290_segmentation.png
isic_2018_task1_2,segmentation,train,ISIC_0012298,lesion,processed/isic_segmentation/images/train/ISIC_0012298.jpg,processed/isic_segmentation/masks/train/ISIC_0012298.png,raw/isic/images/ISIC_0012298.jpg,raw/isic/masks/ISIC_0012298_segmentation.png
isic_2018_task1_2,segmentation,val,ISIC_0012299,lesion,processed/isic_segmentation/images/val/ISIC_0012299.jpg,processed/isic_segmentation/masks/val/ISIC_0012299.png,raw/isic/images/ISIC_0012299.jpg,raw/isic/masks/ISIC_0012299_segmentation.png
isic_2018_task1_2,segmentation,val,ISIC_0012303,lesion,processed/isic_segmentation/images/val/ISIC_0012303.jpg,processed/isic_segmentation/masks/val/ISIC_0012303.png,raw/isic/images/ISIC_0012303.jpg,raw/isic/masks/ISIC_0012303_segmentation.png
isic_2018_task1_2,segmentation,train,ISIC_0012306,lesion,processed/isic_segmentation/images/train/ISIC_0012306.jpg,processed/isic_segmentation/masks/train/ISIC_0012306.png,raw/isic/images/ISIC_0012306.jpg,raw/isic/masks/ISIC_0012306_segmentation.png
isic_2018_task1_2,segmentation,train,ISIC_0012309,lesion,processed/isic_segmentation/images/train/ISIC_0012309.jpg,processed/isic_segmentation/masks/train/ISIC_0012309.png,raw/isic/images/ISIC_0012309.jpg,raw/isic/masks/ISIC_0012309_segmentation.png
isic_2018_task1_2,segmentation,train,ISIC_0012311,lesion,processed/isic_segmentation/images/train/ISIC_0012311.jpg,processed/isic_segmentation/masks/train/ISIC_0012311.png,raw/isic/images/ISIC_0012311.jpg,raw/isic/masks/ISIC_0012311_segmentation.png
isic_2018_task1_2,segmentation,train,ISIC_0012313,lesion,processed/isic_segmentation/images/train/ISIC_0012313.jpg,processed/isic_segmentation/masks/train/ISIC_0012313.png,raw/isic/images/ISIC_0012313.jpg,raw/isic/masks/ISIC_0012313_segmentation.png
isic_2018_task1_2,segmentation,val,ISIC_0012314,lesion,processed/isic_segmentation/images/val/ISIC_0012314.jpg,processed/isic_segmentation/masks/val/ISIC_0012314.png,raw/isic/images/ISIC_0012314.jpg,raw/isic/masks/ISIC_0012314_segmentation.png
isic_2018_task1_2,segmentation,val,ISIC_0012316,lesion,processed/isic_segmentation/images/val/ISIC_0012316.jpg,processed/isic_segmentation/masks/val/ISIC_0012316.png,raw/isic/images/ISIC_0012316.jpg,raw/isic/masks/ISIC_0012316_segmentation.png
isic_2018_task1_2,segmentation,train,ISIC_0012318,lesion,processed/isic_segmentation/images/train/ISIC_0012318.jpg,processed/isic_segmentation/masks/train/ISIC_0012318.png,raw/isic/images/ISIC_0012318.jpg,raw/isic/masks/ISIC_0012318_segmentation.png
isic_2018_task1_2,segmentation,test,ISIC_0012320,lesion,processed/isic_segmentation/images/test/ISIC_0012320.jpg,processed/isic_segmentation/masks/test/ISIC_0012320.png,raw/isic/images/ISIC_0012320.jpg,raw/isic/masks/ISIC_0012320_segmentation.png
isic_2018_task1_2,segmentation,train,ISIC_0012323,lesion,processed/isic_segmentation/images/train/ISIC_0012323.jpg,processed/isic_segmentation/masks/train/ISIC_0012323.png,raw/isic/images/ISIC_0012323.jpg,raw/isic/masks/ISIC_0012323_segmentation.png
isic_2018_task1_2,segmentation,train,ISIC_0012324,lesion,processed/isic_segmentation/images/train/ISIC_0012324.jpg,processed/isic_segmentation/masks/train/ISIC_0012324.png,raw/isic/images/ISIC_0012324.jpg,raw/isic/masks/ISIC_0012324_segmentation.png
isic_2018_task1_2,segmentation,train,ISIC_0012325,lesion,processed/isic_segmentation/images/train/ISIC_0012325.jpg,processed/isic_segmentation/masks/train/ISIC_0012325.png,raw/isic/images/ISIC_0012325.jpg,raw/isic/masks/ISIC_0012325_segmentation.png
isic_2018_task1_2,segmentation,train,ISIC_0012329,lesion,processed/isic_segmentation/images/train/ISIC_0012329.jpg,processed/isic_segmentation/masks/train/ISIC_0012329.png,raw/isic/images/ISIC_0012329.jpg,raw/isic/masks/ISIC_0012329_segmentation.png
isic_2018_task1_2,segmentation,train,ISIC_0012330,lesion,processed/isic_segmentation/images/train/ISIC_0012330.jpg,processed/isic_segmentation/masks/train/ISIC_0012330.png,raw/isic/images/ISIC_0012330.jpg,raw/isic/masks/ISIC_0012330_segmentation.png
isic_2018_task1_2,segmentation,val,ISIC_0012332,lesion,processed/isic_segmentation/images/val/ISIC_0012332.jpg,processed/isic_segmentation/masks/val/ISIC_0012332.png,raw/isic/images/ISIC_0012332.jpg,raw/isic/masks/ISIC_0012332_segmentation.png
isic_2018_task1_2,segmentation,test,ISIC_0012333,lesion,processed/isic_segmentation/images/test/ISIC_0012333.jpg,processed/isic_segmentation/masks/test/ISIC_0012333.png,raw/isic/images/ISIC_0012333.jpg,raw/isic/masks/ISIC_0012333_segmentation.png
isic_2018_task1_2,segmentation,train,ISIC_0012334,lesion,processed/isic_segmentation/images/train/ISIC_0012334.jpg,processed/isic_segmentation/masks/train/ISIC_0012334.png,raw/isic/images/ISIC_0012334.jpg,raw/isic/masks/ISIC_0012334_segmentation.png
isic_2018_task1_2,segmentation,train,ISIC_0012335,lesion,processed/isic_segmentation/images/train/ISIC_0012335.jpg,processed/isic_segmentation/masks/train/ISIC_0012335.png,raw/isic/images/ISIC_0012335.jpg,raw/isic/masks/ISIC_0012335_segmentation.png
isic_2018_task1_2,segmentation,train,ISIC_0012338,lesion,processed/isic_segmentation/images/train/ISIC_0012338.jpg,processed/isic_segmentation/masks/train/ISIC_0012338.png,raw/isic/images/ISIC_0012338.jpg,raw/isic/masks/ISIC_0012338_segmentation.png
isic_2018_task1_2,segmentation,train,ISIC_0012342,lesion,processed/isic_segmentation/images/train/ISIC_0012342.jpg,processed/isic_segmentation/masks/train/ISIC_0012342.png,raw/isic/images/ISIC_0012342.jpg,raw/isic/masks/ISIC_0012342_segmentation.png
isic_2018_task1_2,segmentation,train,ISIC_0012348,lesion,processed/isic_segmentation/images/train/ISIC_0012348.jpg,processed/isic_segmentation/masks/train/ISIC_0012348.png,raw/isic/images/ISIC_0012348.jpg,raw/isic/masks/ISIC_0012348_segmentation.png
isic_2018_task1_2,segmentation,train,ISIC_0012351,lesion,processed/isic_segmentation/images/train/ISIC_0012351.jpg,processed/isic_segmentation/masks/train/ISIC_0012351.png,raw/isic/images/ISIC_0012351.jpg,raw/isic/masks/ISIC_0012351_segmentation.png
isic_2018_task1_2,segmentation,train,ISIC_0012356,lesion,processed/isic_segmentation/images/train/ISIC_0012356.jpg,processed/isic_segmentation/masks/train/ISIC_0012356.png,raw/isic/images/ISIC_0012356.jpg,raw/isic/masks/ISIC_0012356_segmentation.png
isic_2018_task1_2,segmentation,train,ISIC_0012357,lesion,processed/isic_segmentation/images/train/ISIC_0012357.jpg,processed/isic_segmentation/masks/train/ISIC_0012357.png,raw/isic/images/ISIC_0012357.jpg,raw/isic/masks/ISIC_0012357_segmentation.png
isic_2018_task1_2,segmentation,train,ISIC_0012358,lesion,processed/isic_segmentation/images/train/ISIC_0012358.jpg,processed/isic_segmentation/masks/train/ISIC_0012358.png,raw/isic/images/ISIC_0012358.jpg,raw/isic/masks/ISIC_0012358_segmentation.png
isic_2018_task1_2,segmentation,test,ISIC_0012360,lesion,processed/isic_segmentation/images/test/ISIC_0012360.jpg,processed/isic_segmentation/masks/test/ISIC_0012360.png,raw/isic/images/ISIC_0012360.jpg,raw/isic/masks/ISIC_0012360_segmentation.png
isic_2018_task1_2,segmentation,train,ISIC_0012363,lesion,processed/isic_segmentation/images/train/ISIC_0012363.jpg,processed/isic_segmentation/masks/train/ISIC_0012363.png,raw/isic/images/ISIC_0012363.jpg,raw/isic/masks/ISIC_0012363_segmentation.png
isic_2018_task1_2,segmentation,train,ISIC_0012369,lesion,processed/isic_segmentation/images/train/ISIC_0012369.jpg,processed/isic_segmentation/masks/train/ISIC_0012369.png,raw/isic/images/ISIC_0012369.jpg,raw/isic/masks/ISIC_0012369_segmentation.png
isic_2018_task1_2,segmentation,val,ISIC_0012372,lesion,processed/isic_segmentation/images/val/ISIC_0012372.jpg,processed/isic_segmentation/masks/val/ISIC_0012372.png,raw/isic/images/ISIC_0012372.jpg,raw/isic/masks/ISIC_0012372_segmentation.png
isic_2018_task1_2,segmentation,train,ISIC_0012374,lesion,processed/isic_segmentation/images/train/ISIC_0012374.jpg,processed/isic_segmentation/masks/train/ISIC_0012374.png,raw/isic/images/ISIC_0012374.jpg,raw/isic/masks/ISIC_0012374_segmentation.png
isic_2018_task1_2,segmentation,train,ISIC_0012376,lesion,processed/isic_segmentation/images/train/ISIC_0012376.jpg,processed/isic_segmentation/masks/train/ISIC_0012376.png,raw/isic/images/ISIC_0012376.jpg,raw/isic/masks/ISIC_0012376_segmentation.png
isic_2018_task1_2,segmentation,train,ISIC_0012378,lesion,processed/isic_segmentation/images/train/ISIC_0012378.jpg,processed/isic_segmentation/masks/train/ISIC_0012378.png,raw/isic/images/ISIC_0012378.jpg,raw/isic/masks/ISIC_0012378_segmentation.png
isic_2018_task1_2,segmentation,test,ISIC_0012379,lesion,processed/isic_segmentation/images/test/ISIC_0012379.jpg,processed/isic_segmentation/masks/test/ISIC_0012379.png,raw/isic/images/ISIC_0012379.jpg,raw/isic/masks/ISIC_0012379_segmentation.png
isic_2018_task1_2,segmentation,test,ISIC_0012381,lesion,processed/isic_segmentation/images/test/ISIC_0012381.jpg,processed/isic_segmentation/masks/test/ISIC_0012381.png,raw/isic/images/ISIC_0012381.jpg,raw/isic/masks/ISIC_0012381_segmentation.png
isic_2018_task1_2,segmentation,train,ISIC_0012382,lesion,processed/isic_segmentation/images/train/ISIC_0012382.jpg,processed/isic_segmentation/masks/train/ISIC_0012382.png,raw/isic/images/ISIC_0012382.jpg,raw/isic/masks/ISIC_0012382_segmentation.png
isic_2018_task1_2,segmentation,train,ISIC_0012384,lesion,processed/isic_segmentation/images/train/ISIC_0012384.jpg,processed/isic_segmentation/masks/train/ISIC_0012384.png,raw/isic/images/ISIC_0012384.jpg,raw/isic/masks/ISIC_0012384_segmentation.png
isic_2018_task1_2,segmentation,train,ISIC_0012390,lesion,processed/isic_segmentation/images/train/ISIC_0012390.jpg,processed/isic_segmentation/masks/train/ISIC_0012390.png,raw/isic/images/ISIC_0012390.jpg,raw/isic/masks/ISIC_0012390_segmentation.png
isic_2018_task1_2,segmentation,val,ISIC_0012391,lesion,processed/isic_segmentation/images/val/ISIC_0012391.jpg,processed/isic_segmentation/masks/val/ISIC_0012391.png,raw/isic/images/ISIC_0012391.jpg,raw/isic/masks/ISIC_0012391_segmentation.png
isic_2018_task1_2,segmentation,val,ISIC_0012395,lesion,processed/isic_segmentation/images/val/ISIC_0012395.jpg,processed/isic_segmentation/masks/val/ISIC_0012395.png,raw/isic/images/ISIC_0012395.jpg,raw/isic/masks/ISIC_0012395_segmentation.png
isic_2018_task1_2,segmentation,train,ISIC_0012400,lesion,processed/isic_segmentation/images/train/ISIC_0012400.jpg,processed/isic_segmentation/masks/train/ISIC_0012400.png,raw/isic/images/ISIC_0012400.jpg,raw/isic/masks/ISIC_0012400_segmentation.png
isic_2018_task1_2,segmentation,train,ISIC_0012406,lesion,processed/isic_segmentation/images/train/ISIC_0012406.jpg,processed/isic_segmentation/masks/train/ISIC_0012406.png,raw/isic/images/ISIC_0012406.jpg,raw/isic/masks/ISIC_0012406_segmentation.png
isic_2018_task1_2,segmentation,train,ISIC_0012413,lesion,processed/isic_segmentation/images/train/ISIC_0012413.jpg,processed/isic_segmentation/masks/train/ISIC_0012413.png,raw/isic/images/ISIC_0012413.jpg,raw/isic/masks/ISIC_0012413_segmentation.png
isic_2018_task1_2,segmentation,train,ISIC_0012415,lesion,processed/isic_segmentation/images/train/ISIC_0012415.jpg,processed/isic_segmentation/masks/train/ISIC_0012415.png,raw/isic/images/ISIC_0012415.jpg,raw/isic/masks/ISIC_0012415_segmentation.png
isic_2018_task1_2,segmentation,train,ISIC_0012417,lesion,processed/isic_segmentation/images/train/ISIC_0012417.jpg,processed/isic_segmentation/masks/train/ISIC_0012417.png,raw/isic/images/ISIC_0012417.jpg,raw/isic/masks/ISIC_0012417_segmentation.png
isic_2018_task1_2,segmentation,test,ISIC_0012425,lesion,processed/isic_segmentation/images/test/ISIC_0012425.jpg,processed/isic_segmentation/masks/test/ISIC_0012425.png,raw/isic/images/ISIC_0012425.jpg,raw/isic/masks/ISIC_0012425_segmentation.png
isic_2018_task1_2,segmentation,train,ISIC_0012432,lesion,processed/isic_segmentation/images/train/ISIC_0012432.jpg,processed/isic_segmentation/masks/train/ISIC_0012432.png,raw/isic/images/ISIC_0012432.jpg,raw/isic/masks/ISIC_0012432_segmentation.png
isic_2018_task1_2,segmentation,test,ISIC_0012434,lesion,processed/isic_segmentation/images/test/ISIC_0012434.jpg,processed/isic_segmentation/masks/test/ISIC_0012434.png,raw/isic/images/ISIC_0012434.jpg,raw/isic/masks/ISIC_0012434_segmentation.png
isic_2018_task1_2,segmentation,train,ISIC_0012435,lesion,processed/isic_segmentation/images/train/ISIC_0012435.jpg,processed/isic_segmentation/masks/train/ISIC_0012435.png,raw/isic/images/ISIC_0012435.jpg,raw/isic/masks/ISIC_0012435_segmentation.png
isic_2018_task1_2,segmentation,test,ISIC_0012442,lesion,processed/isic_segmentation/images/test/ISIC_0012442.jpg,processed/isic_segmentation/masks/test/ISIC_0012442.png,raw/isic/images/ISIC_0012442.jpg,raw/isic/masks/ISIC_0012442_segmentation.png
isic_2018_task1_2,segmentation,test,ISIC_0012445,lesion,processed/isic_segmentation/images/test/ISIC_0012445.jpg,processed/isic_segmentation/masks/test/ISIC_0012445.png,raw/isic/images/ISIC_0012445.jpg,raw/isic/masks/ISIC_0012445_segmentation.png
isic_2018_task1_2,segmentation,train,ISIC_0012447,lesion,processed/isic_segmentation/images/train/ISIC_0012447.jpg,processed/isic_segmentation/masks/train/ISIC_0012447.png,raw/isic/images/ISIC_0012447.jpg,raw/isic/masks/ISIC_0012447_segmentation.png
isic_2018_task1_2,segmentation,train,ISIC_0012448,lesion,processed/isic_segmentation/images/train/ISIC_0012448.jpg,processed/isic_segmentation/masks/train/ISIC_0012448.png,raw/isic/images/ISIC_0012448.jpg,raw/isic/masks/ISIC_0012448_segmentation.png
isic_2018_task1_2,segmentation,val,ISIC_0012450,lesion,processed/isic_segmentation/images/val/ISIC_0012450.jpg,processed/isic_segmentation/masks/val/ISIC_0012450.png,raw/isic/images/ISIC_0012450.jpg,raw/isic/masks/ISIC_0012450_segmentation.png
isic_2018_task1_2,segmentation,train,ISIC_0012453,lesion,processed/isic_segmentation/images/train/ISIC_0012453.jpg,processed/isic_segmentation/masks/train/ISIC_0012453.png,raw/isic/images/ISIC_0012453.jpg,raw/isic/masks/ISIC_0012453_segmentation.png
isic_2018_task1_2,segmentation,train,ISIC_0012455,lesion,processed/isic_segmentation/images/train/ISIC_0012455.jpg,processed/isic_segmentation/masks/train/ISIC_0012455.png,raw/isic/images/ISIC_0012455.jpg,raw/isic/masks/ISIC_0012455_segmentation.png
isic_2018_task1_2,segmentation,train,ISIC_0012464,lesion,processed/isic_segmentation/images/train/ISIC_0012464.jpg,processed/isic_segmentation/masks/train/ISIC_0012464.png,raw/isic/images/ISIC_0012464.jpg,raw/isic/masks/ISIC_0012464_segmentation.png
isic_2018_task1_2,segmentation,train,ISIC_0012469,lesion,processed/isic_segmentation/images/train/ISIC_0012469.jpg,processed/isic_segmentation/masks/train/ISIC_0012469.png,raw/isic/images/ISIC_0012469.jpg,raw/isic/masks/ISIC_0012469_segmentation.png
isic_2018_task1_2,segmentation,train,ISIC_0012473,lesion,processed/isic_segmentation/images/train/ISIC_0012473.jpg,processed/isic_segmentation/masks/train/ISIC_0012473.png,raw/isic/images/ISIC_0012473.jpg,raw/isic/masks/ISIC_0012473_segmentation.png
isic_2018_task1_2,segmentation,train,ISIC_0012475,lesion,processed/isic_segmentation/images/train/ISIC_0012475.jpg,processed/isic_segmentation/masks/train/ISIC_0012475.png,raw/isic/images/ISIC_0012475.jpg,raw/isic/masks/ISIC_0012475_segmentation.png
isic_2018_task1_2,segmentation,train,ISIC_0012478,lesion,processed/isic_segmentation/images/train/ISIC_0012478.jpg,processed/isic_segmentation/masks/train/ISIC_0012478.png,raw/isic/images/ISIC_0012478.jpg,raw/isic/masks/ISIC_0012478_segmentation.png
isic_2018_task1_2,segmentation,train,ISIC_0012481,lesion,processed/isic_segmentation/images/train/ISIC_0012481.jpg,processed/isic_segmentation/masks/train/ISIC_0012481.png,raw/isic/images/ISIC_0012481.jpg,raw/isic/masks/ISIC_0012481_segmentation.png
isic_2018_task1_2,segmentation,test,ISIC_0012484,lesion,processed/isic_segmentation/images/test/ISIC_0012484.jpg,processed/isic_segmentation/masks/test/ISIC_0012484.png,raw/isic/images/ISIC_0012484.jpg,raw/isic/masks/ISIC_0012484_segmentation.png
isic_2018_task1_2,segmentation,train,ISIC_0012487,lesion,processed/isic_segmentation/images/train/ISIC_0012487.jpg,processed/isic_segmentation/masks/train/ISIC_0012487.png,raw/isic/images/ISIC_0012487.jpg,raw/isic/masks/ISIC_0012487_segmentation.png
isic_2018_task1_2,segmentation,train,ISIC_0012489,lesion,processed/isic_segmentation/images/train/ISIC_0012489.jpg,processed/isic_segmentation/masks/train/ISIC_0012489.png,raw/isic/images/ISIC_0012489.jpg,raw/isic/masks/ISIC_0012489_segmentation.png
isic_2018_task1_2,segmentation,train,ISIC_0012493,lesion,processed/isic_segmentation/images/train/ISIC_0012493.jpg,processed/isic_segmentation/masks/train/ISIC_0012493.png,raw/isic/images/ISIC_0012493.jpg,raw/isic/masks/ISIC_0012493_segmentation.png
isic_2018_task1_2,segmentation,test,ISIC_0012494,lesion,processed/isic_segmentation/images/test/ISIC_0012494.jpg,processed/isic_segmentation/masks/test/ISIC_0012494.png,raw/isic/images/ISIC_0012494.jpg,raw/isic/masks/ISIC_0012494_segmentation.png
isic_2018_task1_2,segmentation,train,ISIC_0012495,lesion,processed/isic_segmentation/images/train/ISIC_0012495.jpg,processed/isic_segmentation/masks/train/ISIC_0012495.png,raw/isic/images/ISIC_0012495.jpg,raw/isic/masks/ISIC_0012495_segmentation.png
isic_2018_task1_2,segmentation,val,ISIC_0012496,lesion,processed/isic_segmentation/images/val/ISIC_0012496.jpg,processed/isic_segmentation/masks/val/ISIC_0012496.png,raw/isic/images/ISIC_0012496.jpg,raw/isic/masks/ISIC_0012496_segmentation.png
isic_2018_task1_2,segmentation,test,ISIC_0012503,lesion,processed/isic_segmentation/images/test/ISIC_0012503.jpg,processed/isic_segmentation/masks/test/ISIC_0012503.png,raw/isic/images/ISIC_0012503.jpg,raw/isic/masks/ISIC_0012503_segmentation.png
isic_2018_task1_2,segmentation,train,ISIC_0012506,lesion,processed/isic_segmentation/images/train/ISIC_0012506.jpg,processed/isic_segmentation/masks/train/ISIC_0012506.png,raw/isic/images/ISIC_0012506.jpg,raw/isic/masks/ISIC_0012506_segmentation.png
isic_2018_task1_2,segmentation,train,ISIC_0012508,lesion,processed/isic_segmentation/images/train/ISIC_0012508.jpg,processed/isic_segmentation/masks/train/ISIC_0012508.png,raw/isic/images/ISIC_0012508.jpg,raw/isic/masks/ISIC_0012508_segmentation.png
isic_2018_task1_2,segmentation,train,ISIC_0012510,lesion,processed/isic_segmentation/images/train/ISIC_0012510.jpg,processed/isic_segmentation/masks/train/ISIC_0012510.png,raw/isic/images/ISIC_0012510.jpg,raw/isic/masks/ISIC_0012510_segmentation.png
isic_2018_task1_2,segmentation,train,ISIC_0012511,lesion,processed/isic_segmentation/images/train/ISIC_0012511.jpg,processed/isic_segmentation/masks/train/ISIC_0012511.png,raw/isic/images/ISIC_0012511.jpg,raw/isic/masks/ISIC_0012511_segmentation.png
isic_2018_task1_2,segmentation,train,ISIC_0012512,lesion,processed/isic_segmentation/images/train/ISIC_0012512.jpg,processed/isic_segmentation/masks/train/ISIC_0012512.png,raw/isic/images/ISIC_0012512.jpg,raw/isic/masks/ISIC_0012512_segmentation.png
isic_2018_task1_2,segmentation,test,ISIC_0012516,lesion,processed/isic_segmentation/images/test/ISIC_0012516.jpg,processed/isic_segmentation/masks/test/ISIC_0012516.png,raw/isic/images/ISIC_0012516.jpg,raw/isic/masks/ISIC_0012516_segmentation.png
isic_2018_task1_2,segmentation,test,ISIC_0012517,lesion,processed/isic_segmentation/images/test/ISIC_0012517.jpg,processed/isic_segmentation/masks/test/ISIC_0012517.png,raw/isic/images/ISIC_0012517.jpg,raw/isic/masks/ISIC_0012517_segmentation.png
isic_2018_task1_2,segmentation,train,ISIC_0012518,lesion,processed/isic_segmentation/images/train/ISIC_0012518.jpg,processed/isic_segmentation/masks/train/ISIC_0012518.png,raw/isic/images/ISIC_0012518.jpg,raw/isic/masks/ISIC_0012518_segmentation.png
isic_2018_task1_2,segmentation,train,ISIC_0012520,lesion,processed/isic_segmentation/images/train/ISIC_0012520.jpg,processed/isic_segmentation/masks/train/ISIC_0012520.png,raw/isic/images/ISIC_0012520.jpg,raw/isic/masks/ISIC_0012520_segmentation.png
isic_2018_task1_2,segmentation,val,ISIC_0012521,lesion,processed/isic_segmentation/images/val/ISIC_0012521.jpg,processed/isic_segmentation/masks/val/ISIC_0012521.png,raw/isic/images/ISIC_0012521.jpg,raw/isic/masks/ISIC_0012521_segmentation.png
isic_2018_task1_2,segmentation,val,ISIC_0012523,lesion,processed/isic_segmentation/images/val/ISIC_0012523.jpg,processed/isic_segmentation/masks/val/ISIC_0012523.png,raw/isic/images/ISIC_0012523.jpg,raw/isic/masks/ISIC_0012523_segmentation.png
isic_2018_task1_2,segmentation,train,ISIC_0012526,lesion,processed/isic_segmentation/images/train/ISIC_0012526.jpg,processed/isic_segmentation/masks/train/ISIC_0012526.png,raw/isic/images/ISIC_0012526.jpg,raw/isic/masks/ISIC_0012526_segmentation.png
isic_2018_task1_2,segmentation,train,ISIC_0012529,lesion,processed/isic_segmentation/images/train/ISIC_0012529.jpg,processed/isic_segmentation/masks/train/ISIC_0012529.png,raw/isic/images/ISIC_0012529.jpg,raw/isic/masks/ISIC_0012529_segmentation.png
isic_2018_task1_2,segmentation,train,ISIC_0012538,lesion,processed/isic_segmentation/images/train/ISIC_0012538.jpg,processed/isic_segmentation/masks/train/ISIC_0012538.png,raw/isic/images/ISIC_0012538.jpg,raw/isic/masks/ISIC_0012538_segmentation.png
isic_2018_task1_2,segmentation,test,ISIC_0012539,lesion,processed/isic_segmentation/images/test/ISIC_0012539.jpg,processed/isic_segmentation/masks/test/ISIC_0012539.png,raw/isic/images/ISIC_0012539.jpg,raw/isic/masks/ISIC_0012539_segmentation.png
isic_2018_task1_2,segmentation,train,ISIC_0012544,lesion,processed/isic_segmentation/images/train/ISIC_0012544.jpg,processed/isic_segmentation/masks/train/ISIC_0012544.png,raw/isic/images/ISIC_0012544.jpg,raw/isic/masks/ISIC_0012544_segmentation.png
isic_2018_task1_2,segmentation,train,ISIC_0012547,lesion,processed/isic_segmentation/images/train/ISIC_0012547.jpg,processed/isic_segmentation/masks/train/ISIC_0012547.png,raw/isic/images/ISIC_0012547.jpg,raw/isic/masks/ISIC_0012547_segmentation.png
isic_2018_task1_2,segmentation,train,ISIC_0012548,lesion,processed/isic_segmentation/images/train/ISIC_0012548.jpg,processed/isic_segmentation/masks/train/ISIC_0012548.png,raw/isic/images/ISIC_0012548.jpg,raw/isic/masks/ISIC_0012548_segmentation.png
isic_2018_task1_2,segmentation,train,ISIC_0012549,lesion,processed/isic_segmentation/images/train/ISIC_0012549.jpg,processed/isic_segmentation/masks/train/ISIC_0012549.png,raw/isic/images/ISIC_0012549.jpg,raw/isic/masks/ISIC_0012549_segmentation.png
isic_2018_task1_2,segmentation,val,ISIC_0012550,lesion,processed/isic_segmentation/images/val/ISIC_0012550.jpg,processed/isic_segmentation/masks/val/ISIC_0012550.png,raw/isic/images/ISIC_0012550.jpg,raw/isic/masks/ISIC_0012550_segmentation.png
isic_2018_task1_2,segmentation,test,ISIC_0012551,lesion,processed/isic_segmentation/images/test/ISIC_0012551.jpg,processed/isic_segmentation/masks/test/ISIC_0012551.png,raw/isic/images/ISIC_0012551.jpg,raw/isic/masks/ISIC_0012551_segmentation.png
isic_2018_task1_2,segmentation,train,ISIC_0012653,lesion,processed/isic_segmentation/images/train/ISIC_0012653.jpg,processed/isic_segmentation/masks/train/ISIC_0012653.png,raw/isic/images/ISIC_0012653.jpg,raw/isic/masks/ISIC_0012653_segmentation.png
isic_2018_task1_2,segmentation,train,ISIC_0012654,lesion,processed/isic_segmentation/images/train/ISIC_0012654.jpg,processed/isic_segmentation/masks/train/ISIC_0012654.png,raw/isic/images/ISIC_0012654.jpg,raw/isic/masks/ISIC_0012654_segmentation.png
isic_2018_task1_2,segmentation,train,ISIC_0012655,lesion,processed/isic_segmentation/images/train/ISIC_0012655.jpg,processed/isic_segmentation/masks/train/ISIC_0012655.png,raw/isic/images/ISIC_0012655.jpg,raw/isic/masks/ISIC_0012655_segmentation.png
isic_2018_task1_2,segmentation,val,ISIC_0012656,lesion,processed/isic_segmentation/images/val/ISIC_0012656.jpg,processed/isic_segmentation/masks/val/ISIC_0012656.png,raw/isic/images/ISIC_0012656.jpg,raw/isic/masks/ISIC_0012656_segmentation.png
isic_2018_task1_2,segmentation,train,ISIC_0012657,lesion,processed/isic_segmentation/images/train/ISIC_0012657.jpg,processed/isic_segmentation/masks/train/ISIC_0012657.png,raw/isic/images/ISIC_0012657.jpg,raw/isic/masks/ISIC_0012657_segmentation.png
isic_2018_task1_2,segmentation,train,ISIC_0012658,lesion,processed/isic_segmentation/images/train/ISIC_0012658.jpg,processed/isic_segmentation/masks/train/ISIC_0012658.png,raw/isic/images/ISIC_0012658.jpg,raw/isic/masks/ISIC_0012658_segmentation.png
isic_2018_task1_2,segmentation,train,ISIC_0012659,lesion,processed/isic_segmentation/images/train/ISIC_0012659.jpg,processed/isic_segmentation/masks/train/ISIC_0012659.png,raw/isic/images/ISIC_0012659.jpg,raw/isic/masks/ISIC_0012659_segmentation.png
isic_2018_task1_2,segmentation,train,ISIC_0012660,lesion,processed/isic_segmentation/images/train/ISIC_0012660.jpg,processed/isic_segmentation/masks/train/ISIC_0012660.png,raw/isic/images/ISIC_0012660.jpg,raw/isic/masks/ISIC_0012660_segmentation.png
isic_2018_task1_2,segmentation,test,ISIC_0012661,lesion,processed/isic_segmentation/images/test/ISIC_0012661.jpg,processed/isic_segmentation/masks/test/ISIC_0012661.png,raw/isic/images/ISIC_0012661.jpg,raw/isic/masks/ISIC_0012661_segmentation.png
isic_2018_task1_2,segmentation,train,ISIC_0012662,lesion,processed/isic_segmentation/images/train/ISIC_0012662.jpg,processed/isic_segmentation/masks/train/ISIC_0012662.png,raw/isic/images/ISIC_0012662.jpg,raw/isic/masks/ISIC_0012662_segmentation.png
isic_2018_task1_2,segmentation,train,ISIC_0012663,lesion,processed/isic_segmentation/images/train/ISIC_0012663.jpg,processed/isic_segmentation/masks/train/ISIC_0012663.png,raw/isic/images/ISIC_0012663.jpg,raw/isic/masks/ISIC_0012663_segmentation.png
isic_2018_task1_2,segmentation,train,ISIC_0012664,lesion,processed/isic_segmentation/images/train/ISIC_0012664.jpg,processed/isic_segmentation/masks/train/ISIC_0012664.png,raw/isic/images/ISIC_0012664.jpg,raw/isic/masks/ISIC_0012664_segmentation.png
isic_2018_task1_2,segmentation,test,ISIC_0012665,lesion,processed/isic_segmentation/images/test/ISIC_0012665.jpg,processed/isic_segmentation/masks/test/ISIC_0012665.png,raw/isic/images/ISIC_0012665.jpg,raw/isic/masks/ISIC_0012665_segmentation.png
isic_2018_task1_2,segmentation,val,ISIC_0012666,lesion,processed/isic_segmentation/images/val/ISIC_0012666.jpg,processed/isic_segmentation/masks/val/ISIC_0012666.png,raw/isic/images/ISIC_0012666.jpg,raw/isic/masks/ISIC_0012666_segmentation.png
isic_2018_task1_2,segmentation,val,ISIC_0012669,lesion,processed/isic_segmentation/images/val/ISIC_0012669.jpg,processed/isic_segmentation/masks/val/ISIC_0012669.png,raw/isic/images/ISIC_0012669.jpg,raw/isic/masks/ISIC_0012669_segmentation.png
isic_2018_task1_2,segmentation,train,ISIC_0012670,lesion,processed/isic_segmentation/images/train/ISIC_0012670.jpg,processed/isic_segmentation/masks/train/ISIC_0012670.png,raw/isic/images/ISIC_0012670.jpg,raw/isic/masks/ISIC_0012670_segmentation.png
isic_2018_task1_2,segmentation,train,ISIC_0012671,lesion,processed/isic_segmentation/images/train/ISIC_0012671.jpg,processed/isic_segmentation/masks/train/ISIC_0012671.png,raw/isic/images/ISIC_0012671.jpg,raw/isic/masks/ISIC_0012671_segmentation.png
isic_2018_task1_2,segmentation,train,ISIC_0012672,lesion,processed/isic_segmentation/images/train/ISIC_0012672.jpg,processed/isic_segmentation/masks/train/ISIC_0012672.png,raw/isic/images/ISIC_0012672.jpg,raw/isic/masks/ISIC_0012672_segmentation.png
isic_2018_task1_2,segmentation,val,ISIC_0012673,lesion,processed/isic_segmentation/images/val/ISIC_0012673.jpg,processed/isic_segmentation/masks/val/ISIC_0012673.png,raw/isic/images/ISIC_0012673.jpg,raw/isic/masks/ISIC_0012673_segmentation.png
isic_2018_task1_2,segmentation,train,ISIC_0012674,lesion,processed/isic_segmentation/images/train/ISIC_0012674.jpg,processed/isic_segmentation/masks/train/ISIC_0012674.png,raw/isic/images/ISIC_0012674.jpg,raw/isic/masks/ISIC_0012674_segmentation.png
isic_2018_task1_2,segmentation,train,ISIC_0012675,lesion,processed/isic_segmentation/images/train/ISIC_0012675.jpg,processed/isic_segmentation/masks/train/ISIC_0012675.png,raw/isic/images/ISIC_0012675.jpg,raw/isic/masks/ISIC_0012675_segmentation.png
isic_2018_task1_2,segmentation,train,ISIC_0012676,lesion,processed/isic_segmentation/images/train/ISIC_0012676.jpg,processed/isic_segmentation/masks/train/ISIC_0012676.png,raw/isic/images/ISIC_0012676.jpg,raw/isic/masks/ISIC_0012676_segmentation.png
isic_2018_task1_2,segmentation,test,ISIC_0012677,lesion,processed/isic_segmentation/images/test/ISIC_0012677.jpg,processed/isic_segmentation/masks/test/ISIC_0012677.png,raw/isic/images/ISIC_0012677.jpg,raw/isic/masks/ISIC_0012677_segmentation.png
isic_2018_task1_2,segmentation,train,ISIC_0012678,lesion,processed/isic_segmentation/images/train/ISIC_0012678.jpg,processed/isic_segmentation/masks/train/ISIC_0012678.png,raw/isic/images/ISIC_0012678.jpg,raw/isic/masks/ISIC_0012678_segmentation.png
isic_2018_task1_2,segmentation,test,ISIC_0012679,lesion,processed/isic_segmentation/images/test/ISIC_0012679.jpg,processed/isic_segmentation/masks/test/ISIC_0012679.png,raw/isic/images/ISIC_0012679.jpg,raw/isic/masks/ISIC_0012679_segmentation.png
isic_2018_task1_2,segmentation,train,ISIC_0012680,lesion,processed/isic_segmentation/images/train/ISIC_0012680.jpg,processed/isic_segmentation/masks/train/ISIC_0012680.png,raw/isic/images/ISIC_0012680.jpg,raw/isic/masks/ISIC_0012680_segmentation.png
isic_2018_task1_2,segmentation,train,ISIC_0012681,lesion,processed/isic_segmentation/images/train/ISIC_0012681.jpg,processed/isic_segmentation/masks/train/ISIC_0012681.png,raw/isic/images/ISIC_0012681.jpg,raw/isic/masks/ISIC_0012681_segmentation.png
isic_2018_task1_2,segmentation,val,ISIC_0012682,lesion,processed/isic_segmentation/images/val/ISIC_0012682.jpg,processed/isic_segmentation/masks/val/ISIC_0012682.png,raw/isic/images/ISIC_0012682.jpg,raw/isic/masks/ISIC_0012682_segmentation.png
isic_2018_task1_2,segmentation,test,ISIC_0012683,lesion,processed/isic_segmentation/images/test/ISIC_0012683.jpg,processed/isic_segmentation/masks/test/ISIC_0012683.png,raw/isic/images/ISIC_0012683.jpg,raw/isic/masks/ISIC_0012683_segmentation.png
isic_2018_task1_2,segmentation,train,ISIC_0012684,lesion,processed/isic_segmentation/images/train/ISIC_0012684.jpg,processed/isic_segmentation/masks/train/ISIC_0012684.png,raw/isic/images/ISIC_0012684.jpg,raw/isic/masks/ISIC_0012684_segmentation.png
isic_2018_task1_2,segmentation,val,ISIC_0012685,lesion,processed/isic_segmentation/images/val/ISIC_0012685.jpg,processed/isic_segmentation/masks/val/ISIC_0012685.png,raw/isic/images/ISIC_0012685.jpg,raw/isic/masks/ISIC_0012685_segmentation.png
isic_2018_task1_2,segmentation,train,ISIC_0012690,lesion,processed/isic_segmentation/images/train/ISIC_0012690.jpg,processed/isic_segmentation/masks/train/ISIC_0012690.png,raw/isic/images/ISIC_0012690.jpg,raw/isic/masks/ISIC_0012690_segmentation.png
isic_2018_task1_2,segmentation,val,ISIC_0012693,lesion,processed/isic_segmentation/images/val/ISIC_0012693.jpg,processed/isic_segmentation/masks/val/ISIC_0012693.png,raw/isic/images/ISIC_0012693.jpg,raw/isic/masks/ISIC_0012693_segmentation.png
isic_2018_task1_2,segmentation,train,ISIC_0012697,lesion,processed/isic_segmentation/images/train/ISIC_0012697.jpg,processed/isic_segmentation/masks/train/ISIC_0012697.png,raw/isic/images/ISIC_0012697.jpg,raw/isic/masks/ISIC_0012697_segmentation.png
isic_2018_task1_2,segmentation,train,ISIC_0012699,lesion,processed/isic_segmentation/images/train/ISIC_0012699.jpg,processed/isic_segmentation/masks/train/ISIC_0012699.png,raw/isic/images/ISIC_0012699.jpg,raw/isic/masks/ISIC_0012699_segmentation.png
isic_2018_task1_2,segmentation,train,ISIC_0012700,lesion,processed/isic_segmentation/images/train/ISIC_0012700.jpg,processed/isic_segmentation/masks/train/ISIC_0012700.png,raw/isic/images/ISIC_0012700.jpg,raw/isic/masks/ISIC_0012700_segmentation.png
isic_2018_task1_2,segmentation,val,ISIC_0012701,lesion,processed/isic_segmentation/images/val/ISIC_0012701.jpg,processed/isic_segmentation/masks/val/ISIC_0012701.png,raw/isic/images/ISIC_0012701.jpg,raw/isic/masks/ISIC_0012701_segmentation.png
isic_2018_task1_2,segmentation,train,ISIC_0012702,lesion,processed/isic_segmentation/images/train/ISIC_0012702.jpg,processed/isic_segmentation/masks/train/ISIC_0012702.png,raw/isic/images/ISIC_0012702.jpg,raw/isic/masks/ISIC_0012702_segmentation.png
isic_2018_task1_2,segmentation,train,ISIC_0012704,lesion,processed/isic_segmentation/images/train/ISIC_0012704.jpg,processed/isic_segmentation/masks/train/ISIC_0012704.png,raw/isic/images/ISIC_0012704.jpg,raw/isic/masks/ISIC_0012704_segmentation.png
isic_2018_task1_2,segmentation,train,ISIC_0012705,lesion,processed/isic_segmentation/images/train/ISIC_0012705.jpg,processed/isic_segmentation/masks/train/ISIC_0012705.png,raw/isic/images/ISIC_0012705.jpg,raw/isic/masks/ISIC_0012705_segmentation.png
isic_2018_task1_2,segmentation,train,ISIC_0012706,lesion,processed/isic_segmentation/images/train/ISIC_0012706.jpg,processed/isic_segmentation/masks/train/ISIC_0012706.png,raw/isic/images/ISIC_0012706.jpg,raw/isic/masks/ISIC_0012706_segmentation.png
isic_2018_task1_2,segmentation,test,ISIC_0012708,lesion,processed/isic_segmentation/images/test/ISIC_0012708.jpg,processed/isic_segmentation/masks/test/ISIC_0012708.png,raw/isic/images/ISIC_0012708.jpg,raw/isic/masks/ISIC_0012708_segmentation.png
isic_2018_task1_2,segmentation,train,ISIC_0012710,lesion,processed/isic_segmentation/images/train/ISIC_0012710.jpg,processed/isic_segmentation/masks/train/ISIC_0012710.png,raw/isic/images/ISIC_0012710.jpg,raw/isic/masks/ISIC_0012710_segmentation.png
isic_2018_task1_2,segmentation,train,ISIC_0012711,lesion,processed/isic_segmentation/images/train/ISIC_0012711.jpg,processed/isic_segmentation/masks/train/ISIC_0012711.png,raw/isic/images/ISIC_0012711.jpg,raw/isic/masks/ISIC_0012711_segmentation.png
isic_2018_task1_2,segmentation,train,ISIC_0012713,lesion,processed/isic_segmentation/images/train/ISIC_0012713.jpg,processed/isic_segmentation/masks/train/ISIC_0012713.png,raw/isic/images/ISIC_0012713.jpg,raw/isic/masks/ISIC_0012713_segmentation.png
isic_2018_task1_2,segmentation,train,ISIC_0012715,lesion,processed/isic_segmentation/images/train/ISIC_0012715.jpg,processed/isic_segmentation/masks/train/ISIC_0012715.png,raw/isic/images/ISIC_0012715.jpg,raw/isic/masks/ISIC_0012715_segmentation.png
isic_2018_task1_2,segmentation,train,ISIC_0012719,lesion,processed/isic_segmentation/images/train/ISIC_0012719.jpg,processed/isic_segmentation/masks/train/ISIC_0012719.png,raw/isic/images/ISIC_0012719.jpg,raw/isic/masks/ISIC_0012719_segmentation.png
isic_2018_task1_2,segmentation,train,ISIC_0012720,lesion,processed/isic_segmentation/images/train/ISIC_0012720.jpg,processed/isic_segmentation/masks/train/ISIC_0012720.png,raw/isic/images/ISIC_0012720.jpg,raw/isic/masks/ISIC_0012720_segmentation.png
isic_2018_task1_2,segmentation,train,ISIC_0012721,lesion,processed/isic_segmentation/images/train/ISIC_0012721.jpg,processed/isic_segmentation/masks/train/ISIC_0012721.png,raw/isic/images/ISIC_0012721.jpg,raw/isic/masks/ISIC_0012721_segmentation.png
isic_2018_task1_2,segmentation,train,ISIC_0012722,lesion,processed/isic_segmentation/images/train/ISIC_0012722.jpg,processed/isic_segmentation/masks/train/ISIC_0012722.png,raw/isic/images/ISIC_0012722.jpg,raw/isic/masks/ISIC_0012722_segmentation.png
isic_2018_task1_2,segmentation,train,ISIC_0012725,lesion,processed/isic_segmentation/images/train/ISIC_0012725.jpg,processed/isic_segmentation/masks/train/ISIC_0012725.png,raw/isic/images/ISIC_0012725.jpg,raw/isic/masks/ISIC_0012725_segmentation.png
isic_2018_task1_2,segmentation,train,ISIC_0012726,lesion,processed/isic_segmentation/images/train/ISIC_0012726.jpg,processed/isic_segmentation/masks/train/ISIC_0012726.png,raw/isic/images/ISIC_0012726.jpg,raw/isic/masks/ISIC_0012726_segmentation.png
isic_2018_task1_2,segmentation,train,ISIC_0012735,lesion,processed/isic_segmentation/images/train/ISIC_0012735.jpg,processed/isic_segmentation/masks/train/ISIC_0012735.png,raw/isic/images/ISIC_0012735.jpg,raw/isic/masks/ISIC_0012735_segmentation.png
isic_2018_task1_2,segmentation,train,ISIC_0012737,lesion,processed/isic_segmentation/images/train/ISIC_0012737.jpg,processed/isic_segmentation/masks/train/ISIC_0012737.png,raw/isic/images/ISIC_0012737.jpg,raw/isic/masks/ISIC_0012737_segmentation.png
isic_2018_task1_2,segmentation,train,ISIC_0012739,lesion,processed/isic_segmentation/images/train/ISIC_0012739.jpg,processed/isic_segmentation/masks/train/ISIC_0012739.png,raw/isic/images/ISIC_0012739.jpg,raw/isic/masks/ISIC_0012739_segmentation.png
isic_2018_task1_2,segmentation,train,ISIC_0012740,lesion,processed/isic_segmentation/images/train/ISIC_0012740.jpg,processed/isic_segmentation/masks/train/ISIC_0012740.png,raw/isic/images/ISIC_0012740.jpg,raw/isic/masks/ISIC_0012740_segmentation.png
isic_2018_task1_2,segmentation,test,ISIC_0012741,lesion,processed/isic_segmentation/images/test/ISIC_0012741.jpg,processed/isic_segmentation/masks/test/ISIC_0012741.png,raw/isic/images/ISIC_0012741.jpg,raw/isic/masks/ISIC_0012741_segmentation.png
isic_2018_task1_2,segmentation,val,ISIC_0012742,lesion,processed/isic_segmentation/images/val/ISIC_0012742.jpg,processed/isic_segmentation/masks/val/ISIC_0012742.png,raw/isic/images/ISIC_0012742.jpg,raw/isic/masks/ISIC_0012742_segmentation.png
isic_2018_task1_2,segmentation,train,ISIC_0012744,lesion,processed/isic_segmentation/images/train/ISIC_0012744.jpg,processed/isic_segmentation/masks/train/ISIC_0012744.png,raw/isic/images/ISIC_0012744.jpg,raw/isic/masks/ISIC_0012744_segmentation.png
isic_2018_task1_2,segmentation,train,ISIC_0012746,lesion,processed/isic_segmentation/images/train/ISIC_0012746.jpg,processed/isic_segmentation/masks/train/ISIC_0012746.png,raw/isic/images/ISIC_0012746.jpg,raw/isic/masks/ISIC_0012746_segmentation.png
isic_2018_task1_2,segmentation,train,ISIC_0012749,lesion,processed/isic_segmentation/images/train/ISIC_0012749.jpg,processed/isic_segmentation/masks/train/ISIC_0012749.png,raw/isic/images/ISIC_0012749.jpg,raw/isic/masks/ISIC_0012749_segmentation.png
isic_2018_task1_2,segmentation,train,ISIC_0012756,lesion,processed/isic_segmentation/images/train/ISIC_0012756.jpg,processed/isic_segmentation/masks/train/ISIC_0012756.png,raw/isic/images/ISIC_0012756.jpg,raw/isic/masks/ISIC_0012756_segmentation.png
isic_2018_task1_2,segmentation,train,ISIC_0012758,lesion,processed/isic_segmentation/images/train/ISIC_0012758.jpg,processed/isic_segmentation/masks/train/ISIC_0012758.png,raw/isic/images/ISIC_0012758.jpg,raw/isic/masks/ISIC_0012758_segmentation.png
isic_2018_task1_2,segmentation,train,ISIC_0012768,lesion,processed/isic_segmentation/images/train/ISIC_0012768.jpg,processed/isic_segmentation/masks/train/ISIC_0012768.png,raw/isic/images/ISIC_0012768.jpg,raw/isic/masks/ISIC_0012768_segmentation.png
isic_2018_task1_2,segmentation,train,ISIC_0012770,lesion,processed/isic_segmentation/images/train/ISIC_0012770.jpg,processed/isic_segmentation/masks/train/ISIC_0012770.png,raw/isic/images/ISIC_0012770.jpg,raw/isic/masks/ISIC_0012770_segmentation.png
isic_2018_task1_2,segmentation,train,ISIC_0012773,lesion,processed/isic_segmentation/images/train/ISIC_0012773.jpg,processed/isic_segmentation/masks/train/ISIC_0012773.png,raw/isic/images/ISIC_0012773.jpg,raw/isic/masks/ISIC_0012773_segmentation.png
isic_2018_task1_2,segmentation,val,ISIC_0012777,lesion,processed/isic_segmentation/images/val/ISIC_0012777.jpg,processed/isic_segmentation/masks/val/ISIC_0012777.png,raw/isic/images/ISIC_0012777.jpg,raw/isic/masks/ISIC_0012777_segmentation.png
isic_2018_task1_2,segmentation,train,ISIC_0012786,lesion,processed/isic_segmentation/images/train/ISIC_0012786.jpg,processed/isic_segmentation/masks/train/ISIC_0012786.png,raw/isic/images/ISIC_0012786.jpg,raw/isic/masks/ISIC_0012786_segmentation.png
isic_2018_task1_2,segmentation,train,ISIC_0012789,lesion,processed/isic_segmentation/images/train/ISIC_0012789.jpg,processed/isic_segmentation/masks/train/ISIC_0012789.png,raw/isic/images/ISIC_0012789.jpg,raw/isic/masks/ISIC_0012789_segmentation.png
isic_2018_task1_2,segmentation,train,ISIC_0012792,lesion,processed/isic_segmentation/images/train/ISIC_0012792.jpg,processed/isic_segmentation/masks/train/ISIC_0012792.png,raw/isic/images/ISIC_0012792.jpg,raw/isic/masks/ISIC_0012792_segmentation.png
isic_2018_task1_2,segmentation,train,ISIC_0012793,lesion,processed/isic_segmentation/images/train/ISIC_0012793.jpg,processed/isic_segmentation/masks/train/ISIC_0012793.png,raw/isic/images/ISIC_0012793.jpg,raw/isic/masks/ISIC_0012793_segmentation.png
isic_2018_task1_2,segmentation,val,ISIC_0012803,lesion,processed/isic_segmentation/images/val/ISIC_0012803.jpg,processed/isic_segmentation/masks/val/ISIC_0012803.png,raw/isic/images/ISIC_0012803.jpg,raw/isic/masks/ISIC_0012803_segmentation.png
isic_2018_task1_2,segmentation,train,ISIC_0012804,lesion,processed/isic_segmentation/images/train/ISIC_0012804.jpg,processed/isic_segmentation/masks/train/ISIC_0012804.png,raw/isic/images/ISIC_0012804.jpg,raw/isic/masks/ISIC_0012804_segmentation.png
isic_2018_task1_2,segmentation,val,ISIC_0012806,lesion,processed/isic_segmentation/images/val/ISIC_0012806.jpg,processed/isic_segmentation/masks/val/ISIC_0012806.png,raw/isic/images/ISIC_0012806.jpg,raw/isic/masks/ISIC_0012806_segmentation.png
isic_2018_task1_2,segmentation,train,ISIC_0012810,lesion,processed/isic_segmentation/images/train/ISIC_0012810.jpg,processed/isic_segmentation/masks/train/ISIC_0012810.png,raw/isic/images/ISIC_0012810.jpg,raw/isic/masks/ISIC_0012810_segmentation.png
isic_2018_task1_2,segmentation,train,ISIC_0012813,lesion,processed/isic_segmentation/images/train/ISIC_0012813.jpg,processed/isic_segmentation/masks/train/ISIC_0012813.png,raw/isic/images/ISIC_0012813.jpg,raw/isic/masks/ISIC_0012813_segmentation.png
isic_2018_task1_2,segmentation,train,ISIC_0012814,lesion,processed/isic_segmentation/images/train/ISIC_0012814.jpg,processed/isic_segmentation/masks/train/ISIC_0012814.png,raw/isic/images/ISIC_0012814.jpg,raw/isic/masks/ISIC_0012814_segmentation.png
isic_2018_task1_2,segmentation,train,ISIC_0012823,lesion,processed/isic_segmentation/images/train/ISIC_0012823.jpg,processed/isic_segmentation/masks/train/ISIC_0012823.png,raw/isic/images/ISIC_0012823.jpg,raw/isic/masks/ISIC_0012823_segmentation.png
isic_2018_task1_2,segmentation,train,ISIC_0012826,lesion,processed/isic_segmentation/images/train/ISIC_0012826.jpg,processed/isic_segmentation/masks/train/ISIC_0012826.png,raw/isic/images/ISIC_0012826.jpg,raw/isic/masks/ISIC_0012826_segmentation.png
isic_2018_task1_2,segmentation,val,ISIC_0012828,lesion,processed/isic_segmentation/images/val/ISIC_0012828.jpg,processed/isic_segmentation/masks/val/ISIC_0012828.png,raw/isic/images/ISIC_0012828.jpg,raw/isic/masks/ISIC_0012828_segmentation.png
isic_2018_task1_2,segmentation,train,ISIC_0012835,lesion,processed/isic_segmentation/images/train/ISIC_0012835.jpg,processed/isic_segmentation/masks/train/ISIC_0012835.png,raw/isic/images/ISIC_0012835.jpg,raw/isic/masks/ISIC_0012835_segmentation.png
isic_2018_task1_2,segmentation,train,ISIC_0012836,lesion,processed/isic_segmentation/images/train/ISIC_0012836.jpg,processed/isic_segmentation/masks/train/ISIC_0012836.png,raw/isic/images/ISIC_0012836.jpg,raw/isic/masks/ISIC_0012836_segmentation.png
isic_2018_task1_2,segmentation,train,ISIC_0012837,lesion,processed/isic_segmentation/images/train/ISIC_0012837.jpg,processed/isic_segmentation/masks/train/ISIC_0012837.png,raw/isic/images/ISIC_0012837.jpg,raw/isic/masks/ISIC_0012837_segmentation.png
isic_2018_task1_2,segmentation,train,ISIC_0012840,lesion,processed/isic_segmentation/images/train/ISIC_0012840.jpg,processed/isic_segmentation/masks/train/ISIC_0012840.png,raw/isic/images/ISIC_0012840.jpg,raw/isic/masks/ISIC_0012840_segmentation.png
isic_2018_task1_2,segmentation,train,ISIC_0012844,lesion,processed/isic_segmentation/images/train/ISIC_0012844.jpg,processed/isic_segmentation/masks/train/ISIC_0012844.png,raw/isic/images/ISIC_0012844.jpg,raw/isic/masks/ISIC_0012844_segmentation.png
isic_2018_task1_2,segmentation,test,ISIC_0012852,lesion,processed/isic_segmentation/images/test/ISIC_0012852.jpg,processed/isic_segmentation/masks/test/ISIC_0012852.png,raw/isic/images/ISIC_0012852.jpg,raw/isic/masks/ISIC_0012852_segmentation.png
isic_2018_task1_2,segmentation,train,ISIC_0012855,lesion,processed/isic_segmentation/images/train/ISIC_0012855.jpg,processed/isic_segmentation/masks/train/ISIC_0012855.png,raw/isic/images/ISIC_0012855.jpg,raw/isic/masks/ISIC_0012855_segmentation.png
isic_2018_task1_2,segmentation,test,ISIC_0012856,lesion,processed/isic_segmentation/images/test/ISIC_0012856.jpg,processed/isic_segmentation/masks/test/ISIC_0012856.png,raw/isic/images/ISIC_0012856.jpg,raw/isic/masks/ISIC_0012856_segmentation.png
isic_2018_task1_2,segmentation,val,ISIC_0012865,lesion,processed/isic_segmentation/images/val/ISIC_0012865.jpg,processed/isic_segmentation/masks/val/ISIC_0012865.png,raw/isic/images/ISIC_0012865.jpg,raw/isic/masks/ISIC_0012865_segmentation.png
isic_2018_task1_2,segmentation,train,ISIC_0012871,lesion,processed/isic_segmentation/images/train/ISIC_0012871.jpg,processed/isic_segmentation/masks/train/ISIC_0012871.png,raw/isic/images/ISIC_0012871.jpg,raw/isic/masks/ISIC_0012871_segmentation.png
isic_2018_task1_2,segmentation,train,ISIC_0012873,lesion,processed/isic_segmentation/images/train/ISIC_0012873.jpg,processed/isic_segmentation/masks/train/ISIC_0012873.png,raw/isic/images/ISIC_0012873.jpg,raw/isic/masks/ISIC_0012873_segmentation.png
isic_2018_task1_2,segmentation,val,ISIC_0012876,lesion,processed/isic_segmentation/images/val/ISIC_0012876.jpg,processed/isic_segmentation/masks/val/ISIC_0012876.png,raw/isic/images/ISIC_0012876.jpg,raw/isic/masks/ISIC_0012876_segmentation.png
isic_2018_task1_2,segmentation,train,ISIC_0012877,lesion,processed/isic_segmentation/images/train/ISIC_0012877.jpg,processed/isic_segmentation/masks/train/ISIC_0012877.png,raw/isic/images/ISIC_0012877.jpg,raw/isic/masks/ISIC_0012877_segmentation.png
isic_2018_task1_2,segmentation,val,ISIC_0012878,lesion,processed/isic_segmentation/images/val/ISIC_0012878.jpg,processed/isic_segmentation/masks/val/ISIC_0012878.png,raw/isic/images/ISIC_0012878.jpg,raw/isic/masks/ISIC_0012878_segmentation.png
isic_2018_task1_2,segmentation,val,ISIC_0012879,lesion,processed/isic_segmentation/images/val/ISIC_0012879.jpg,processed/isic_segmentation/masks/val/ISIC_0012879.png,raw/isic/images/ISIC_0012879.jpg,raw/isic/masks/ISIC_0012879_segmentation.png
isic_2018_task1_2,segmentation,train,ISIC_0012880,lesion,processed/isic_segmentation/images/train/ISIC_0012880.jpg,processed/isic_segmentation/masks/train/ISIC_0012880.png,raw/isic/images/ISIC_0012880.jpg,raw/isic/masks/ISIC_0012880_segmentation.png
isic_2018_task1_2,segmentation,train,ISIC_0012883,lesion,processed/isic_segmentation/images/train/ISIC_0012883.jpg,processed/isic_segmentation/masks/train/ISIC_0012883.png,raw/isic/images/ISIC_0012883.jpg,raw/isic/masks/ISIC_0012883_segmentation.png
isic_2018_task1_2,segmentation,train,ISIC_0012884,lesion,processed/isic_segmentation/images/train/ISIC_0012884.jpg,processed/isic_segmentation/masks/train/ISIC_0012884.png,raw/isic/images/ISIC_0012884.jpg,raw/isic/masks/ISIC_0012884_segmentation.png
isic_2018_task1_2,segmentation,val,ISIC_0012887,lesion,processed/isic_segmentation/images/val/ISIC_0012887.jpg,processed/isic_segmentation/masks/val/ISIC_0012887.png,raw/isic/images/ISIC_0012887.jpg,raw/isic/masks/ISIC_0012887_segmentation.png
isic_2018_task1_2,segmentation,train,ISIC_0012888,lesion,processed/isic_segmentation/images/train/ISIC_0012888.jpg,processed/isic_segmentation/masks/train/ISIC_0012888.png,raw/isic/images/ISIC_0012888.jpg,raw/isic/masks/ISIC_0012888_segmentation.png
isic_2018_task1_2,segmentation,test,ISIC_0012889,lesion,processed/isic_segmentation/images/test/ISIC_0012889.jpg,processed/isic_segmentation/masks/test/ISIC_0012889.png,raw/isic/images/ISIC_0012889.jpg,raw/isic/masks/ISIC_0012889_segmentation.png
isic_2018_task1_2,segmentation,val,ISIC_0012891,lesion,processed/isic_segmentation/images/val/ISIC_0012891.jpg,processed/isic_segmentation/masks/val/ISIC_0012891.png,raw/isic/images/ISIC_0012891.jpg,raw/isic/masks/ISIC_0012891_segmentation.png
isic_2018_task1_2,segmentation,train,ISIC_0012897,lesion,processed/isic_segmentation/images/train/ISIC_0012897.jpg,processed/isic_segmentation/masks/train/ISIC_0012897.png,raw/isic/images/ISIC_0012897.jpg,raw/isic/masks/ISIC_0012897_segmentation.png
isic_2018_task1_2,segmentation,train,ISIC_0012898,lesion,processed/isic_segmentation/images/train/ISIC_0012898.jpg,processed/isic_segmentation/masks/train/ISIC_0012898.png,raw/isic/images/ISIC_0012898.jpg,raw/isic/masks/ISIC_0012898_segmentation.png
isic_2018_task1_2,segmentation,train,ISIC_0012901,lesion,processed/isic_segmentation/images/train/ISIC_0012901.jpg,processed/isic_segmentation/masks/train/ISIC_0012901.png,raw/isic/images/ISIC_0012901.jpg,raw/isic/masks/ISIC_0012901_segmentation.png
isic_2018_task1_2,segmentation,train,ISIC_0012902,lesion,processed/isic_segmentation/images/train/ISIC_0012902.jpg,processed/isic_segmentation/masks/train/ISIC_0012902.png,raw/isic/images/ISIC_0012902.jpg,raw/isic/masks/ISIC_0012902_segmentation.png
isic_2018_task1_2,segmentation,train,ISIC_0012903,lesion,processed/isic_segmentation/images/train/ISIC_0012903.jpg,processed/isic_segmentation/masks/train/ISIC_0012903.png,raw/isic/images/ISIC_0012903.jpg,raw/isic/masks/ISIC_0012903_segmentation.png
isic_2018_task1_2,segmentation,val,ISIC_0012904,lesion,processed/isic_segmentation/images/val/ISIC_0012904.jpg,processed/isic_segmentation/masks/val/ISIC_0012904.png,raw/isic/images/ISIC_0012904.jpg,raw/isic/masks/ISIC_0012904_segmentation.png
isic_2018_task1_2,segmentation,train,ISIC_0012905,lesion,processed/isic_segmentation/images/train/ISIC_0012905.jpg,processed/isic_segmentation/masks/train/ISIC_0012905.png,raw/isic/images/ISIC_0012905.jpg,raw/isic/masks/ISIC_0012905_segmentation.png
isic_2018_task1_2,segmentation,train,ISIC_0012907,lesion,processed/isic_segmentation/images/train/ISIC_0012907.jpg,processed/isic_segmentation/masks/train/ISIC_0012907.png,raw/isic/images/ISIC_0012907.jpg,raw/isic/masks/ISIC_0012907_segmentation.png
isic_2018_task1_2,segmentation,train,ISIC_0012911,lesion,processed/isic_segmentation/images/train/ISIC_0012911.jpg,processed/isic_segmentation/masks/train/ISIC_0012911.png,raw/isic/images/ISIC_0012911.jpg,raw/isic/masks/ISIC_0012911_segmentation.png
isic_2018_task1_2,segmentation,train,ISIC_0012930,lesion,processed/isic_segmentation/images/train/ISIC_0012930.jpg,processed/isic_segmentation/masks/train/ISIC_0012930.png,raw/isic/images/ISIC_0012930.jpg,raw/isic/masks/ISIC_0012930_segmentation.png
isic_2018_task1_2,segmentation,train,ISIC_0012932,lesion,processed/isic_segmentation/images/train/ISIC_0012932.jpg,processed/isic_segmentation/masks/train/ISIC_0012932.png,raw/isic/images/ISIC_0012932.jpg,raw/isic/masks/ISIC_0012932_segmentation.png
isic_2018_task1_2,segmentation,val,ISIC_0012939,lesion,processed/isic_segmentation/images/val/ISIC_0012939.jpg,processed/isic_segmentation/masks/val/ISIC_0012939.png,raw/isic/images/ISIC_0012939.jpg,raw/isic/masks/ISIC_0012939_segmentation.png
isic_2018_task1_2,segmentation,test,ISIC_0012940,lesion,processed/isic_segmentation/images/test/ISIC_0012940.jpg,processed/isic_segmentation/masks/test/ISIC_0012940.png,raw/isic/images/ISIC_0012940.jpg,raw/isic/masks/ISIC_0012940_segmentation.png
isic_2018_task1_2,segmentation,train,ISIC_0012941,lesion,processed/isic_segmentation/images/train/ISIC_0012941.jpg,processed/isic_segmentation/masks/train/ISIC_0012941.png,raw/isic/images/ISIC_0012941.jpg,raw/isic/masks/ISIC_0012941_segmentation.png
isic_2018_task1_2,segmentation,val,ISIC_0012944,lesion,processed/isic_segmentation/images/val/ISIC_0012944.jpg,processed/isic_segmentation/masks/val/ISIC_0012944.png,raw/isic/images/ISIC_0012944.jpg,raw/isic/masks/ISIC_0012944_segmentation.png
isic_2018_task1_2,segmentation,train,ISIC_0012945,lesion,processed/isic_segmentation/images/train/ISIC_0012945.jpg,processed/isic_segmentation/masks/train/ISIC_0012945.png,raw/isic/images/ISIC_0012945.jpg,raw/isic/masks/ISIC_0012945_segmentation.png
isic_2018_task1_2,segmentation,train,ISIC_0012949,lesion,processed/isic_segmentation/images/train/ISIC_0012949.jpg,processed/isic_segmentation/masks/train/ISIC_0012949.png,raw/isic/images/ISIC_0012949.jpg,raw/isic/masks/ISIC_0012949_segmentation.png
isic_2018_task1_2,segmentation,val,ISIC_0012950,lesion,processed/isic_segmentation/images/val/ISIC_0012950.jpg,processed/isic_segmentation/masks/val/ISIC_0012950.png,raw/isic/images/ISIC_0012950.jpg,raw/isic/masks/ISIC_0012950_segmentation.png
isic_2018_task1_2,segmentation,train,ISIC_0012956,lesion,processed/isic_segmentation/images/train/ISIC_0012956.jpg,processed/isic_segmentation/masks/train/ISIC_0012956.png,raw/isic/images/ISIC_0012956.jpg,raw/isic/masks/ISIC_0012956_segmentation.png
isic_2018_task1_2,segmentation,train,ISIC_0012957,lesion,processed/isic_segmentation/images/train/ISIC_0012957.jpg,processed/isic_segmentation/masks/train/ISIC_0012957.png,raw/isic/images/ISIC_0012957.jpg,raw/isic/masks/ISIC_0012957_segmentation.png
isic_2018_task1_2,segmentation,train,ISIC_0012961,lesion,processed/isic_segmentation/images/train/ISIC_0012961.jpg,processed/isic_segmentation/masks/train/ISIC_0012961.png,raw/isic/images/ISIC_0012961.jpg,raw/isic/masks/ISIC_0012961_segmentation.png
isic_2018_task1_2,segmentation,train,ISIC_0012965,lesion,processed/isic_segmentation/images/train/ISIC_0012965.jpg,processed/isic_segmentation/masks/train/ISIC_0012965.png,raw/isic/images/ISIC_0012965.jpg,raw/isic/masks/ISIC_0012965_segmentation.png
isic_2018_task1_2,segmentation,train,ISIC_0012966,lesion,processed/isic_segmentation/images/train/ISIC_0012966.jpg,processed/isic_segmentation/masks/train/ISIC_0012966.png,raw/isic/images/ISIC_0012966.jpg,raw/isic/masks/ISIC_0012966_segmentation.png
isic_2018_task1_2,segmentation,train,ISIC_0012969,lesion,processed/isic_segmentation/images/train/ISIC_0012969.jpg,processed/isic_segmentation/masks/train/ISIC_0012969.png,raw/isic/images/ISIC_0012969.jpg,raw/isic/masks/ISIC_0012969_segmentation.png
isic_2018_task1_2,segmentation,train,ISIC_0012976,lesion,processed/isic_segmentation/images/train/ISIC_0012976.jpg,processed/isic_segmentation/masks/train/ISIC_0012976.png,raw/isic/images/ISIC_0012976.jpg,raw/isic/masks/ISIC_0012976_segmentation.png
isic_2018_task1_2,segmentation,val,ISIC_0012981,lesion,processed/isic_segmentation/images/val/ISIC_0012981.jpg,processed/isic_segmentation/masks/val/ISIC_0012981.png,raw/isic/images/ISIC_0012981.jpg,raw/isic/masks/ISIC_0012981_segmentation.png
isic_2018_task1_2,segmentation,train,ISIC_0012986,lesion,processed/isic_segmentation/images/train/ISIC_0012986.jpg,processed/isic_segmentation/masks/train/ISIC_0012986.png,raw/isic/images/ISIC_0012986.jpg,raw/isic/masks/ISIC_0012986_segmentation.png
isic_2018_task1_2,segmentation,train,ISIC_0012987,lesion,processed/isic_segmentation/images/train/ISIC_0012987.jpg,processed/isic_segmentation/masks/train/ISIC_0012987.png,raw/isic/images/ISIC_0012987.jpg,raw/isic/masks/ISIC_0012987_segmentation.png
isic_2018_task1_2,segmentation,train,ISIC_0012988,lesion,processed/isic_segmentation/images/train/ISIC_0012988.jpg,processed/isic_segmentation/masks/train/ISIC_0012988.png,raw/isic/images/ISIC_0012988.jpg,raw/isic/masks/ISIC_0012988_segmentation.png
isic_2018_task1_2,segmentation,train,ISIC_0012989,lesion,processed/isic_segmentation/images/train/ISIC_0012989.jpg,processed/isic_segmentation/masks/train/ISIC_0012989.png,raw/isic/images/ISIC_0012989.jpg,raw/isic/masks/ISIC_0012989_segmentation.png
isic_2018_task1_2,segmentation,train,ISIC_0012990,lesion,processed/isic_segmentation/images/train/ISIC_0012990.jpg,processed/isic_segmentation/masks/train/ISIC_0012990.png,raw/isic/images/ISIC_0012990.jpg,raw/isic/masks/ISIC_0012990_segmentation.png
isic_2018_task1_2,segmentation,train,ISIC_0012999,lesion,processed/isic_segmentation/images/train/ISIC_0012999.jpg,processed/isic_segmentation/masks/train/ISIC_0012999.png,raw/isic/images/ISIC_0012999.jpg,raw/isic/masks/ISIC_0012999_segmentation.png
isic_2018_task1_2,segmentation,train,ISIC_0013000,lesion,processed/isic_segmentation/images/train/ISIC_0013000.jpg,processed/isic_segmentation/masks/train/ISIC_0013000.png,raw/isic/images/ISIC_0013000.jpg,raw/isic/masks/ISIC_0013000_segmentation.png
isic_2018_task1_2,segmentation,train,ISIC_0013001,lesion,processed/isic_segmentation/images/train/ISIC_0013001.jpg,processed/isic_segmentation/masks/train/ISIC_0013001.png,raw/isic/images/ISIC_0013001.jpg,raw/isic/masks/ISIC_0013001_segmentation.png
isic_2018_task1_2,segmentation,train,ISIC_0013007,lesion,processed/isic_segmentation/images/train/ISIC_0013007.jpg,processed/isic_segmentation/masks/train/ISIC_0013007.png,raw/isic/images/ISIC_0013007.jpg,raw/isic/masks/ISIC_0013007_segmentation.png
isic_2018_task1_2,segmentation,train,ISIC_0013010,lesion,processed/isic_segmentation/images/train/ISIC_0013010.jpg,processed/isic_segmentation/masks/train/ISIC_0013010.png,raw/isic/images/ISIC_0013010.jpg,raw/isic/masks/ISIC_0013010_segmentation.png
isic_2018_task1_2,segmentation,train,ISIC_0013012,lesion,processed/isic_segmentation/images/train/ISIC_0013012.jpg,processed/isic_segmentation/masks/train/ISIC_0013012.png,raw/isic/images/ISIC_0013012.jpg,raw/isic/masks/ISIC_0013012_segmentation.png
isic_2018_task1_2,segmentation,train,ISIC_0013015,lesion,processed/isic_segmentation/images/train/ISIC_0013015.jpg,processed/isic_segmentation/masks/train/ISIC_0013015.png,raw/isic/images/ISIC_0013015.jpg,raw/isic/masks/ISIC_0013015_segmentation.png
isic_2018_task1_2,segmentation,train,ISIC_0013023,lesion,processed/isic_segmentation/images/train/ISIC_0013023.jpg,processed/isic_segmentation/masks/train/ISIC_0013023.png,raw/isic/images/ISIC_0013023.jpg,raw/isic/masks/ISIC_0013023_segmentation.png
isic_2018_task1_2,segmentation,train,ISIC_0013024,lesion,processed/isic_segmentation/images/train/ISIC_0013024.jpg,processed/isic_segmentation/masks/train/ISIC_0013024.png,raw/isic/images/ISIC_0013024.jpg,raw/isic/masks/ISIC_0013024_segmentation.png
isic_2018_task1_2,segmentation,val,ISIC_0013025,lesion,processed/isic_segmentation/images/val/ISIC_0013025.jpg,processed/isic_segmentation/masks/val/ISIC_0013025.png,raw/isic/images/ISIC_0013025.jpg,raw/isic/masks/ISIC_0013025_segmentation.png
isic_2018_task1_2,segmentation,val,ISIC_0013026,lesion,processed/isic_segmentation/images/val/ISIC_0013026.jpg,processed/isic_segmentation/masks/val/ISIC_0013026.png,raw/isic/images/ISIC_0013026.jpg,raw/isic/masks/ISIC_0013026_segmentation.png
isic_2018_task1_2,segmentation,train,ISIC_0013027,lesion,processed/isic_segmentation/images/train/ISIC_0013027.jpg,processed/isic_segmentation/masks/train/ISIC_0013027.png,raw/isic/images/ISIC_0013027.jpg,raw/isic/masks/ISIC_0013027_segmentation.png
isic_2018_task1_2,segmentation,train,ISIC_0013031,lesion,processed/isic_segmentation/images/train/ISIC_0013031.jpg,processed/isic_segmentation/masks/train/ISIC_0013031.png,raw/isic/images/ISIC_0013031.jpg,raw/isic/masks/ISIC_0013031_segmentation.png
isic_2018_task1_2,segmentation,train,ISIC_0013032,lesion,processed/isic_segmentation/images/train/ISIC_0013032.jpg,processed/isic_segmentation/masks/train/ISIC_0013032.png,raw/isic/images/ISIC_0013032.jpg,raw/isic/masks/ISIC_0013032_segmentation.png
isic_2018_task1_2,segmentation,train,ISIC_0013034,lesion,processed/isic_segmentation/images/train/ISIC_0013034.jpg,processed/isic_segmentation/masks/train/ISIC_0013034.png,raw/isic/images/ISIC_0013034.jpg,raw/isic/masks/ISIC_0013034_segmentation.png
isic_2018_task1_2,segmentation,test,ISIC_0013035,lesion,processed/isic_segmentation/images/test/ISIC_0013035.jpg,processed/isic_segmentation/masks/test/ISIC_0013035.png,raw/isic/images/ISIC_0013035.jpg,raw/isic/masks/ISIC_0013035_segmentation.png
isic_2018_task1_2,segmentation,train,ISIC_0013037,lesion,processed/isic_segmentation/images/train/ISIC_0013037.jpg,processed/isic_segmentation/masks/train/ISIC_0013037.png,raw/isic/images/ISIC_0013037.jpg,raw/isic/masks/ISIC_0013037_segmentation.png
isic_2018_task1_2,segmentation,train,ISIC_0013039,lesion,processed/isic_segmentation/images/train/ISIC_0013039.jpg,processed/isic_segmentation/masks/train/ISIC_0013039.png,raw/isic/images/ISIC_0013039.jpg,raw/isic/masks/ISIC_0013039_segmentation.png
isic_2018_task1_2,segmentation,train,ISIC_0013044,lesion,processed/isic_segmentation/images/train/ISIC_0013044.jpg,processed/isic_segmentation/masks/train/ISIC_0013044.png,raw/isic/images/ISIC_0013044.jpg,raw/isic/masks/ISIC_0013044_segmentation.png
isic_2018_task1_2,segmentation,train,ISIC_0013045,lesion,processed/isic_segmentation/images/train/ISIC_0013045.jpg,processed/isic_segmentation/masks/train/ISIC_0013045.png,raw/isic/images/ISIC_0013045.jpg,raw/isic/masks/ISIC_0013045_segmentation.png
isic_2018_task1_2,segmentation,train,ISIC_0013047,lesion,processed/isic_segmentation/images/train/ISIC_0013047.jpg,processed/isic_segmentation/masks/train/ISIC_0013047.png,raw/isic/images/ISIC_0013047.jpg,raw/isic/masks/ISIC_0013047_segmentation.png
isic_2018_task1_2,segmentation,train,ISIC_0013048,lesion,processed/isic_segmentation/images/train/ISIC_0013048.jpg,processed/isic_segmentation/masks/train/ISIC_0013048.png,raw/isic/images/ISIC_0013048.jpg,raw/isic/masks/ISIC_0013048_segmentation.png
isic_2018_task1_2,segmentation,train,ISIC_0013052,lesion,processed/isic_segmentation/images/train/ISIC_0013052.jpg,processed/isic_segmentation/masks/train/ISIC_0013052.png,raw/isic/images/ISIC_0013052.jpg,raw/isic/masks/ISIC_0013052_segmentation.png
isic_2018_task1_2,segmentation,train,ISIC_0013053,lesion,processed/isic_segmentation/images/train/ISIC_0013053.jpg,processed/isic_segmentation/masks/train/ISIC_0013053.png,raw/isic/images/ISIC_0013053.jpg,raw/isic/masks/ISIC_0013053_segmentation.png
isic_2018_task1_2,segmentation,train,ISIC_0013054,lesion,processed/isic_segmentation/images/train/ISIC_0013054.jpg,processed/isic_segmentation/masks/train/ISIC_0013054.png,raw/isic/images/ISIC_0013054.jpg,raw/isic/masks/ISIC_0013054_segmentation.png
isic_2018_task1_2,segmentation,train,ISIC_0013055,lesion,processed/isic_segmentation/images/train/ISIC_0013055.jpg,processed/isic_segmentation/masks/train/ISIC_0013055.png,raw/isic/images/ISIC_0013055.jpg,raw/isic/masks/ISIC_0013055_segmentation.png
isic_2018_task1_2,segmentation,train,ISIC_0013056,lesion,processed/isic_segmentation/images/train/ISIC_0013056.jpg,processed/isic_segmentation/masks/train/ISIC_0013056.png,raw/isic/images/ISIC_0013056.jpg,raw/isic/masks/ISIC_0013056_segmentation.png
isic_2018_task1_2,segmentation,val,ISIC_0013063,lesion,processed/isic_segmentation/images/val/ISIC_0013063.jpg,processed/isic_segmentation/masks/val/ISIC_0013063.png,raw/isic/images/ISIC_0013063.jpg,raw/isic/masks/ISIC_0013063_segmentation.png
isic_2018_task1_2,segmentation,train,ISIC_0013065,lesion,processed/isic_segmentation/images/train/ISIC_0013065.jpg,processed/isic_segmentation/masks/train/ISIC_0013065.png,raw/isic/images/ISIC_0013065.jpg,raw/isic/masks/ISIC_0013065_segmentation.png
isic_2018_task1_2,segmentation,train,ISIC_0013070,lesion,processed/isic_segmentation/images/train/ISIC_0013070.jpg,processed/isic_segmentation/masks/train/ISIC_0013070.png,raw/isic/images/ISIC_0013070.jpg,raw/isic/masks/ISIC_0013070_segmentation.png
isic_2018_task1_2,segmentation,test,ISIC_0013071,lesion,processed/isic_segmentation/images/test/ISIC_0013071.jpg,processed/isic_segmentation/masks/test/ISIC_0013071.png,raw/isic/images/ISIC_0013071.jpg,raw/isic/masks/ISIC_0013071_segmentation.png
isic_2018_task1_2,segmentation,train,ISIC_0013072,lesion,processed/isic_segmentation/images/train/ISIC_0013072.jpg,processed/isic_segmentation/masks/train/ISIC_0013072.png,raw/isic/images/ISIC_0013072.jpg,raw/isic/masks/ISIC_0013072_segmentation.png
isic_2018_task1_2,segmentation,train,ISIC_0013073,lesion,processed/isic_segmentation/images/train/ISIC_0013073.jpg,processed/isic_segmentation/masks/train/ISIC_0013073.png,raw/isic/images/ISIC_0013073.jpg,raw/isic/masks/ISIC_0013073_segmentation.png
isic_2018_task1_2,segmentation,train,ISIC_0013075,lesion,processed/isic_segmentation/images/train/ISIC_0013075.jpg,processed/isic_segmentation/masks/train/ISIC_0013075.png,raw/isic/images/ISIC_0013075.jpg,raw/isic/masks/ISIC_0013075_segmentation.png
isic_2018_task1_2,segmentation,train,ISIC_0013079,lesion,processed/isic_segmentation/images/train/ISIC_0013079.jpg,processed/isic_segmentation/masks/train/ISIC_0013079.png,raw/isic/images/ISIC_0013079.jpg,raw/isic/masks/ISIC_0013079_segmentation.png
isic_2018_task1_2,segmentation,train,ISIC_0013082,lesion,processed/isic_segmentation/images/train/ISIC_0013082.jpg,processed/isic_segmentation/masks/train/ISIC_0013082.png,raw/isic/images/ISIC_0013082.jpg,raw/isic/masks/ISIC_0013082_segmentation.png
isic_2018_task1_2,segmentation,val,ISIC_0013084,lesion,processed/isic_segmentation/images/val/ISIC_0013084.jpg,processed/isic_segmentation/masks/val/ISIC_0013084.png,raw/isic/images/ISIC_0013084.jpg,raw/isic/masks/ISIC_0013084_segmentation.png
isic_2018_task1_2,segmentation,val,ISIC_0013086,lesion,processed/isic_segmentation/images/val/ISIC_0013086.jpg,processed/isic_segmentation/masks/val/ISIC_0013086.png,raw/isic/images/ISIC_0013086.jpg,raw/isic/masks/ISIC_0013086_segmentation.png
isic_2018_task1_2,segmentation,test,ISIC_0013087,lesion,processed/isic_segmentation/images/test/ISIC_0013087.jpg,processed/isic_segmentation/masks/test/ISIC_0013087.png,raw/isic/images/ISIC_0013087.jpg,raw/isic/masks/ISIC_0013087_segmentation.png
isic_2018_task1_2,segmentation,val,ISIC_0013089,lesion,processed/isic_segmentation/images/val/ISIC_0013089.jpg,processed/isic_segmentation/masks/val/ISIC_0013089.png,raw/isic/images/ISIC_0013089.jpg,raw/isic/masks/ISIC_0013089_segmentation.png
isic_2018_task1_2,segmentation,train,ISIC_0013090,lesion,processed/isic_segmentation/images/train/ISIC_0013090.jpg,processed/isic_segmentation/masks/train/ISIC_0013090.png,raw/isic/images/ISIC_0013090.jpg,raw/isic/masks/ISIC_0013090_segmentation.png
isic_2018_task1_2,segmentation,train,ISIC_0013094,lesion,processed/isic_segmentation/images/train/ISIC_0013094.jpg,processed/isic_segmentation/masks/train/ISIC_0013094.png,raw/isic/images/ISIC_0013094.jpg,raw/isic/masks/ISIC_0013094_segmentation.png
isic_2018_task1_2,segmentation,train,ISIC_0013096,lesion,processed/isic_segmentation/images/train/ISIC_0013096.jpg,processed/isic_segmentation/masks/train/ISIC_0013096.png,raw/isic/images/ISIC_0013096.jpg,raw/isic/masks/ISIC_0013096_segmentation.png
isic_2018_task1_2,segmentation,train,ISIC_0013104,lesion,processed/isic_segmentation/images/train/ISIC_0013104.jpg,processed/isic_segmentation/masks/train/ISIC_0013104.png,raw/isic/images/ISIC_0013104.jpg,raw/isic/masks/ISIC_0013104_segmentation.png
isic_2018_task1_2,segmentation,train,ISIC_0013106,lesion,processed/isic_segmentation/images/train/ISIC_0013106.jpg,processed/isic_segmentation/masks/train/ISIC_0013106.png,raw/isic/images/ISIC_0013106.jpg,raw/isic/masks/ISIC_0013106_segmentation.png
isic_2018_task1_2,segmentation,train,ISIC_0013109,lesion,processed/isic_segmentation/images/train/ISIC_0013109.jpg,processed/isic_segmentation/masks/train/ISIC_0013109.png,raw/isic/images/ISIC_0013109.jpg,raw/isic/masks/ISIC_0013109_segmentation.png
isic_2018_task1_2,segmentation,test,ISIC_0013112,lesion,processed/isic_segmentation/images/test/ISIC_0013112.jpg,processed/isic_segmentation/masks/test/ISIC_0013112.png,raw/isic/images/ISIC_0013112.jpg,raw/isic/masks/ISIC_0013112_segmentation.png
isic_2018_task1_2,segmentation,train,ISIC_0013114,lesion,processed/isic_segmentation/images/train/ISIC_0013114.jpg,processed/isic_segmentation/masks/train/ISIC_0013114.png,raw/isic/images/ISIC_0013114.jpg,raw/isic/masks/ISIC_0013114_segmentation.png
isic_2018_task1_2,segmentation,train,ISIC_0013118,lesion,processed/isic_segmentation/images/train/ISIC_0013118.jpg,processed/isic_segmentation/masks/train/ISIC_0013118.png,raw/isic/images/ISIC_0013118.jpg,raw/isic/masks/ISIC_0013118_segmentation.png
isic_2018_task1_2,segmentation,train,ISIC_0013120,lesion,processed/isic_segmentation/images/train/ISIC_0013120.jpg,processed/isic_segmentation/masks/train/ISIC_0013120.png,raw/isic/images/ISIC_0013120.jpg,raw/isic/masks/ISIC_0013120_segmentation.png
isic_2018_task1_2,segmentation,train,ISIC_0013121,lesion,processed/isic_segmentation/images/train/ISIC_0013121.jpg,processed/isic_segmentation/masks/train/ISIC_0013121.png,raw/isic/images/ISIC_0013121.jpg,raw/isic/masks/ISIC_0013121_segmentation.png
isic_2018_task1_2,segmentation,train,ISIC_0013124,lesion,processed/isic_segmentation/images/train/ISIC_0013124.jpg,processed/isic_segmentation/masks/train/ISIC_0013124.png,raw/isic/images/ISIC_0013124.jpg,raw/isic/masks/ISIC_0013124_segmentation.png
isic_2018_task1_2,segmentation,test,ISIC_0013126,lesion,processed/isic_segmentation/images/test/ISIC_0013126.jpg,processed/isic_segmentation/masks/test/ISIC_0013126.png,raw/isic/images/ISIC_0013126.jpg,raw/isic/masks/ISIC_0013126_segmentation.png
isic_2018_task1_2,segmentation,train,ISIC_0013128,lesion,processed/isic_segmentation/images/train/ISIC_0013128.jpg,processed/isic_segmentation/masks/train/ISIC_0013128.png,raw/isic/images/ISIC_0013128.jpg,raw/isic/masks/ISIC_0013128_segmentation.png
isic_2018_task1_2,segmentation,train,ISIC_0013129,lesion,processed/isic_segmentation/images/train/ISIC_0013129.jpg,processed/isic_segmentation/masks/train/ISIC_0013129.png,raw/isic/images/ISIC_0013129.jpg,raw/isic/masks/ISIC_0013129_segmentation.png
isic_2018_task1_2,segmentation,train,ISIC_0013134,lesion,processed/isic_segmentation/images/train/ISIC_0013134.jpg,processed/isic_segmentation/masks/train/ISIC_0013134.png,raw/isic/images/ISIC_0013134.jpg,raw/isic/masks/ISIC_0013134_segmentation.png
isic_2018_task1_2,segmentation,train,ISIC_0013136,lesion,processed/isic_segmentation/images/train/ISIC_0013136.jpg,processed/isic_segmentation/masks/train/ISIC_0013136.png,raw/isic/images/ISIC_0013136.jpg,raw/isic/masks/ISIC_0013136_segmentation.png
isic_2018_task1_2,segmentation,train,ISIC_0013140,lesion,processed/isic_segmentation/images/train/ISIC_0013140.jpg,processed/isic_segmentation/masks/train/ISIC_0013140.png,raw/isic/images/ISIC_0013140.jpg,raw/isic/masks/ISIC_0013140_segmentation.png
isic_2018_task1_2,segmentation,train,ISIC_0013141,lesion,processed/isic_segmentation/images/train/ISIC_0013141.jpg,processed/isic_segmentation/masks/train/ISIC_0013141.png,raw/isic/images/ISIC_0013141.jpg,raw/isic/masks/ISIC_0013141_segmentation.png
isic_2018_task1_2,segmentation,train,ISIC_0013146,lesion,processed/isic_segmentation/images/train/ISIC_0013146.jpg,processed/isic_segmentation/masks/train/ISIC_0013146.png,raw/isic/images/ISIC_0013146.jpg,raw/isic/masks/ISIC_0013146_segmentation.png
isic_2018_task1_2,segmentation,val,ISIC_0013147,lesion,processed/isic_segmentation/images/val/ISIC_0013147.jpg,processed/isic_segmentation/masks/val/ISIC_0013147.png,raw/isic/images/ISIC_0013147.jpg,raw/isic/masks/ISIC_0013147_segmentation.png
isic_2018_task1_2,segmentation,train,ISIC_0013150,lesion,processed/isic_segmentation/images/train/ISIC_0013150.jpg,processed/isic_segmentation/masks/train/ISIC_0013150.png,raw/isic/images/ISIC_0013150.jpg,raw/isic/masks/ISIC_0013150_segmentation.png
isic_2018_task1_2,segmentation,test,ISIC_0013155,lesion,processed/isic_segmentation/images/test/ISIC_0013155.jpg,processed/isic_segmentation/masks/test/ISIC_0013155.png,raw/isic/images/ISIC_0013155.jpg,raw/isic/masks/ISIC_0013155_segmentation.png
isic_2018_task1_2,segmentation,val,ISIC_0013159,lesion,processed/isic_segmentation/images/val/ISIC_0013159.jpg,processed/isic_segmentation/masks/val/ISIC_0013159.png,raw/isic/images/ISIC_0013159.jpg,raw/isic/masks/ISIC_0013159_segmentation.png
isic_2018_task1_2,segmentation,train,ISIC_0013160,lesion,processed/isic_segmentation/images/train/ISIC_0013160.jpg,processed/isic_segmentation/masks/train/ISIC_0013160.png,raw/isic/images/ISIC_0013160.jpg,raw/isic/masks/ISIC_0013160_segmentation.png
isic_2018_task1_2,segmentation,train,ISIC_0013163,lesion,processed/isic_segmentation/images/train/ISIC_0013163.jpg,processed/isic_segmentation/masks/train/ISIC_0013163.png,raw/isic/images/ISIC_0013163.jpg,raw/isic/masks/ISIC_0013163_segmentation.png
isic_2018_task1_2,segmentation,train,ISIC_0013164,lesion,processed/isic_segmentation/images/train/ISIC_0013164.jpg,processed/isic_segmentation/masks/train/ISIC_0013164.png,raw/isic/images/ISIC_0013164.jpg,raw/isic/masks/ISIC_0013164_segmentation.png
isic_2018_task1_2,segmentation,train,ISIC_0013165,lesion,processed/isic_segmentation/images/train/ISIC_0013165.jpg,processed/isic_segmentation/masks/train/ISIC_0013165.png,raw/isic/images/ISIC_0013165.jpg,raw/isic/masks/ISIC_0013165_segmentation.png
isic_2018_task1_2,segmentation,train,ISIC_0013166,lesion,processed/isic_segmentation/images/train/ISIC_0013166.jpg,processed/isic_segmentation/masks/train/ISIC_0013166.png,raw/isic/images/ISIC_0013166.jpg,raw/isic/masks/ISIC_0013166_segmentation.png
isic_2018_task1_2,segmentation,train,ISIC_0013167,lesion,processed/isic_segmentation/images/train/ISIC_0013167.jpg,processed/isic_segmentation/masks/train/ISIC_0013167.png,raw/isic/images/ISIC_0013167.jpg,raw/isic/masks/ISIC_0013167_segmentation.png
isic_2018_task1_2,segmentation,val,ISIC_0013169,lesion,processed/isic_segmentation/images/val/ISIC_0013169.jpg,processed/isic_segmentation/masks/val/ISIC_0013169.png,raw/isic/images/ISIC_0013169.jpg,raw/isic/masks/ISIC_0013169_segmentation.png
isic_2018_task1_2,segmentation,val,ISIC_0013170,lesion,processed/isic_segmentation/images/val/ISIC_0013170.jpg,processed/isic_segmentation/masks/val/ISIC_0013170.png,raw/isic/images/ISIC_0013170.jpg,raw/isic/masks/ISIC_0013170_segmentation.png
isic_2018_task1_2,segmentation,train,ISIC_0013172,lesion,processed/isic_segmentation/images/train/ISIC_0013172.jpg,processed/isic_segmentation/masks/train/ISIC_0013172.png,raw/isic/images/ISIC_0013172.jpg,raw/isic/masks/ISIC_0013172_segmentation.png
isic_2018_task1_2,segmentation,train,ISIC_0013173,lesion,processed/isic_segmentation/images/train/ISIC_0013173.jpg,processed/isic_segmentation/masks/train/ISIC_0013173.png,raw/isic/images/ISIC_0013173.jpg,raw/isic/masks/ISIC_0013173_segmentation.png
isic_2018_task1_2,segmentation,train,ISIC_0013176,lesion,processed/isic_segmentation/images/train/ISIC_0013176.jpg,processed/isic_segmentation/masks/train/ISIC_0013176.png,raw/isic/images/ISIC_0013176.jpg,raw/isic/masks/ISIC_0013176_segmentation.png
isic_2018_task1_2,segmentation,train,ISIC_0013177,lesion,processed/isic_segmentation/images/train/ISIC_0013177.jpg,processed/isic_segmentation/masks/train/ISIC_0013177.png,raw/isic/images/ISIC_0013177.jpg,raw/isic/masks/ISIC_0013177_segmentation.png
isic_2018_task1_2,segmentation,train,ISIC_0013178,lesion,processed/isic_segmentation/images/train/ISIC_0013178.jpg,processed/isic_segmentation/masks/train/ISIC_0013178.png,raw/isic/images/ISIC_0013178.jpg,raw/isic/masks/ISIC_0013178_segmentation.png
isic_2018_task1_2,segmentation,val,ISIC_0013181,lesion,processed/isic_segmentation/images/val/ISIC_0013181.jpg,processed/isic_segmentation/masks/val/ISIC_0013181.png,raw/isic/images/ISIC_0013181.jpg,raw/isic/masks/ISIC_0013181_segmentation.png
isic_2018_task1_2,segmentation,train,ISIC_0013184,lesion,processed/isic_segmentation/images/train/ISIC_0013184.jpg,processed/isic_segmentation/masks/train/ISIC_0013184.png,raw/isic/images/ISIC_0013184.jpg,raw/isic/masks/ISIC_0013184_segmentation.png
isic_2018_task1_2,segmentation,test,ISIC_0013187,lesion,processed/isic_segmentation/images/test/ISIC_0013187.jpg,processed/isic_segmentation/masks/test/ISIC_0013187.png,raw/isic/images/ISIC_0013187.jpg,raw/isic/masks/ISIC_0013187_segmentation.png
isic_2018_task1_2,segmentation,train,ISIC_0013189,lesion,processed/isic_segmentation/images/train/ISIC_0013189.jpg,processed/isic_segmentation/masks/train/ISIC_0013189.png,raw/isic/images/ISIC_0013189.jpg,raw/isic/masks/ISIC_0013189_segmentation.png
isic_2018_task1_2,segmentation,val,ISIC_0013190,lesion,processed/isic_segmentation/images/val/ISIC_0013190.jpg,processed/isic_segmentation/masks/val/ISIC_0013190.png,raw/isic/images/ISIC_0013190.jpg,raw/isic/masks/ISIC_0013190_segmentation.png
isic_2018_task1_2,segmentation,val,ISIC_0013191,lesion,processed/isic_segmentation/images/val/ISIC_0013191.jpg,processed/isic_segmentation/masks/val/ISIC_0013191.png,raw/isic/images/ISIC_0013191.jpg,raw/isic/masks/ISIC_0013191_segmentation.png
isic_2018_task1_2,segmentation,train,ISIC_0013192,lesion,processed/isic_segmentation/images/train/ISIC_0013192.jpg,processed/isic_segmentation/masks/train/ISIC_0013192.png,raw/isic/images/ISIC_0013192.jpg,raw/isic/masks/ISIC_0013192_segmentation.png
isic_2018_task1_2,segmentation,train,ISIC_0013193,lesion,processed/isic_segmentation/images/train/ISIC_0013193.jpg,processed/isic_segmentation/masks/train/ISIC_0013193.png,raw/isic/images/ISIC_0013193.jpg,raw/isic/masks/ISIC_0013193_segmentation.png
isic_2018_task1_2,segmentation,train,ISIC_0013196,lesion,processed/isic_segmentation/images/train/ISIC_0013196.jpg,processed/isic_segmentation/masks/train/ISIC_0013196.png,raw/isic/images/ISIC_0013196.jpg,raw/isic/masks/ISIC_0013196_segmentation.png
isic_2018_task1_2,segmentation,val,ISIC_0013197,lesion,processed/isic_segmentation/images/val/ISIC_0013197.jpg,processed/isic_segmentation/masks/val/ISIC_0013197.png,raw/isic/images/ISIC_0013197.jpg,raw/isic/masks/ISIC_0013197_segmentation.png
isic_2018_task1_2,segmentation,val,ISIC_0013198,lesion,processed/isic_segmentation/images/val/ISIC_0013198.jpg,processed/isic_segmentation/masks/val/ISIC_0013198.png,raw/isic/images/ISIC_0013198.jpg,raw/isic/masks/ISIC_0013198_segmentation.png
isic_2018_task1_2,segmentation,val,ISIC_0013200,lesion,processed/isic_segmentation/images/val/ISIC_0013200.jpg,processed/isic_segmentation/masks/val/ISIC_0013200.png,raw/isic/images/ISIC_0013200.jpg,raw/isic/masks/ISIC_0013200_segmentation.png
isic_2018_task1_2,segmentation,val,ISIC_0013201,lesion,processed/isic_segmentation/images/val/ISIC_0013201.jpg,processed/isic_segmentation/masks/val/ISIC_0013201.png,raw/isic/images/ISIC_0013201.jpg,raw/isic/masks/ISIC_0013201_segmentation.png
isic_2018_task1_2,segmentation,train,ISIC_0013203,lesion,processed/isic_segmentation/images/train/ISIC_0013203.jpg,processed/isic_segmentation/masks/train/ISIC_0013203.png,raw/isic/images/ISIC_0013203.jpg,raw/isic/masks/ISIC_0013203_segmentation.png
isic_2018_task1_2,segmentation,test,ISIC_0013204,lesion,processed/isic_segmentation/images/test/ISIC_0013204.jpg,processed/isic_segmentation/masks/test/ISIC_0013204.png,raw/isic/images/ISIC_0013204.jpg,raw/isic/masks/ISIC_0013204_segmentation.png
isic_2018_task1_2,segmentation,train,ISIC_0013205,lesion,processed/isic_segmentation/images/train/ISIC_0013205.jpg,processed/isic_segmentation/masks/train/ISIC_0013205.png,raw/isic/images/ISIC_0013205.jpg,raw/isic/masks/ISIC_0013205_segmentation.png
isic_2018_task1_2,segmentation,val,ISIC_0013207,lesion,processed/isic_segmentation/images/val/ISIC_0013207.jpg,processed/isic_segmentation/masks/val/ISIC_0013207.png,raw/isic/images/ISIC_0013207.jpg,raw/isic/masks/ISIC_0013207_segmentation.png
isic_2018_task1_2,segmentation,train,ISIC_0013208,lesion,processed/isic_segmentation/images/train/ISIC_0013208.jpg,processed/isic_segmentation/masks/train/ISIC_0013208.png,raw/isic/images/ISIC_0013208.jpg,raw/isic/masks/ISIC_0013208_segmentation.png
isic_2018_task1_2,segmentation,train,ISIC_0013212,lesion,processed/isic_segmentation/images/train/ISIC_0013212.jpg,processed/isic_segmentation/masks/train/ISIC_0013212.png,raw/isic/images/ISIC_0013212.jpg,raw/isic/masks/ISIC_0013212_segmentation.png
isic_2018_task1_2,segmentation,test,ISIC_0013213,lesion,processed/isic_segmentation/images/test/ISIC_0013213.jpg,processed/isic_segmentation/masks/test/ISIC_0013213.png,raw/isic/images/ISIC_0013213.jpg,raw/isic/masks/ISIC_0013213_segmentation.png
isic_2018_task1_2,segmentation,train,ISIC_0013216,lesion,processed/isic_segmentation/images/train/ISIC_0013216.jpg,processed/isic_segmentation/masks/train/ISIC_0013216.png,raw/isic/images/ISIC_0013216.jpg,raw/isic/masks/ISIC_0013216_segmentation.png
isic_2018_task1_2,segmentation,train,ISIC_0013217,lesion,processed/isic_segmentation/images/train/ISIC_0013217.jpg,processed/isic_segmentation/masks/train/ISIC_0013217.png,raw/isic/images/ISIC_0013217.jpg,raw/isic/masks/ISIC_0013217_segmentation.png
isic_2018_task1_2,segmentation,val,ISIC_0013219,lesion,processed/isic_segmentation/images/val/ISIC_0013219.jpg,processed/isic_segmentation/masks/val/ISIC_0013219.png,raw/isic/images/ISIC_0013219.jpg,raw/isic/masks/ISIC_0013219_segmentation.png
isic_2018_task1_2,segmentation,train,ISIC_0013220,lesion,processed/isic_segmentation/images/train/ISIC_0013220.jpg,processed/isic_segmentation/masks/train/ISIC_0013220.png,raw/isic/images/ISIC_0013220.jpg,raw/isic/masks/ISIC_0013220_segmentation.png
isic_2018_task1_2,segmentation,train,ISIC_0013222,lesion,processed/isic_segmentation/images/train/ISIC_0013222.jpg,processed/isic_segmentation/masks/train/ISIC_0013222.png,raw/isic/images/ISIC_0013222.jpg,raw/isic/masks/ISIC_0013222_segmentation.png
isic_2018_task1_2,segmentation,train,ISIC_0013223,lesion,processed/isic_segmentation/images/train/ISIC_0013223.jpg,processed/isic_segmentation/masks/train/ISIC_0013223.png,raw/isic/images/ISIC_0013223.jpg,raw/isic/masks/ISIC_0013223_segmentation.png
isic_2018_task1_2,segmentation,train,ISIC_0013224,lesion,processed/isic_segmentation/images/train/ISIC_0013224.jpg,processed/isic_segmentation/masks/train/ISIC_0013224.png,raw/isic/images/ISIC_0013224.jpg,raw/isic/masks/ISIC_0013224_segmentation.png
isic_2018_task1_2,segmentation,train,ISIC_0013226,lesion,processed/isic_segmentation/images/train/ISIC_0013226.jpg,processed/isic_segmentation/masks/train/ISIC_0013226.png,raw/isic/images/ISIC_0013226.jpg,raw/isic/masks/ISIC_0013226_segmentation.png
isic_2018_task1_2,segmentation,val,ISIC_0013227,lesion,processed/isic_segmentation/images/val/ISIC_0013227.jpg,processed/isic_segmentation/masks/val/ISIC_0013227.png,raw/isic/images/ISIC_0013227.jpg,raw/isic/masks/ISIC_0013227_segmentation.png
isic_2018_task1_2,segmentation,train,ISIC_0013229,lesion,processed/isic_segmentation/images/train/ISIC_0013229.jpg,processed/isic_segmentation/masks/train/ISIC_0013229.png,raw/isic/images/ISIC_0013229.jpg,raw/isic/masks/ISIC_0013229_segmentation.png
isic_2018_task1_2,segmentation,train,ISIC_0013230,lesion,processed/isic_segmentation/images/train/ISIC_0013230.jpg,processed/isic_segmentation/masks/train/ISIC_0013230.png,raw/isic/images/ISIC_0013230.jpg,raw/isic/masks/ISIC_0013230_segmentation.png
isic_2018_task1_2,segmentation,train,ISIC_0013232,lesion,processed/isic_segmentation/images/train/ISIC_0013232.jpg,processed/isic_segmentation/masks/train/ISIC_0013232.png,raw/isic/images/ISIC_0013232.jpg,raw/isic/masks/ISIC_0013232_segmentation.png
isic_2018_task1_2,segmentation,train,ISIC_0013233,lesion,processed/isic_segmentation/images/train/ISIC_0013233.jpg,processed/isic_segmentation/masks/train/ISIC_0013233.png,raw/isic/images/ISIC_0013233.jpg,raw/isic/masks/ISIC_0013233_segmentation.png
isic_2018_task1_2,segmentation,train,ISIC_0013235,lesion,processed/isic_segmentation/images/train/ISIC_0013235.jpg,processed/isic_segmentation/masks/train/ISIC_0013235.png,raw/isic/images/ISIC_0013235.jpg,raw/isic/masks/ISIC_0013235_segmentation.png
isic_2018_task1_2,segmentation,train,ISIC_0013238,lesion,processed/isic_segmentation/images/train/ISIC_0013238.jpg,processed/isic_segmentation/masks/train/ISIC_0013238.png,raw/isic/images/ISIC_0013238.jpg,raw/isic/masks/ISIC_0013238_segmentation.png
isic_2018_task1_2,segmentation,train,ISIC_0013242,lesion,processed/isic_segmentation/images/train/ISIC_0013242.jpg,processed/isic_segmentation/masks/train/ISIC_0013242.png,raw/isic/images/ISIC_0013242.jpg,raw/isic/masks/ISIC_0013242_segmentation.png
isic_2018_task1_2,segmentation,train,ISIC_0013244,lesion,processed/isic_segmentation/images/train/ISIC_0013244.jpg,processed/isic_segmentation/masks/train/ISIC_0013244.png,raw/isic/images/ISIC_0013244.jpg,raw/isic/masks/ISIC_0013244_segmentation.png
isic_2018_task1_2,segmentation,train,ISIC_0013248,lesion,processed/isic_segmentation/images/train/ISIC_0013248.jpg,processed/isic_segmentation/masks/train/ISIC_0013248.png,raw/isic/images/ISIC_0013248.jpg,raw/isic/masks/ISIC_0013248_segmentation.png
isic_2018_task1_2,segmentation,train,ISIC_0013249,lesion,processed/isic_segmentation/images/train/ISIC_0013249.jpg,processed/isic_segmentation/masks/train/ISIC_0013249.png,raw/isic/images/ISIC_0013249.jpg,raw/isic/masks/ISIC_0013249_segmentation.png
isic_2018_task1_2,segmentation,val,ISIC_0013257,lesion,processed/isic_segmentation/images/val/ISIC_0013257.jpg,processed/isic_segmentation/masks/val/ISIC_0013257.png,raw/isic/images/ISIC_0013257.jpg,raw/isic/masks/ISIC_0013257_segmentation.png
isic_2018_task1_2,segmentation,val,ISIC_0013258,lesion,processed/isic_segmentation/images/val/ISIC_0013258.jpg,processed/isic_segmentation/masks/val/ISIC_0013258.png,raw/isic/images/ISIC_0013258.jpg,raw/isic/masks/ISIC_0013258_segmentation.png
isic_2018_task1_2,segmentation,train,ISIC_0013269,lesion,processed/isic_segmentation/images/train/ISIC_0013269.jpg,processed/isic_segmentation/masks/train/ISIC_0013269.png,raw/isic/images/ISIC_0013269.jpg,raw/isic/masks/ISIC_0013269_segmentation.png
isic_2018_task1_2,segmentation,val,ISIC_0013271,lesion,processed/isic_segmentation/images/val/ISIC_0013271.jpg,processed/isic_segmentation/masks/val/ISIC_0013271.png,raw/isic/images/ISIC_0013271.jpg,raw/isic/masks/ISIC_0013271_segmentation.png
isic_2018_task1_2,segmentation,train,ISIC_0013274,lesion,processed/isic_segmentation/images/train/ISIC_0013274.jpg,processed/isic_segmentation/masks/train/ISIC_0013274.png,raw/isic/images/ISIC_0013274.jpg,raw/isic/masks/ISIC_0013274_segmentation.png
isic_2018_task1_2,segmentation,val,ISIC_0013275,lesion,processed/isic_segmentation/images/val/ISIC_0013275.jpg,processed/isic_segmentation/masks/val/ISIC_0013275.png,raw/isic/images/ISIC_0013275.jpg,raw/isic/masks/ISIC_0013275_segmentation.png
isic_2018_task1_2,segmentation,train,ISIC_0013277,lesion,processed/isic_segmentation/images/train/ISIC_0013277.jpg,processed/isic_segmentation/masks/train/ISIC_0013277.png,raw/isic/images/ISIC_0013277.jpg,raw/isic/masks/ISIC_0013277_segmentation.png
isic_2018_task1_2,segmentation,train,ISIC_0013287,lesion,processed/isic_segmentation/images/train/ISIC_0013287.jpg,processed/isic_segmentation/masks/train/ISIC_0013287.png,raw/isic/images/ISIC_0013287.jpg,raw/isic/masks/ISIC_0013287_segmentation.png
isic_2018_task1_2,segmentation,val,ISIC_0013288,lesion,processed/isic_segmentation/images/val/ISIC_0013288.jpg,processed/isic_segmentation/masks/val/ISIC_0013288.png,raw/isic/images/ISIC_0013288.jpg,raw/isic/masks/ISIC_0013288_segmentation.png
isic_2018_task1_2,segmentation,train,ISIC_0013291,lesion,processed/isic_segmentation/images/train/ISIC_0013291.jpg,processed/isic_segmentation/masks/train/ISIC_0013291.png,raw/isic/images/ISIC_0013291.jpg,raw/isic/masks/ISIC_0013291_segmentation.png
isic_2018_task1_2,segmentation,train,ISIC_0013294,lesion,processed/isic_segmentation/images/train/ISIC_0013294.jpg,processed/isic_segmentation/masks/train/ISIC_0013294.png,raw/isic/images/ISIC_0013294.jpg,raw/isic/masks/ISIC_0013294_segmentation.png
isic_2018_task1_2,segmentation,val,ISIC_0013302,lesion,processed/isic_segmentation/images/val/ISIC_0013302.jpg,processed/isic_segmentation/masks/val/ISIC_0013302.png,raw/isic/images/ISIC_0013302.jpg,raw/isic/masks/ISIC_0013302_segmentation.png
isic_2018_task1_2,segmentation,train,ISIC_0013304,lesion,processed/isic_segmentation/images/train/ISIC_0013304.jpg,processed/isic_segmentation/masks/train/ISIC_0013304.png,raw/isic/images/ISIC_0013304.jpg,raw/isic/masks/ISIC_0013304_segmentation.png
isic_2018_task1_2,segmentation,train,ISIC_0013306,lesion,processed/isic_segmentation/images/train/ISIC_0013306.jpg,processed/isic_segmentation/masks/train/ISIC_0013306.png,raw/isic/images/ISIC_0013306.jpg,raw/isic/masks/ISIC_0013306_segmentation.png
isic_2018_task1_2,segmentation,val,ISIC_0013310,lesion,processed/isic_segmentation/images/val/ISIC_0013310.jpg,processed/isic_segmentation/masks/val/ISIC_0013310.png,raw/isic/images/ISIC_0013310.jpg,raw/isic/masks/ISIC_0013310_segmentation.png
isic_2018_task1_2,segmentation,val,ISIC_0013311,lesion,processed/isic_segmentation/images/val/ISIC_0013311.jpg,processed/isic_segmentation/masks/val/ISIC_0013311.png,raw/isic/images/ISIC_0013311.jpg,raw/isic/masks/ISIC_0013311_segmentation.png
isic_2018_task1_2,segmentation,val,ISIC_0013314,lesion,processed/isic_segmentation/images/val/ISIC_0013314.jpg,processed/isic_segmentation/masks/val/ISIC_0013314.png,raw/isic/images/ISIC_0013314.jpg,raw/isic/masks/ISIC_0013314_segmentation.png
isic_2018_task1_2,segmentation,train,ISIC_0013315,lesion,processed/isic_segmentation/images/train/ISIC_0013315.jpg,processed/isic_segmentation/masks/train/ISIC_0013315.png,raw/isic/images/ISIC_0013315.jpg,raw/isic/masks/ISIC_0013315_segmentation.png
isic_2018_task1_2,segmentation,val,ISIC_0013319,lesion,processed/isic_segmentation/images/val/ISIC_0013319.jpg,processed/isic_segmentation/masks/val/ISIC_0013319.png,raw/isic/images/ISIC_0013319.jpg,raw/isic/masks/ISIC_0013319_segmentation.png
isic_2018_task1_2,segmentation,train,ISIC_0013320,lesion,processed/isic_segmentation/images/train/ISIC_0013320.jpg,processed/isic_segmentation/masks/train/ISIC_0013320.png,raw/isic/images/ISIC_0013320.jpg,raw/isic/masks/ISIC_0013320_segmentation.png
isic_2018_task1_2,segmentation,train,ISIC_0013321,lesion,processed/isic_segmentation/images/train/ISIC_0013321.jpg,processed/isic_segmentation/masks/train/ISIC_0013321.png,raw/isic/images/ISIC_0013321.jpg,raw/isic/masks/ISIC_0013321_segmentation.png
isic_2018_task1_2,segmentation,train,ISIC_0013325,lesion,processed/isic_segmentation/images/train/ISIC_0013325.jpg,processed/isic_segmentation/masks/train/ISIC_0013325.png,raw/isic/images/ISIC_0013325.jpg,raw/isic/masks/ISIC_0013325_segmentation.png
isic_2018_task1_2,segmentation,test,ISIC_0013326,lesion,processed/isic_segmentation/images/test/ISIC_0013326.jpg,processed/isic_segmentation/masks/test/ISIC_0013326.png,raw/isic/images/ISIC_0013326.jpg,raw/isic/masks/ISIC_0013326_segmentation.png
isic_2018_task1_2,segmentation,val,ISIC_0013329,lesion,processed/isic_segmentation/images/val/ISIC_0013329.jpg,processed/isic_segmentation/masks/val/ISIC_0013329.png,raw/isic/images/ISIC_0013329.jpg,raw/isic/masks/ISIC_0013329_segmentation.png
isic_2018_task1_2,segmentation,train,ISIC_0013330,lesion,processed/isic_segmentation/images/train/ISIC_0013330.jpg,processed/isic_segmentation/masks/train/ISIC_0013330.png,raw/isic/images/ISIC_0013330.jpg,raw/isic/masks/ISIC_0013330_segmentation.png
isic_2018_task1_2,segmentation,val,ISIC_0013333,lesion,processed/isic_segmentation/images/val/ISIC_0013333.jpg,processed/isic_segmentation/masks/val/ISIC_0013333.png,raw/isic/images/ISIC_0013333.jpg,raw/isic/masks/ISIC_0013333_segmentation.png
isic_2018_task1_2,segmentation,train,ISIC_0013334,lesion,processed/isic_segmentation/images/train/ISIC_0013334.jpg,processed/isic_segmentation/masks/train/ISIC_0013334.png,raw/isic/images/ISIC_0013334.jpg,raw/isic/masks/ISIC_0013334_segmentation.png
isic_2018_task1_2,segmentation,train,ISIC_0013335,lesion,processed/isic_segmentation/images/train/ISIC_0013335.jpg,processed/isic_segmentation/masks/train/ISIC_0013335.png,raw/isic/images/ISIC_0013335.jpg,raw/isic/masks/ISIC_0013335_segmentation.png
isic_2018_task1_2,segmentation,train,ISIC_0013340,lesion,processed/isic_segmentation/images/train/ISIC_0013340.jpg,processed/isic_segmentation/masks/train/ISIC_0013340.png,raw/isic/images/ISIC_0013340.jpg,raw/isic/masks/ISIC_0013340_segmentation.png
isic_2018_task1_2,segmentation,val,ISIC_0013341,lesion,processed/isic_segmentation/images/val/ISIC_0013341.jpg,processed/isic_segmentation/masks/val/ISIC_0013341.png,raw/isic/images/ISIC_0013341.jpg,raw/isic/masks/ISIC_0013341_segmentation.png
isic_2018_task1_2,segmentation,val,ISIC_0013342,lesion,processed/isic_segmentation/images/val/ISIC_0013342.jpg,processed/isic_segmentation/masks/val/ISIC_0013342.png,raw/isic/images/ISIC_0013342.jpg,raw/isic/masks/ISIC_0013342_segmentation.png
isic_2018_task1_2,segmentation,val,ISIC_0013346,lesion,processed/isic_segmentation/images/val/ISIC_0013346.jpg,processed/isic_segmentation/masks/val/ISIC_0013346.png,raw/isic/images/ISIC_0013346.jpg,raw/isic/masks/ISIC_0013346_segmentation.png
isic_2018_task1_2,segmentation,train,ISIC_0013355,lesion,processed/isic_segmentation/images/train/ISIC_0013355.jpg,processed/isic_segmentation/masks/train/ISIC_0013355.png,raw/isic/images/ISIC_0013355.jpg,raw/isic/masks/ISIC_0013355_segmentation.png
isic_2018_task1_2,segmentation,train,ISIC_0013356,lesion,processed/isic_segmentation/images/train/ISIC_0013356.jpg,processed/isic_segmentation/masks/train/ISIC_0013356.png,raw/isic/images/ISIC_0013356.jpg,raw/isic/masks/ISIC_0013356_segmentation.png
isic_2018_task1_2,segmentation,test,ISIC_0013359,lesion,processed/isic_segmentation/images/test/ISIC_0013359.jpg,processed/isic_segmentation/masks/test/ISIC_0013359.png,raw/isic/images/ISIC_0013359.jpg,raw/isic/masks/ISIC_0013359_segmentation.png
isic_2018_task1_2,segmentation,val,ISIC_0013360,lesion,processed/isic_segmentation/images/val/ISIC_0013360.jpg,processed/isic_segmentation/masks/val/ISIC_0013360.png,raw/isic/images/ISIC_0013360.jpg,raw/isic/masks/ISIC_0013360_segmentation.png
isic_2018_task1_2,segmentation,val,ISIC_0013364,lesion,processed/isic_segmentation/images/val/ISIC_0013364.jpg,processed/isic_segmentation/masks/val/ISIC_0013364.png,raw/isic/images/ISIC_0013364.jpg,raw/isic/masks/ISIC_0013364_segmentation.png
isic_2018_task1_2,segmentation,train,ISIC_0013365,lesion,processed/isic_segmentation/images/train/ISIC_0013365.jpg,processed/isic_segmentation/masks/train/ISIC_0013365.png,raw/isic/images/ISIC_0013365.jpg,raw/isic/masks/ISIC_0013365_segmentation.png
isic_2018_task1_2,segmentation,train,ISIC_0013369,lesion,processed/isic_segmentation/images/train/ISIC_0013369.jpg,processed/isic_segmentation/masks/train/ISIC_0013369.png,raw/isic/images/ISIC_0013369.jpg,raw/isic/masks/ISIC_0013369_segmentation.png
isic_2018_task1_2,segmentation,train,ISIC_0013371,lesion,processed/isic_segmentation/images/train/ISIC_0013371.jpg,processed/isic_segmentation/masks/train/ISIC_0013371.png,raw/isic/images/ISIC_0013371.jpg,raw/isic/masks/ISIC_0013371_segmentation.png
isic_2018_task1_2,segmentation,val,ISIC_0013374,lesion,processed/isic_segmentation/images/val/ISIC_0013374.jpg,processed/isic_segmentation/masks/val/ISIC_0013374.png,raw/isic/images/ISIC_0013374.jpg,raw/isic/masks/ISIC_0013374_segmentation.png
isic_2018_task1_2,segmentation,train,ISIC_0013378,lesion,processed/isic_segmentation/images/train/ISIC_0013378.jpg,processed/isic_segmentation/masks/train/ISIC_0013378.png,raw/isic/images/ISIC_0013378.jpg,raw/isic/masks/ISIC_0013378_segmentation.png
isic_2018_task1_2,segmentation,test,ISIC_0013383,lesion,processed/isic_segmentation/images/test/ISIC_0013383.jpg,processed/isic_segmentation/masks/test/ISIC_0013383.png,raw/isic/images/ISIC_0013383.jpg,raw/isic/masks/ISIC_0013383_segmentation.png
isic_2018_task1_2,segmentation,train,ISIC_0013385,lesion,processed/isic_segmentation/images/train/ISIC_0013385.jpg,processed/isic_segmentation/masks/train/ISIC_0013385.png,raw/isic/images/ISIC_0013385.jpg,raw/isic/masks/ISIC_0013385_segmentation.png
isic_2018_task1_2,segmentation,train,ISIC_0013390,lesion,processed/isic_segmentation/images/train/ISIC_0013390.jpg,processed/isic_segmentation/masks/train/ISIC_0013390.png,raw/isic/images/ISIC_0013390.jpg,raw/isic/masks/ISIC_0013390_segmentation.png
isic_2018_task1_2,segmentation,train,ISIC_0013393,lesion,processed/isic_segmentation/images/train/ISIC_0013393.jpg,processed/isic_segmentation/masks/train/ISIC_0013393.png,raw/isic/images/ISIC_0013393.jpg,raw/isic/masks/ISIC_0013393_segmentation.png
isic_2018_task1_2,segmentation,train,ISIC_0013394,lesion,processed/isic_segmentation/images/train/ISIC_0013394.jpg,processed/isic_segmentation/masks/train/ISIC_0013394.png,raw/isic/images/ISIC_0013394.jpg,raw/isic/masks/ISIC_0013394_segmentation.png
isic_2018_task1_2,segmentation,train,ISIC_0013395,lesion,processed/isic_segmentation/images/train/ISIC_0013395.jpg,processed/isic_segmentation/masks/train/ISIC_0013395.png,raw/isic/images/ISIC_0013395.jpg,raw/isic/masks/ISIC_0013395_segmentation.png
isic_2018_task1_2,segmentation,train,ISIC_0013397,lesion,processed/isic_segmentation/images/train/ISIC_0013397.jpg,processed/isic_segmentation/masks/train/ISIC_0013397.png,raw/isic/images/ISIC_0013397.jpg,raw/isic/masks/ISIC_0013397_segmentation.png
isic_2018_task1_2,segmentation,train,ISIC_0013398,lesion,processed/isic_segmentation/images/train/ISIC_0013398.jpg,processed/isic_segmentation/masks/train/ISIC_0013398.png,raw/isic/images/ISIC_0013398.jpg,raw/isic/masks/ISIC_0013398_segmentation.png
isic_2018_task1_2,segmentation,train,ISIC_0013399,lesion,processed/isic_segmentation/images/train/ISIC_0013399.jpg,processed/isic_segmentation/masks/train/ISIC_0013399.png,raw/isic/images/ISIC_0013399.jpg,raw/isic/masks/ISIC_0013399_segmentation.png
isic_2018_task1_2,segmentation,train,ISIC_0013400,lesion,processed/isic_segmentation/images/train/ISIC_0013400.jpg,processed/isic_segmentation/masks/train/ISIC_0013400.png,raw/isic/images/ISIC_0013400.jpg,raw/isic/masks/ISIC_0013400_segmentation.png
isic_2018_task1_2,segmentation,val,ISIC_0013403,lesion,processed/isic_segmentation/images/val/ISIC_0013403.jpg,processed/isic_segmentation/masks/val/ISIC_0013403.png,raw/isic/images/ISIC_0013403.jpg,raw/isic/masks/ISIC_0013403_segmentation.png
isic_2018_task1_2,segmentation,train,ISIC_0013405,lesion,processed/isic_segmentation/images/train/ISIC_0013405.jpg,processed/isic_segmentation/masks/train/ISIC_0013405.png,raw/isic/images/ISIC_0013405.jpg,raw/isic/masks/ISIC_0013405_segmentation.png
isic_2018_task1_2,segmentation,train,ISIC_0013410,lesion,processed/isic_segmentation/images/train/ISIC_0013410.jpg,processed/isic_segmentation/masks/train/ISIC_0013410.png,raw/isic/images/ISIC_0013410.jpg,raw/isic/masks/ISIC_0013410_segmentation.png
isic_2018_task1_2,segmentation,train,ISIC_0013411,lesion,processed/isic_segmentation/images/train/ISIC_0013411.jpg,processed/isic_segmentation/masks/train/ISIC_0013411.png,raw/isic/images/ISIC_0013411.jpg,raw/isic/masks/ISIC_0013411_segmentation.png
isic_2018_task1_2,segmentation,train,ISIC_0013414,lesion,processed/isic_segmentation/images/train/ISIC_0013414.jpg,processed/isic_segmentation/masks/train/ISIC_0013414.png,raw/isic/images/ISIC_0013414.jpg,raw/isic/masks/ISIC_0013414_segmentation.png
isic_2018_task1_2,segmentation,train,ISIC_0013416,lesion,processed/isic_segmentation/images/train/ISIC_0013416.jpg,processed/isic_segmentation/masks/train/ISIC_0013416.png,raw/isic/images/ISIC_0013416.jpg,raw/isic/masks/ISIC_0013416_segmentation.png
isic_2018_task1_2,segmentation,train,ISIC_0013417,lesion,processed/isic_segmentation/images/train/ISIC_0013417.jpg,processed/isic_segmentation/masks/train/ISIC_0013417.png,raw/isic/images/ISIC_0013417.jpg,raw/isic/masks/ISIC_0013417_segmentation.png
isic_2018_task1_2,segmentation,train,ISIC_0013423,lesion,processed/isic_segmentation/images/train/ISIC_0013423.jpg,processed/isic_segmentation/masks/train/ISIC_0013423.png,raw/isic/images/ISIC_0013423.jpg,raw/isic/masks/ISIC_0013423_segmentation.png
isic_2018_task1_2,segmentation,val,ISIC_0013424,lesion,processed/isic_segmentation/images/val/ISIC_0013424.jpg,processed/isic_segmentation/masks/val/ISIC_0013424.png,raw/isic/images/ISIC_0013424.jpg,raw/isic/masks/ISIC_0013424_segmentation.png
isic_2018_task1_2,segmentation,train,ISIC_0013425,lesion,processed/isic_segmentation/images/train/ISIC_0013425.jpg,processed/isic_segmentation/masks/train/ISIC_0013425.png,raw/isic/images/ISIC_0013425.jpg,raw/isic/masks/ISIC_0013425_segmentation.png
isic_2018_task1_2,segmentation,train,ISIC_0013427,lesion,processed/isic_segmentation/images/train/ISIC_0013427.jpg,processed/isic_segmentation/masks/train/ISIC_0013427.png,raw/isic/images/ISIC_0013427.jpg,raw/isic/masks/ISIC_0013427_segmentation.png
isic_2018_task1_2,segmentation,train,ISIC_0013428,lesion,processed/isic_segmentation/images/train/ISIC_0013428.jpg,processed/isic_segmentation/masks/train/ISIC_0013428.png,raw/isic/images/ISIC_0013428.jpg,raw/isic/masks/ISIC_0013428_segmentation.png
isic_2018_task1_2,segmentation,val,ISIC_0013429,lesion,processed/isic_segmentation/images/val/ISIC_0013429.jpg,processed/isic_segmentation/masks/val/ISIC_0013429.png,raw/isic/images/ISIC_0013429.jpg,raw/isic/masks/ISIC_0013429_segmentation.png
isic_2018_task1_2,segmentation,test,ISIC_0013430,lesion,processed/isic_segmentation/images/test/ISIC_0013430.jpg,processed/isic_segmentation/masks/test/ISIC_0013430.png,raw/isic/images/ISIC_0013430.jpg,raw/isic/masks/ISIC_0013430_segmentation.png
isic_2018_task1_2,segmentation,train,ISIC_0013432,lesion,processed/isic_segmentation/images/train/ISIC_0013432.jpg,processed/isic_segmentation/masks/train/ISIC_0013432.png,raw/isic/images/ISIC_0013432.jpg,raw/isic/masks/ISIC_0013432_segmentation.png
isic_2018_task1_2,segmentation,train,ISIC_0013433,lesion,processed/isic_segmentation/images/train/ISIC_0013433.jpg,processed/isic_segmentation/masks/train/ISIC_0013433.png,raw/isic/images/ISIC_0013433.jpg,raw/isic/masks/ISIC_0013433_segmentation.png
isic_2018_task1_2,segmentation,train,ISIC_0013434,lesion,processed/isic_segmentation/images/train/ISIC_0013434.jpg,processed/isic_segmentation/masks/train/ISIC_0013434.png,raw/isic/images/ISIC_0013434.jpg,raw/isic/masks/ISIC_0013434_segmentation.png
isic_2018_task1_2,segmentation,train,ISIC_0013437,lesion,processed/isic_segmentation/images/train/ISIC_0013437.jpg,processed/isic_segmentation/masks/train/ISIC_0013437.png,raw/isic/images/ISIC_0013437.jpg,raw/isic/masks/ISIC_0013437_segmentation.png
isic_2018_task1_2,segmentation,train,ISIC_0013438,lesion,processed/isic_segmentation/images/train/ISIC_0013438.jpg,processed/isic_segmentation/masks/train/ISIC_0013438.png,raw/isic/images/ISIC_0013438.jpg,raw/isic/masks/ISIC_0013438_segmentation.png
isic_2018_task1_2,segmentation,train,ISIC_0013443,lesion,processed/isic_segmentation/images/train/ISIC_0013443.jpg,processed/isic_segmentation/masks/train/ISIC_0013443.png,raw/isic/images/ISIC_0013443.jpg,raw/isic/masks/ISIC_0013443_segmentation.png
isic_2018_task1_2,segmentation,val,ISIC_0013455,lesion,processed/isic_segmentation/images/val/ISIC_0013455.jpg,processed/isic_segmentation/masks/val/ISIC_0013455.png,raw/isic/images/ISIC_0013455.jpg,raw/isic/masks/ISIC_0013455_segmentation.png
isic_2018_task1_2,segmentation,train,ISIC_0013456,lesion,processed/isic_segmentation/images/train/ISIC_0013456.jpg,processed/isic_segmentation/masks/train/ISIC_0013456.png,raw/isic/images/ISIC_0013456.jpg,raw/isic/masks/ISIC_0013456_segmentation.png
isic_2018_task1_2,segmentation,train,ISIC_0013457,lesion,processed/isic_segmentation/images/train/ISIC_0013457.jpg,processed/isic_segmentation/masks/train/ISIC_0013457.png,raw/isic/images/ISIC_0013457.jpg,raw/isic/masks/ISIC_0013457_segmentation.png
isic_2018_task1_2,segmentation,test,ISIC_0013458,lesion,processed/isic_segmentation/images/test/ISIC_0013458.jpg,processed/isic_segmentation/masks/test/ISIC_0013458.png,raw/isic/images/ISIC_0013458.jpg,raw/isic/masks/ISIC_0013458_segmentation.png
isic_2018_task1_2,segmentation,test,ISIC_0013459,lesion,processed/isic_segmentation/images/test/ISIC_0013459.jpg,processed/isic_segmentation/masks/test/ISIC_0013459.png,raw/isic/images/ISIC_0013459.jpg,raw/isic/masks/ISIC_0013459_segmentation.png
isic_2018_task1_2,segmentation,train,ISIC_0013461,lesion,processed/isic_segmentation/images/train/ISIC_0013461.jpg,processed/isic_segmentation/masks/train/ISIC_0013461.png,raw/isic/images/ISIC_0013461.jpg,raw/isic/masks/ISIC_0013461_segmentation.png
isic_2018_task1_2,segmentation,train,ISIC_0013465,lesion,processed/isic_segmentation/images/train/ISIC_0013465.jpg,processed/isic_segmentation/masks/train/ISIC_0013465.png,raw/isic/images/ISIC_0013465.jpg,raw/isic/masks/ISIC_0013465_segmentation.png
isic_2018_task1_2,segmentation,test,ISIC_0013472,lesion,processed/isic_segmentation/images/test/ISIC_0013472.jpg,processed/isic_segmentation/masks/test/ISIC_0013472.png,raw/isic/images/ISIC_0013472.jpg,raw/isic/masks/ISIC_0013472_segmentation.png
isic_2018_task1_2,segmentation,train,ISIC_0013473,lesion,processed/isic_segmentation/images/train/ISIC_0013473.jpg,processed/isic_segmentation/masks/train/ISIC_0013473.png,raw/isic/images/ISIC_0013473.jpg,raw/isic/masks/ISIC_0013473_segmentation.png
isic_2018_task1_2,segmentation,test,ISIC_0013474,lesion,processed/isic_segmentation/images/test/ISIC_0013474.jpg,processed/isic_segmentation/masks/test/ISIC_0013474.png,raw/isic/images/ISIC_0013474.jpg,raw/isic/masks/ISIC_0013474_segmentation.png
isic_2018_task1_2,segmentation,train,ISIC_0013480,lesion,processed/isic_segmentation/images/train/ISIC_0013480.jpg,processed/isic_segmentation/masks/train/ISIC_0013480.png,raw/isic/images/ISIC_0013480.jpg,raw/isic/masks/ISIC_0013480_segmentation.png
isic_2018_task1_2,segmentation,val,ISIC_0013487,lesion,processed/isic_segmentation/images/val/ISIC_0013487.jpg,processed/isic_segmentation/masks/val/ISIC_0013487.png,raw/isic/images/ISIC_0013487.jpg,raw/isic/masks/ISIC_0013487_segmentation.png
isic_2018_task1_2,segmentation,val,ISIC_0013488,lesion,processed/isic_segmentation/images/val/ISIC_0013488.jpg,processed/isic_segmentation/masks/val/ISIC_0013488.png,raw/isic/images/ISIC_0013488.jpg,raw/isic/masks/ISIC_0013488_segmentation.png
isic_2018_task1_2,segmentation,train,ISIC_0013489,lesion,processed/isic_segmentation/images/train/ISIC_0013489.jpg,processed/isic_segmentation/masks/train/ISIC_0013489.png,raw/isic/images/ISIC_0013489.jpg,raw/isic/masks/ISIC_0013489_segmentation.png
isic_2018_task1_2,segmentation,train,ISIC_0013490,lesion,processed/isic_segmentation/images/train/ISIC_0013490.jpg,processed/isic_segmentation/masks/train/ISIC_0013490.png,raw/isic/images/ISIC_0013490.jpg,raw/isic/masks/ISIC_0013490_segmentation.png
isic_2018_task1_2,segmentation,train,ISIC_0013491,lesion,processed/isic_segmentation/images/train/ISIC_0013491.jpg,processed/isic_segmentation/masks/train/ISIC_0013491.png,raw/isic/images/ISIC_0013491.jpg,raw/isic/masks/ISIC_0013491_segmentation.png
isic_2018_task1_2,segmentation,val,ISIC_0013492,lesion,processed/isic_segmentation/images/val/ISIC_0013492.jpg,processed/isic_segmentation/masks/val/ISIC_0013492.png,raw/isic/images/ISIC_0013492.jpg,raw/isic/masks/ISIC_0013492_segmentation.png
isic_2018_task1_2,segmentation,train,ISIC_0013493,lesion,processed/isic_segmentation/images/train/ISIC_0013493.jpg,processed/isic_segmentation/masks/train/ISIC_0013493.png,raw/isic/images/ISIC_0013493.jpg,raw/isic/masks/ISIC_0013493_segmentation.png
isic_2018_task1_2,segmentation,val,ISIC_0013494,lesion,processed/isic_segmentation/images/val/ISIC_0013494.jpg,processed/isic_segmentation/masks/val/ISIC_0013494.png,raw/isic/images/ISIC_0013494.jpg,raw/isic/masks/ISIC_0013494_segmentation.png
isic_2018_task1_2,segmentation,val,ISIC_0013495,lesion,processed/isic_segmentation/images/val/ISIC_0013495.jpg,processed/isic_segmentation/masks/val/ISIC_0013495.png,raw/isic/images/ISIC_0013495.jpg,raw/isic/masks/ISIC_0013495_segmentation.png
isic_2018_task1_2,segmentation,train,ISIC_0013498,lesion,processed/isic_segmentation/images/train/ISIC_0013498.jpg,processed/isic_segmentation/masks/train/ISIC_0013498.png,raw/isic/images/ISIC_0013498.jpg,raw/isic/masks/ISIC_0013498_segmentation.png
isic_2018_task1_2,segmentation,train,ISIC_0013499,lesion,processed/isic_segmentation/images/train/ISIC_0013499.jpg,processed/isic_segmentation/masks/train/ISIC_0013499.png,raw/isic/images/ISIC_0013499.jpg,raw/isic/masks/ISIC_0013499_segmentation.png
isic_2018_task1_2,segmentation,test,ISIC_0013500,lesion,processed/isic_segmentation/images/test/ISIC_0013500.jpg,processed/isic_segmentation/masks/test/ISIC_0013500.png,raw/isic/images/ISIC_0013500.jpg,raw/isic/masks/ISIC_0013500_segmentation.png
isic_2018_task1_2,segmentation,test,ISIC_0013501,lesion,processed/isic_segmentation/images/test/ISIC_0013501.jpg,processed/isic_segmentation/masks/test/ISIC_0013501.png,raw/isic/images/ISIC_0013501.jpg,raw/isic/masks/ISIC_0013501_segmentation.png
isic_2018_task1_2,segmentation,train,ISIC_0013511,lesion,processed/isic_segmentation/images/train/ISIC_0013511.jpg,processed/isic_segmentation/masks/train/ISIC_0013511.png,raw/isic/images/ISIC_0013511.jpg,raw/isic/masks/ISIC_0013511_segmentation.png
isic_2018_task1_2,segmentation,train,ISIC_0013512,lesion,processed/isic_segmentation/images/train/ISIC_0013512.jpg,processed/isic_segmentation/masks/train/ISIC_0013512.png,raw/isic/images/ISIC_0013512.jpg,raw/isic/masks/ISIC_0013512_segmentation.png
isic_2018_task1_2,segmentation,train,ISIC_0013516,lesion,processed/isic_segmentation/images/train/ISIC_0013516.jpg,processed/isic_segmentation/masks/train/ISIC_0013516.png,raw/isic/images/ISIC_0013516.jpg,raw/isic/masks/ISIC_0013516_segmentation.png
isic_2018_task1_2,segmentation,train,ISIC_0013517,lesion,processed/isic_segmentation/images/train/ISIC_0013517.jpg,processed/isic_segmentation/masks/train/ISIC_0013517.png,raw/isic/images/ISIC_0013517.jpg,raw/isic/masks/ISIC_0013517_segmentation.png
isic_2018_task1_2,segmentation,train,ISIC_0013518,lesion,processed/isic_segmentation/images/train/ISIC_0013518.jpg,processed/isic_segmentation/masks/train/ISIC_0013518.png,raw/isic/images/ISIC_0013518.jpg,raw/isic/masks/ISIC_0013518_segmentation.png
isic_2018_task1_2,segmentation,train,ISIC_0013523,lesion,processed/isic_segmentation/images/train/ISIC_0013523.jpg,processed/isic_segmentation/masks/train/ISIC_0013523.png,raw/isic/images/ISIC_0013523.jpg,raw/isic/masks/ISIC_0013523_segmentation.png
isic_2018_task1_2,segmentation,train,ISIC_0013525,lesion,processed/isic_segmentation/images/train/ISIC_0013525.jpg,processed/isic_segmentation/masks/train/ISIC_0013525.png,raw/isic/images/ISIC_0013525.jpg,raw/isic/masks/ISIC_0013525_segmentation.png
isic_2018_task1_2,segmentation,train,ISIC_0013526,lesion,processed/isic_segmentation/images/train/ISIC_0013526.jpg,processed/isic_segmentation/masks/train/ISIC_0013526.png,raw/isic/images/ISIC_0013526.jpg,raw/isic/masks/ISIC_0013526_segmentation.png
isic_2018_task1_2,segmentation,train,ISIC_0013527,lesion,processed/isic_segmentation/images/train/ISIC_0013527.jpg,processed/isic_segmentation/masks/train/ISIC_0013527.png,raw/isic/images/ISIC_0013527.jpg,raw/isic/masks/ISIC_0013527_segmentation.png
isic_2018_task1_2,segmentation,val,ISIC_0013529,lesion,processed/isic_segmentation/images/val/ISIC_0013529.jpg,processed/isic_segmentation/masks/val/ISIC_0013529.png,raw/isic/images/ISIC_0013529.jpg,raw/isic/masks/ISIC_0013529_segmentation.png
isic_2018_task1_2,segmentation,train,ISIC_0013549,lesion,processed/isic_segmentation/images/train/ISIC_0013549.jpg,processed/isic_segmentation/masks/train/ISIC_0013549.png,raw/isic/images/ISIC_0013549.jpg,raw/isic/masks/ISIC_0013549_segmentation.png
isic_2018_task1_2,segmentation,test,ISIC_0013552,lesion,processed/isic_segmentation/images/test/ISIC_0013552.jpg,processed/isic_segmentation/masks/test/ISIC_0013552.png,raw/isic/images/ISIC_0013552.jpg,raw/isic/masks/ISIC_0013552_segmentation.png
isic_2018_task1_2,segmentation,val,ISIC_0013553,lesion,processed/isic_segmentation/images/val/ISIC_0013553.jpg,processed/isic_segmentation/masks/val/ISIC_0013553.png,raw/isic/images/ISIC_0013553.jpg,raw/isic/masks/ISIC_0013553_segmentation.png
isic_2018_task1_2,segmentation,train,ISIC_0013554,lesion,processed/isic_segmentation/images/train/ISIC_0013554.jpg,processed/isic_segmentation/masks/train/ISIC_0013554.png,raw/isic/images/ISIC_0013554.jpg,raw/isic/masks/ISIC_0013554_segmentation.png
isic_2018_task1_2,segmentation,val,ISIC_0013558,lesion,processed/isic_segmentation/images/val/ISIC_0013558.jpg,processed/isic_segmentation/masks/val/ISIC_0013558.png,raw/isic/images/ISIC_0013558.jpg,raw/isic/masks/ISIC_0013558_segmentation.png
isic_2018_task1_2,segmentation,train,ISIC_0013559,lesion,processed/isic_segmentation/images/train/ISIC_0013559.jpg,processed/isic_segmentation/masks/train/ISIC_0013559.png,raw/isic/images/ISIC_0013559.jpg,raw/isic/masks/ISIC_0013559_segmentation.png
isic_2018_task1_2,segmentation,train,ISIC_0013561,lesion,processed/isic_segmentation/images/train/ISIC_0013561.jpg,processed/isic_segmentation/masks/train/ISIC_0013561.png,raw/isic/images/ISIC_0013561.jpg,raw/isic/masks/ISIC_0013561_segmentation.png
isic_2018_task1_2,segmentation,train,ISIC_0013562,lesion,processed/isic_segmentation/images/train/ISIC_0013562.jpg,processed/isic_segmentation/masks/train/ISIC_0013562.png,raw/isic/images/ISIC_0013562.jpg,raw/isic/masks/ISIC_0013562_segmentation.png
isic_2018_task1_2,segmentation,train,ISIC_0013565,lesion,processed/isic_segmentation/images/train/ISIC_0013565.jpg,processed/isic_segmentation/masks/train/ISIC_0013565.png,raw/isic/images/ISIC_0013565.jpg,raw/isic/masks/ISIC_0013565_segmentation.png
isic_2018_task1_2,segmentation,train,ISIC_0013567,lesion,processed/isic_segmentation/images/train/ISIC_0013567.jpg,processed/isic_segmentation/masks/train/ISIC_0013567.png,raw/isic/images/ISIC_0013567.jpg,raw/isic/masks/ISIC_0013567_segmentation.png
isic_2018_task1_2,segmentation,train,ISIC_0013568,lesion,processed/isic_segmentation/images/train/ISIC_0013568.jpg,processed/isic_segmentation/masks/train/ISIC_0013568.png,raw/isic/images/ISIC_0013568.jpg,raw/isic/masks/ISIC_0013568_segmentation.png
isic_2018_task1_2,segmentation,train,ISIC_0013572,lesion,processed/isic_segmentation/images/train/ISIC_0013572.jpg,processed/isic_segmentation/masks/train/ISIC_0013572.png,raw/isic/images/ISIC_0013572.jpg,raw/isic/masks/ISIC_0013572_segmentation.png
isic_2018_task1_2,segmentation,test,ISIC_0013573,lesion,processed/isic_segmentation/images/test/ISIC_0013573.jpg,processed/isic_segmentation/masks/test/ISIC_0013573.png,raw/isic/images/ISIC_0013573.jpg,raw/isic/masks/ISIC_0013573_segmentation.png
isic_2018_task1_2,segmentation,train,ISIC_0013577,lesion,processed/isic_segmentation/images/train/ISIC_0013577.jpg,processed/isic_segmentation/masks/train/ISIC_0013577.png,raw/isic/images/ISIC_0013577.jpg,raw/isic/masks/ISIC_0013577_segmentation.png
isic_2018_task1_2,segmentation,val,ISIC_0013578,lesion,processed/isic_segmentation/images/val/ISIC_0013578.jpg,processed/isic_segmentation/masks/val/ISIC_0013578.png,raw/isic/images/ISIC_0013578.jpg,raw/isic/masks/ISIC_0013578_segmentation.png
isic_2018_task1_2,segmentation,train,ISIC_0013579,lesion,processed/isic_segmentation/images/train/ISIC_0013579.jpg,processed/isic_segmentation/masks/train/ISIC_0013579.png,raw/isic/images/ISIC_0013579.jpg,raw/isic/masks/ISIC_0013579_segmentation.png
isic_2018_task1_2,segmentation,val,ISIC_0013580,lesion,processed/isic_segmentation/images/val/ISIC_0013580.jpg,processed/isic_segmentation/masks/val/ISIC_0013580.png,raw/isic/images/ISIC_0013580.jpg,raw/isic/masks/ISIC_0013580_segmentation.png
isic_2018_task1_2,segmentation,val,ISIC_0013581,lesion,processed/isic_segmentation/images/val/ISIC_0013581.jpg,processed/isic_segmentation/masks/val/ISIC_0013581.png,raw/isic/images/ISIC_0013581.jpg,raw/isic/masks/ISIC_0013581_segmentation.png
isic_2018_task1_2,segmentation,train,ISIC_0013585,lesion,processed/isic_segmentation/images/train/ISIC_0013585.jpg,processed/isic_segmentation/masks/train/ISIC_0013585.png,raw/isic/images/ISIC_0013585.jpg,raw/isic/masks/ISIC_0013585_segmentation.png
isic_2018_task1_2,segmentation,train,ISIC_0013588,lesion,processed/isic_segmentation/images/train/ISIC_0013588.jpg,processed/isic_segmentation/masks/train/ISIC_0013588.png,raw/isic/images/ISIC_0013588.jpg,raw/isic/masks/ISIC_0013588_segmentation.png
isic_2018_task1_2,segmentation,val,ISIC_0013592,lesion,processed/isic_segmentation/images/val/ISIC_0013592.jpg,processed/isic_segmentation/masks/val/ISIC_0013592.png,raw/isic/images/ISIC_0013592.jpg,raw/isic/masks/ISIC_0013592_segmentation.png
isic_2018_task1_2,segmentation,train,ISIC_0013594,lesion,processed/isic_segmentation/images/train/ISIC_0013594.jpg,processed/isic_segmentation/masks/train/ISIC_0013594.png,raw/isic/images/ISIC_0013594.jpg,raw/isic/masks/ISIC_0013594_segmentation.png
isic_2018_task1_2,segmentation,train,ISIC_0013595,lesion,processed/isic_segmentation/images/train/ISIC_0013595.jpg,processed/isic_segmentation/masks/train/ISIC_0013595.png,raw/isic/images/ISIC_0013595.jpg,raw/isic/masks/ISIC_0013595_segmentation.png
isic_2018_task1_2,segmentation,val,ISIC_0013596,lesion,processed/isic_segmentation/images/val/ISIC_0013596.jpg,processed/isic_segmentation/masks/val/ISIC_0013596.png,raw/isic/images/ISIC_0013596.jpg,raw/isic/masks/ISIC_0013596_segmentation.png
isic_2018_task1_2,segmentation,val,ISIC_0013597,lesion,processed/isic_segmentation/images/val/ISIC_0013597.jpg,processed/isic_segmentation/masks/val/ISIC_0013597.png,raw/isic/images/ISIC_0013597.jpg,raw/isic/masks/ISIC_0013597_segmentation.png
isic_2018_task1_2,segmentation,train,ISIC_0013599,lesion,processed/isic_segmentation/images/train/ISIC_0013599.jpg,processed/isic_segmentation/masks/train/ISIC_0013599.png,raw/isic/images/ISIC_0013599.jpg,raw/isic/masks/ISIC_0013599_segmentation.png
isic_2018_task1_2,segmentation,train,ISIC_0013600,lesion,processed/isic_segmentation/images/train/ISIC_0013600.jpg,processed/isic_segmentation/masks/train/ISIC_0013600.png,raw/isic/images/ISIC_0013600.jpg,raw/isic/masks/ISIC_0013600_segmentation.png
isic_2018_task1_2,segmentation,train,ISIC_0013601,lesion,processed/isic_segmentation/images/train/ISIC_0013601.jpg,processed/isic_segmentation/masks/train/ISIC_0013601.png,raw/isic/images/ISIC_0013601.jpg,raw/isic/masks/ISIC_0013601_segmentation.png
isic_2018_task1_2,segmentation,train,ISIC_0013602,lesion,processed/isic_segmentation/images/train/ISIC_0013602.jpg,processed/isic_segmentation/masks/train/ISIC_0013602.png,raw/isic/images/ISIC_0013602.jpg,raw/isic/masks/ISIC_0013602_segmentation.png
isic_2018_task1_2,segmentation,train,ISIC_0013603,lesion,processed/isic_segmentation/images/train/ISIC_0013603.jpg,processed/isic_segmentation/masks/train/ISIC_0013603.png,raw/isic/images/ISIC_0013603.jpg,raw/isic/masks/ISIC_0013603_segmentation.png
isic_2018_task1_2,segmentation,test,ISIC_0013606,lesion,processed/isic_segmentation/images/test/ISIC_0013606.jpg,processed/isic_segmentation/masks/test/ISIC_0013606.png,raw/isic/images/ISIC_0013606.jpg,raw/isic/masks/ISIC_0013606_segmentation.png
isic_2018_task1_2,segmentation,train,ISIC_0013610,lesion,processed/isic_segmentation/images/train/ISIC_0013610.jpg,processed/isic_segmentation/masks/train/ISIC_0013610.png,raw/isic/images/ISIC_0013610.jpg,raw/isic/masks/ISIC_0013610_segmentation.png
isic_2018_task1_2,segmentation,val,ISIC_0013615,lesion,processed/isic_segmentation/images/val/ISIC_0013615.jpg,processed/isic_segmentation/masks/val/ISIC_0013615.png,raw/isic/images/ISIC_0013615.jpg,raw/isic/masks/ISIC_0013615_segmentation.png
isic_2018_task1_2,segmentation,val,ISIC_0013617,lesion,processed/isic_segmentation/images/val/ISIC_0013617.jpg,processed/isic_segmentation/masks/val/ISIC_0013617.png,raw/isic/images/ISIC_0013617.jpg,raw/isic/masks/ISIC_0013617_segmentation.png
isic_2018_task1_2,segmentation,train,ISIC_0013618,lesion,processed/isic_segmentation/images/train/ISIC_0013618.jpg,processed/isic_segmentation/masks/train/ISIC_0013618.png,raw/isic/images/ISIC_0013618.jpg,raw/isic/masks/ISIC_0013618_segmentation.png
isic_2018_task1_2,segmentation,train,ISIC_0013621,lesion,processed/isic_segmentation/images/train/ISIC_0013621.jpg,processed/isic_segmentation/masks/train/ISIC_0013621.png,raw/isic/images/ISIC_0013621.jpg,raw/isic/masks/ISIC_0013621_segmentation.png
isic_2018_task1_2,segmentation,val,ISIC_0013626,lesion,processed/isic_segmentation/images/val/ISIC_0013626.jpg,processed/isic_segmentation/masks/val/ISIC_0013626.png,raw/isic/images/ISIC_0013626.jpg,raw/isic/masks/ISIC_0013626_segmentation.png
isic_2018_task1_2,segmentation,train,ISIC_0013634,lesion,processed/isic_segmentation/images/train/ISIC_0013634.jpg,processed/isic_segmentation/masks/train/ISIC_0013634.png,raw/isic/images/ISIC_0013634.jpg,raw/isic/masks/ISIC_0013634_segmentation.png
isic_2018_task1_2,segmentation,train,ISIC_0013635,lesion,processed/isic_segmentation/images/train/ISIC_0013635.jpg,processed/isic_segmentation/masks/train/ISIC_0013635.png,raw/isic/images/ISIC_0013635.jpg,raw/isic/masks/ISIC_0013635_segmentation.png
isic_2018_task1_2,segmentation,train,ISIC_0013636,lesion,processed/isic_segmentation/images/train/ISIC_0013636.jpg,processed/isic_segmentation/masks/train/ISIC_0013636.png,raw/isic/images/ISIC_0013636.jpg,raw/isic/masks/ISIC_0013636_segmentation.png
isic_2018_task1_2,segmentation,train,ISIC_0013637,lesion,processed/isic_segmentation/images/train/ISIC_0013637.jpg,processed/isic_segmentation/masks/train/ISIC_0013637.png,raw/isic/images/ISIC_0013637.jpg,raw/isic/masks/ISIC_0013637_segmentation.png
isic_2018_task1_2,segmentation,train,ISIC_0013639,lesion,processed/isic_segmentation/images/train/ISIC_0013639.jpg,processed/isic_segmentation/masks/train/ISIC_0013639.png,raw/isic/images/ISIC_0013639.jpg,raw/isic/masks/ISIC_0013639_segmentation.png
isic_2018_task1_2,segmentation,train,ISIC_0013643,lesion,processed/isic_segmentation/images/train/ISIC_0013643.jpg,processed/isic_segmentation/masks/train/ISIC_0013643.png,raw/isic/images/ISIC_0013643.jpg,raw/isic/masks/ISIC_0013643_segmentation.png
isic_2018_task1_2,segmentation,val,ISIC_0013644,lesion,processed/isic_segmentation/images/val/ISIC_0013644.jpg,processed/isic_segmentation/masks/val/ISIC_0013644.png,raw/isic/images/ISIC_0013644.jpg,raw/isic/masks/ISIC_0013644_segmentation.png
isic_2018_task1_2,segmentation,val,ISIC_0013651,lesion,processed/isic_segmentation/images/val/ISIC_0013651.jpg,processed/isic_segmentation/masks/val/ISIC_0013651.png,raw/isic/images/ISIC_0013651.jpg,raw/isic/masks/ISIC_0013651_segmentation.png
isic_2018_task1_2,segmentation,train,ISIC_0013652,lesion,processed/isic_segmentation/images/train/ISIC_0013652.jpg,processed/isic_segmentation/masks/train/ISIC_0013652.png,raw/isic/images/ISIC_0013652.jpg,raw/isic/masks/ISIC_0013652_segmentation.png
isic_2018_task1_2,segmentation,val,ISIC_0013656,lesion,processed/isic_segmentation/images/val/ISIC_0013656.jpg,processed/isic_segmentation/masks/val/ISIC_0013656.png,raw/isic/images/ISIC_0013656.jpg,raw/isic/masks/ISIC_0013656_segmentation.png
isic_2018_task1_2,segmentation,train,ISIC_0013663,lesion,processed/isic_segmentation/images/train/ISIC_0013663.jpg,processed/isic_segmentation/masks/train/ISIC_0013663.png,raw/isic/images/ISIC_0013663.jpg,raw/isic/masks/ISIC_0013663_segmentation.png
isic_2018_task1_2,segmentation,test,ISIC_0013664,lesion,processed/isic_segmentation/images/test/ISIC_0013664.jpg,processed/isic_segmentation/masks/test/ISIC_0013664.png,raw/isic/images/ISIC_0013664.jpg,raw/isic/masks/ISIC_0013664_segmentation.png
isic_2018_task1_2,segmentation,val,ISIC_0013667,lesion,processed/isic_segmentation/images/val/ISIC_0013667.jpg,processed/isic_segmentation/masks/val/ISIC_0013667.png,raw/isic/images/ISIC_0013667.jpg,raw/isic/masks/ISIC_0013667_segmentation.png
isic_2018_task1_2,segmentation,train,ISIC_0013670,lesion,processed/isic_segmentation/images/train/ISIC_0013670.jpg,processed/isic_segmentation/masks/train/ISIC_0013670.png,raw/isic/images/ISIC_0013670.jpg,raw/isic/masks/ISIC_0013670_segmentation.png
isic_2018_task1_2,segmentation,train,ISIC_0013671,lesion,processed/isic_segmentation/images/train/ISIC_0013671.jpg,processed/isic_segmentation/masks/train/ISIC_0013671.png,raw/isic/images/ISIC_0013671.jpg,raw/isic/masks/ISIC_0013671_segmentation.png
isic_2018_task1_2,segmentation,test,ISIC_0013672,lesion,processed/isic_segmentation/images/test/ISIC_0013672.jpg,processed/isic_segmentation/masks/test/ISIC_0013672.png,raw/isic/images/ISIC_0013672.jpg,raw/isic/masks/ISIC_0013672_segmentation.png
isic_2018_task1_2,segmentation,test,ISIC_0013673,lesion,processed/isic_segmentation/images/test/ISIC_0013673.jpg,processed/isic_segmentation/masks/test/ISIC_0013673.png,raw/isic/images/ISIC_0013673.jpg,raw/isic/masks/ISIC_0013673_segmentation.png
isic_2018_task1_2,segmentation,train,ISIC_0013674,lesion,processed/isic_segmentation/images/train/ISIC_0013674.jpg,processed/isic_segmentation/masks/train/ISIC_0013674.png,raw/isic/images/ISIC_0013674.jpg,raw/isic/masks/ISIC_0013674_segmentation.png
isic_2018_task1_2,segmentation,train,ISIC_0013675,lesion,processed/isic_segmentation/images/train/ISIC_0013675.jpg,processed/isic_segmentation/masks/train/ISIC_0013675.png,raw/isic/images/ISIC_0013675.jpg,raw/isic/masks/ISIC_0013675_segmentation.png
isic_2018_task1_2,segmentation,train,ISIC_0013676,lesion,processed/isic_segmentation/images/train/ISIC_0013676.jpg,processed/isic_segmentation/masks/train/ISIC_0013676.png,raw/isic/images/ISIC_0013676.jpg,raw/isic/masks/ISIC_0013676_segmentation.png
isic_2018_task1_2,segmentation,val,ISIC_0013678,lesion,processed/isic_segmentation/images/val/ISIC_0013678.jpg,processed/isic_segmentation/masks/val/ISIC_0013678.png,raw/isic/images/ISIC_0013678.jpg,raw/isic/masks/ISIC_0013678_segmentation.png
isic_2018_task1_2,segmentation,test,ISIC_0013680,lesion,processed/isic_segmentation/images/test/ISIC_0013680.jpg,processed/isic_segmentation/masks/test/ISIC_0013680.png,raw/isic/images/ISIC_0013680.jpg,raw/isic/masks/ISIC_0013680_segmentation.png
isic_2018_task1_2,segmentation,train,ISIC_0013684,lesion,processed/isic_segmentation/images/train/ISIC_0013684.jpg,processed/isic_segmentation/masks/train/ISIC_0013684.png,raw/isic/images/ISIC_0013684.jpg,raw/isic/masks/ISIC_0013684_segmentation.png
isic_2018_task1_2,segmentation,val,ISIC_0013685,lesion,processed/isic_segmentation/images/val/ISIC_0013685.jpg,processed/isic_segmentation/masks/val/ISIC_0013685.png,raw/isic/images/ISIC_0013685.jpg,raw/isic/masks/ISIC_0013685_segmentation.png
isic_2018_task1_2,segmentation,val,ISIC_0013688,lesion,processed/isic_segmentation/images/val/ISIC_0013688.jpg,processed/isic_segmentation/masks/val/ISIC_0013688.png,raw/isic/images/ISIC_0013688.jpg,raw/isic/masks/ISIC_0013688_segmentation.png
isic_2018_task1_2,segmentation,val,ISIC_0013689,lesion,processed/isic_segmentation/images/val/ISIC_0013689.jpg,processed/isic_segmentation/masks/val/ISIC_0013689.png,raw/isic/images/ISIC_0013689.jpg,raw/isic/masks/ISIC_0013689_segmentation.png
isic_2018_task1_2,segmentation,val,ISIC_0013690,lesion,processed/isic_segmentation/images/val/ISIC_0013690.jpg,processed/isic_segmentation/masks/val/ISIC_0013690.png,raw/isic/images/ISIC_0013690.jpg,raw/isic/masks/ISIC_0013690_segmentation.png
isic_2018_task1_2,segmentation,train,ISIC_0013691,lesion,processed/isic_segmentation/images/train/ISIC_0013691.jpg,processed/isic_segmentation/masks/train/ISIC_0013691.png,raw/isic/images/ISIC_0013691.jpg,raw/isic/masks/ISIC_0013691_segmentation.png
isic_2018_task1_2,segmentation,train,ISIC_0013695,lesion,processed/isic_segmentation/images/train/ISIC_0013695.jpg,processed/isic_segmentation/masks/train/ISIC_0013695.png,raw/isic/images/ISIC_0013695.jpg,raw/isic/masks/ISIC_0013695_segmentation.png
isic_2018_task1_2,segmentation,train,ISIC_0013696,lesion,processed/isic_segmentation/images/train/ISIC_0013696.jpg,processed/isic_segmentation/masks/train/ISIC_0013696.png,raw/isic/images/ISIC_0013696.jpg,raw/isic/masks/ISIC_0013696_segmentation.png
isic_2018_task1_2,segmentation,train,ISIC_0013702,lesion,processed/isic_segmentation/images/train/ISIC_0013702.jpg,processed/isic_segmentation/masks/train/ISIC_0013702.png,raw/isic/images/ISIC_0013702.jpg,raw/isic/masks/ISIC_0013702_segmentation.png
isic_2018_task1_2,segmentation,train,ISIC_0013708,lesion,processed/isic_segmentation/images/train/ISIC_0013708.jpg,processed/isic_segmentation/masks/train/ISIC_0013708.png,raw/isic/images/ISIC_0013708.jpg,raw/isic/masks/ISIC_0013708_segmentation.png
isic_2018_task1_2,segmentation,train,ISIC_0013709,lesion,processed/isic_segmentation/images/train/ISIC_0013709.jpg,processed/isic_segmentation/masks/train/ISIC_0013709.png,raw/isic/images/ISIC_0013709.jpg,raw/isic/masks/ISIC_0013709_segmentation.png
isic_2018_task1_2,segmentation,train,ISIC_0013712,lesion,processed/isic_segmentation/images/train/ISIC_0013712.jpg,processed/isic_segmentation/masks/train/ISIC_0013712.png,raw/isic/images/ISIC_0013712.jpg,raw/isic/masks/ISIC_0013712_segmentation.png
isic_2018_task1_2,segmentation,train,ISIC_0013713,lesion,processed/isic_segmentation/images/train/ISIC_0013713.jpg,processed/isic_segmentation/masks/train/ISIC_0013713.png,raw/isic/images/ISIC_0013713.jpg,raw/isic/masks/ISIC_0013713_segmentation.png
isic_2018_task1_2,segmentation,val,ISIC_0013719,lesion,processed/isic_segmentation/images/val/ISIC_0013719.jpg,processed/isic_segmentation/masks/val/ISIC_0013719.png,raw/isic/images/ISIC_0013719.jpg,raw/isic/masks/ISIC_0013719_segmentation.png
isic_2018_task1_2,segmentation,train,ISIC_0013721,lesion,processed/isic_segmentation/images/train/ISIC_0013721.jpg,processed/isic_segmentation/masks/train/ISIC_0013721.png,raw/isic/images/ISIC_0013721.jpg,raw/isic/masks/ISIC_0013721_segmentation.png
isic_2018_task1_2,segmentation,val,ISIC_0013733,lesion,processed/isic_segmentation/images/val/ISIC_0013733.jpg,processed/isic_segmentation/masks/val/ISIC_0013733.png,raw/isic/images/ISIC_0013733.jpg,raw/isic/masks/ISIC_0013733_segmentation.png
isic_2018_task1_2,segmentation,train,ISIC_0013736,lesion,processed/isic_segmentation/images/train/ISIC_0013736.jpg,processed/isic_segmentation/masks/train/ISIC_0013736.png,raw/isic/images/ISIC_0013736.jpg,raw/isic/masks/ISIC_0013736_segmentation.png
isic_2018_task1_2,segmentation,val,ISIC_0013737,lesion,processed/isic_segmentation/images/val/ISIC_0013737.jpg,processed/isic_segmentation/masks/val/ISIC_0013737.png,raw/isic/images/ISIC_0013737.jpg,raw/isic/masks/ISIC_0013737_segmentation.png
isic_2018_task1_2,segmentation,train,ISIC_0013738,lesion,processed/isic_segmentation/images/train/ISIC_0013738.jpg,processed/isic_segmentation/masks/train/ISIC_0013738.png,raw/isic/images/ISIC_0013738.jpg,raw/isic/masks/ISIC_0013738_segmentation.png
isic_2018_task1_2,segmentation,train,ISIC_0013739,lesion,processed/isic_segmentation/images/train/ISIC_0013739.jpg,processed/isic_segmentation/masks/train/ISIC_0013739.png,raw/isic/images/ISIC_0013739.jpg,raw/isic/masks/ISIC_0013739_segmentation.png
isic_2018_task1_2,segmentation,val,ISIC_0013740,lesion,processed/isic_segmentation/images/val/ISIC_0013740.jpg,processed/isic_segmentation/masks/val/ISIC_0013740.png,raw/isic/images/ISIC_0013740.jpg,raw/isic/masks/ISIC_0013740_segmentation.png
isic_2018_task1_2,segmentation,train,ISIC_0013747,lesion,processed/isic_segmentation/images/train/ISIC_0013747.jpg,processed/isic_segmentation/masks/train/ISIC_0013747.png,raw/isic/images/ISIC_0013747.jpg,raw/isic/masks/ISIC_0013747_segmentation.png
isic_2018_task1_2,segmentation,train,ISIC_0013748,lesion,processed/isic_segmentation/images/train/ISIC_0013748.jpg,processed/isic_segmentation/masks/train/ISIC_0013748.png,raw/isic/images/ISIC_0013748.jpg,raw/isic/masks/ISIC_0013748_segmentation.png
isic_2018_task1_2,segmentation,train,ISIC_0013749,lesion,processed/isic_segmentation/images/train/ISIC_0013749.jpg,processed/isic_segmentation/masks/train/ISIC_0013749.png,raw/isic/images/ISIC_0013749.jpg,raw/isic/masks/ISIC_0013749_segmentation.png
isic_2018_task1_2,segmentation,train,ISIC_0013758,lesion,processed/isic_segmentation/images/train/ISIC_0013758.jpg,processed/isic_segmentation/masks/train/ISIC_0013758.png,raw/isic/images/ISIC_0013758.jpg,raw/isic/masks/ISIC_0013758_segmentation.png
isic_2018_task1_2,segmentation,val,ISIC_0013762,lesion,processed/isic_segmentation/images/val/ISIC_0013762.jpg,processed/isic_segmentation/masks/val/ISIC_0013762.png,raw/isic/images/ISIC_0013762.jpg,raw/isic/masks/ISIC_0013762_segmentation.png
isic_2018_task1_2,segmentation,train,ISIC_0013765,lesion,processed/isic_segmentation/images/train/ISIC_0013765.jpg,processed/isic_segmentation/masks/train/ISIC_0013765.png,raw/isic/images/ISIC_0013765.jpg,raw/isic/masks/ISIC_0013765_segmentation.png
isic_2018_task1_2,segmentation,test,ISIC_0013766,lesion,processed/isic_segmentation/images/test/ISIC_0013766.jpg,processed/isic_segmentation/masks/test/ISIC_0013766.png,raw/isic/images/ISIC_0013766.jpg,raw/isic/masks/ISIC_0013766_segmentation.png
isic_2018_task1_2,segmentation,val,ISIC_0013767,lesion,processed/isic_segmentation/images/val/ISIC_0013767.jpg,processed/isic_segmentation/masks/val/ISIC_0013767.png,raw/isic/images/ISIC_0013767.jpg,raw/isic/masks/ISIC_0013767_segmentation.png
isic_2018_task1_2,segmentation,train,ISIC_0013772,lesion,processed/isic_segmentation/images/train/ISIC_0013772.jpg,processed/isic_segmentation/masks/train/ISIC_0013772.png,raw/isic/images/ISIC_0013772.jpg,raw/isic/masks/ISIC_0013772_segmentation.png
isic_2018_task1_2,segmentation,train,ISIC_0013775,lesion,processed/isic_segmentation/images/train/ISIC_0013775.jpg,processed/isic_segmentation/masks/train/ISIC_0013775.png,raw/isic/images/ISIC_0013775.jpg,raw/isic/masks/ISIC_0013775_segmentation.png
isic_2018_task1_2,segmentation,val,ISIC_0013777,lesion,processed/isic_segmentation/images/val/ISIC_0013777.jpg,processed/isic_segmentation/masks/val/ISIC_0013777.png,raw/isic/images/ISIC_0013777.jpg,raw/isic/masks/ISIC_0013777_segmentation.png
isic_2018_task1_2,segmentation,train,ISIC_0013778,lesion,processed/isic_segmentation/images/train/ISIC_0013778.jpg,processed/isic_segmentation/masks/train/ISIC_0013778.png,raw/isic/images/ISIC_0013778.jpg,raw/isic/masks/ISIC_0013778_segmentation.png
isic_2018_task1_2,segmentation,train,ISIC_0013782,lesion,processed/isic_segmentation/images/train/ISIC_0013782.jpg,processed/isic_segmentation/masks/train/ISIC_0013782.png,raw/isic/images/ISIC_0013782.jpg,raw/isic/masks/ISIC_0013782_segmentation.png
isic_2018_task1_2,segmentation,train,ISIC_0013783,lesion,processed/isic_segmentation/images/train/ISIC_0013783.jpg,processed/isic_segmentation/masks/train/ISIC_0013783.png,raw/isic/images/ISIC_0013783.jpg,raw/isic/masks/ISIC_0013783_segmentation.png
isic_2018_task1_2,segmentation,val,ISIC_0013789,lesion,processed/isic_segmentation/images/val/ISIC_0013789.jpg,processed/isic_segmentation/masks/val/ISIC_0013789.png,raw/isic/images/ISIC_0013789.jpg,raw/isic/masks/ISIC_0013789_segmentation.png
isic_2018_task1_2,segmentation,train,ISIC_0013792,lesion,processed/isic_segmentation/images/train/ISIC_0013792.jpg,processed/isic_segmentation/masks/train/ISIC_0013792.png,raw/isic/images/ISIC_0013792.jpg,raw/isic/masks/ISIC_0013792_segmentation.png
isic_2018_task1_2,segmentation,val,ISIC_0013793,lesion,processed/isic_segmentation/images/val/ISIC_0013793.jpg,processed/isic_segmentation/masks/val/ISIC_0013793.png,raw/isic/images/ISIC_0013793.jpg,raw/isic/masks/ISIC_0013793_segmentation.png
isic_2018_task1_2,segmentation,train,ISIC_0013794,lesion,processed/isic_segmentation/images/train/ISIC_0013794.jpg,processed/isic_segmentation/masks/train/ISIC_0013794.png,raw/isic/images/ISIC_0013794.jpg,raw/isic/masks/ISIC_0013794_segmentation.png
isic_2018_task1_2,segmentation,train,ISIC_0013795,lesion,processed/isic_segmentation/images/train/ISIC_0013795.jpg,processed/isic_segmentation/masks/train/ISIC_0013795.png,raw/isic/images/ISIC_0013795.jpg,raw/isic/masks/ISIC_0013795_segmentation.png
isic_2018_task1_2,segmentation,train,ISIC_0013796,lesion,processed/isic_segmentation/images/train/ISIC_0013796.jpg,processed/isic_segmentation/masks/train/ISIC_0013796.png,raw/isic/images/ISIC_0013796.jpg,raw/isic/masks/ISIC_0013796_segmentation.png
isic_2018_task1_2,segmentation,val,ISIC_0013797,lesion,processed/isic_segmentation/images/val/ISIC_0013797.jpg,processed/isic_segmentation/masks/val/ISIC_0013797.png,raw/isic/images/ISIC_0013797.jpg,raw/isic/masks/ISIC_0013797_segmentation.png
isic_2018_task1_2,segmentation,val,ISIC_0013798,lesion,processed/isic_segmentation/images/val/ISIC_0013798.jpg,processed/isic_segmentation/masks/val/ISIC_0013798.png,raw/isic/images/ISIC_0013798.jpg,raw/isic/masks/ISIC_0013798_segmentation.png
isic_2018_task1_2,segmentation,val,ISIC_0013799,lesion,processed/isic_segmentation/images/val/ISIC_0013799.jpg,processed/isic_segmentation/masks/val/ISIC_0013799.png,raw/isic/images/ISIC_0013799.jpg,raw/isic/masks/ISIC_0013799_segmentation.png
isic_2018_task1_2,segmentation,train,ISIC_0013800,lesion,processed/isic_segmentation/images/train/ISIC_0013800.jpg,processed/isic_segmentation/masks/train/ISIC_0013800.png,raw/isic/images/ISIC_0013800.jpg,raw/isic/masks/ISIC_0013800_segmentation.png
isic_2018_task1_2,segmentation,train,ISIC_0013801,lesion,processed/isic_segmentation/images/train/ISIC_0013801.jpg,processed/isic_segmentation/masks/train/ISIC_0013801.png,raw/isic/images/ISIC_0013801.jpg,raw/isic/masks/ISIC_0013801_segmentation.png
isic_2018_task1_2,segmentation,train,ISIC_0013802,lesion,processed/isic_segmentation/images/train/ISIC_0013802.jpg,processed/isic_segmentation/masks/train/ISIC_0013802.png,raw/isic/images/ISIC_0013802.jpg,raw/isic/masks/ISIC_0013802_segmentation.png
isic_2018_task1_2,segmentation,train,ISIC_0013803,lesion,processed/isic_segmentation/images/train/ISIC_0013803.jpg,processed/isic_segmentation/masks/train/ISIC_0013803.png,raw/isic/images/ISIC_0013803.jpg,raw/isic/masks/ISIC_0013803_segmentation.png
isic_2018_task1_2,segmentation,val,ISIC_0013804,lesion,processed/isic_segmentation/images/val/ISIC_0013804.jpg,processed/isic_segmentation/masks/val/ISIC_0013804.png,raw/isic/images/ISIC_0013804.jpg,raw/isic/masks/ISIC_0013804_segmentation.png
isic_2018_task1_2,segmentation,train,ISIC_0013805,lesion,processed/isic_segmentation/images/train/ISIC_0013805.jpg,processed/isic_segmentation/masks/train/ISIC_0013805.png,raw/isic/images/ISIC_0013805.jpg,raw/isic/masks/ISIC_0013805_segmentation.png
isic_2018_task1_2,segmentation,train,ISIC_0013806,lesion,processed/isic_segmentation/images/train/ISIC_0013806.jpg,processed/isic_segmentation/masks/train/ISIC_0013806.png,raw/isic/images/ISIC_0013806.jpg,raw/isic/masks/ISIC_0013806_segmentation.png
isic_2018_task1_2,segmentation,train,ISIC_0013807,lesion,processed/isic_segmentation/images/train/ISIC_0013807.jpg,processed/isic_segmentation/masks/train/ISIC_0013807.png,raw/isic/images/ISIC_0013807.jpg,raw/isic/masks/ISIC_0013807_segmentation.png
isic_2018_task1_2,segmentation,train,ISIC_0013808,lesion,processed/isic_segmentation/images/train/ISIC_0013808.jpg,processed/isic_segmentation/masks/train/ISIC_0013808.png,raw/isic/images/ISIC_0013808.jpg,raw/isic/masks/ISIC_0013808_segmentation.png
isic_2018_task1_2,segmentation,train,ISIC_0013809,lesion,processed/isic_segmentation/images/train/ISIC_0013809.jpg,processed/isic_segmentation/masks/train/ISIC_0013809.png,raw/isic/images/ISIC_0013809.jpg,raw/isic/masks/ISIC_0013809_segmentation.png
isic_2018_task1_2,segmentation,val,ISIC_0013813,lesion,processed/isic_segmentation/images/val/ISIC_0013813.jpg,processed/isic_segmentation/masks/val/ISIC_0013813.png,raw/isic/images/ISIC_0013813.jpg,raw/isic/masks/ISIC_0013813_segmentation.png
isic_2018_task1_2,segmentation,train,ISIC_0013815,lesion,processed/isic_segmentation/images/train/ISIC_0013815.jpg,processed/isic_segmentation/masks/train/ISIC_0013815.png,raw/isic/images/ISIC_0013815.jpg,raw/isic/masks/ISIC_0013815_segmentation.png
isic_2018_task1_2,segmentation,train,ISIC_0013816,lesion,processed/isic_segmentation/images/train/ISIC_0013816.jpg,processed/isic_segmentation/masks/train/ISIC_0013816.png,raw/isic/images/ISIC_0013816.jpg,raw/isic/masks/ISIC_0013816_segmentation.png
isic_2018_task1_2,segmentation,train,ISIC_0013817,lesion,processed/isic_segmentation/images/train/ISIC_0013817.jpg,processed/isic_segmentation/masks/train/ISIC_0013817.png,raw/isic/images/ISIC_0013817.jpg,raw/isic/masks/ISIC_0013817_segmentation.png
isic_2018_task1_2,segmentation,train,ISIC_0013819,lesion,processed/isic_segmentation/images/train/ISIC_0013819.jpg,processed/isic_segmentation/masks/train/ISIC_0013819.png,raw/isic/images/ISIC_0013819.jpg,raw/isic/masks/ISIC_0013819_segmentation.png
isic_2018_task1_2,segmentation,train,ISIC_0013828,lesion,processed/isic_segmentation/images/train/ISIC_0013828.jpg,processed/isic_segmentation/masks/train/ISIC_0013828.png,raw/isic/images/ISIC_0013828.jpg,raw/isic/masks/ISIC_0013828_segmentation.png
isic_2018_task1_2,segmentation,test,ISIC_0013830,lesion,processed/isic_segmentation/images/test/ISIC_0013830.jpg,processed/isic_segmentation/masks/test/ISIC_0013830.png,raw/isic/images/ISIC_0013830.jpg,raw/isic/masks/ISIC_0013830_segmentation.png
isic_2018_task1_2,segmentation,test,ISIC_0013831,lesion,processed/isic_segmentation/images/test/ISIC_0013831.jpg,processed/isic_segmentation/masks/test/ISIC_0013831.png,raw/isic/images/ISIC_0013831.jpg,raw/isic/masks/ISIC_0013831_segmentation.png
isic_2018_task1_2,segmentation,train,ISIC_0013832,lesion,processed/isic_segmentation/images/train/ISIC_0013832.jpg,processed/isic_segmentation/masks/train/ISIC_0013832.png,raw/isic/images/ISIC_0013832.jpg,raw/isic/masks/ISIC_0013832_segmentation.png
isic_2018_task1_2,segmentation,train,ISIC_0013833,lesion,processed/isic_segmentation/images/train/ISIC_0013833.jpg,processed/isic_segmentation/masks/train/ISIC_0013833.png,raw/isic/images/ISIC_0013833.jpg,raw/isic/masks/ISIC_0013833_segmentation.png
isic_2018_task1_2,segmentation,train,ISIC_0013835,lesion,processed/isic_segmentation/images/train/ISIC_0013835.jpg,processed/isic_segmentation/masks/train/ISIC_0013835.png,raw/isic/images/ISIC_0013835.jpg,raw/isic/masks/ISIC_0013835_segmentation.png
isic_2018_task1_2,segmentation,train,ISIC_0013836,lesion,processed/isic_segmentation/images/train/ISIC_0013836.jpg,processed/isic_segmentation/masks/train/ISIC_0013836.png,raw/isic/images/ISIC_0013836.jpg,raw/isic/masks/ISIC_0013836_segmentation.png
isic_2018_task1_2,segmentation,train,ISIC_0013837,lesion,processed/isic_segmentation/images/train/ISIC_0013837.jpg,processed/isic_segmentation/masks/train/ISIC_0013837.png,raw/isic/images/ISIC_0013837.jpg,raw/isic/masks/ISIC_0013837_segmentation.png
isic_2018_task1_2,segmentation,train,ISIC_0013839,lesion,processed/isic_segmentation/images/train/ISIC_0013839.jpg,processed/isic_segmentation/masks/train/ISIC_0013839.png,raw/isic/images/ISIC_0013839.jpg,raw/isic/masks/ISIC_0013839_segmentation.png
isic_2018_task1_2,segmentation,train,ISIC_0013840,lesion,processed/isic_segmentation/images/train/ISIC_0013840.jpg,processed/isic_segmentation/masks/train/ISIC_0013840.png,raw/isic/images/ISIC_0013840.jpg,raw/isic/masks/ISIC_0013840_segmentation.png
isic_2018_task1_2,segmentation,train,ISIC_0013842,lesion,processed/isic_segmentation/images/train/ISIC_0013842.jpg,processed/isic_segmentation/masks/train/ISIC_0013842.png,raw/isic/images/ISIC_0013842.jpg,raw/isic/masks/ISIC_0013842_segmentation.png
isic_2018_task1_2,segmentation,train,ISIC_0013843,lesion,processed/isic_segmentation/images/train/ISIC_0013843.jpg,processed/isic_segmentation/masks/train/ISIC_0013843.png,raw/isic/images/ISIC_0013843.jpg,raw/isic/masks/ISIC_0013843_segmentation.png
isic_2018_task1_2,segmentation,train,ISIC_0013844,lesion,processed/isic_segmentation/images/train/ISIC_0013844.jpg,processed/isic_segmentation/masks/train/ISIC_0013844.png,raw/isic/images/ISIC_0013844.jpg,raw/isic/masks/ISIC_0013844_segmentation.png
isic_2018_task1_2,segmentation,train,ISIC_0013861,lesion,processed/isic_segmentation/images/train/ISIC_0013861.jpg,processed/isic_segmentation/masks/train/ISIC_0013861.png,raw/isic/images/ISIC_0013861.jpg,raw/isic/masks/ISIC_0013861_segmentation.png
isic_2018_task1_2,segmentation,train,ISIC_0013862,lesion,processed/isic_segmentation/images/train/ISIC_0013862.jpg,processed/isic_segmentation/masks/train/ISIC_0013862.png,raw/isic/images/ISIC_0013862.jpg,raw/isic/masks/ISIC_0013862_segmentation.png
isic_2018_task1_2,segmentation,train,ISIC_0013863,lesion,processed/isic_segmentation/images/train/ISIC_0013863.jpg,processed/isic_segmentation/masks/train/ISIC_0013863.png,raw/isic/images/ISIC_0013863.jpg,raw/isic/masks/ISIC_0013863_segmentation.png
isic_2018_task1_2,segmentation,test,ISIC_0013865,lesion,processed/isic_segmentation/images/test/ISIC_0013865.jpg,processed/isic_segmentation/masks/test/ISIC_0013865.png,raw/isic/images/ISIC_0013865.jpg,raw/isic/masks/ISIC_0013865_segmentation.png
isic_2018_task1_2,segmentation,train,ISIC_0013867,lesion,processed/isic_segmentation/images/train/ISIC_0013867.jpg,processed/isic_segmentation/masks/train/ISIC_0013867.png,raw/isic/images/ISIC_0013867.jpg,raw/isic/masks/ISIC_0013867_segmentation.png
isic_2018_task1_2,segmentation,train,ISIC_0013874,lesion,processed/isic_segmentation/images/train/ISIC_0013874.jpg,processed/isic_segmentation/masks/train/ISIC_0013874.png,raw/isic/images/ISIC_0013874.jpg,raw/isic/masks/ISIC_0013874_segmentation.png
isic_2018_task1_2,segmentation,test,ISIC_0013879,lesion,processed/isic_segmentation/images/test/ISIC_0013879.jpg,processed/isic_segmentation/masks/test/ISIC_0013879.png,raw/isic/images/ISIC_0013879.jpg,raw/isic/masks/ISIC_0013879_segmentation.png
isic_2018_task1_2,segmentation,train,ISIC_0013886,lesion,processed/isic_segmentation/images/train/ISIC_0013886.jpg,processed/isic_segmentation/masks/train/ISIC_0013886.png,raw/isic/images/ISIC_0013886.jpg,raw/isic/masks/ISIC_0013886_segmentation.png
isic_2018_task1_2,segmentation,train,ISIC_0013888,lesion,processed/isic_segmentation/images/train/ISIC_0013888.jpg,processed/isic_segmentation/masks/train/ISIC_0013888.png,raw/isic/images/ISIC_0013888.jpg,raw/isic/masks/ISIC_0013888_segmentation.png
isic_2018_task1_2,segmentation,train,ISIC_0013891,lesion,processed/isic_segmentation/images/train/ISIC_0013891.jpg,processed/isic_segmentation/masks/train/ISIC_0013891.png,raw/isic/images/ISIC_0013891.jpg,raw/isic/masks/ISIC_0013891_segmentation.png
isic_2018_task1_2,segmentation,train,ISIC_0013896,lesion,processed/isic_segmentation/images/train/ISIC_0013896.jpg,processed/isic_segmentation/masks/train/ISIC_0013896.png,raw/isic/images/ISIC_0013896.jpg,raw/isic/masks/ISIC_0013896_segmentation.png
isic_2018_task1_2,segmentation,train,ISIC_0013897,lesion,processed/isic_segmentation/images/train/ISIC_0013897.jpg,processed/isic_segmentation/masks/train/ISIC_0013897.png,raw/isic/images/ISIC_0013897.jpg,raw/isic/masks/ISIC_0013897_segmentation.png
isic_2018_task1_2,segmentation,val,ISIC_0013898,lesion,processed/isic_segmentation/images/val/ISIC_0013898.jpg,processed/isic_segmentation/masks/val/ISIC_0013898.png,raw/isic/images/ISIC_0013898.jpg,raw/isic/masks/ISIC_0013898_segmentation.png
isic_2018_task1_2,segmentation,train,ISIC_0013908,lesion,processed/isic_segmentation/images/train/ISIC_0013908.jpg,processed/isic_segmentation/masks/train/ISIC_0013908.png,raw/isic/images/ISIC_0013908.jpg,raw/isic/masks/ISIC_0013908_segmentation.png
isic_2018_task1_2,segmentation,train,ISIC_0013910,lesion,processed/isic_segmentation/images/train/ISIC_0013910.jpg,processed/isic_segmentation/masks/train/ISIC_0013910.png,raw/isic/images/ISIC_0013910.jpg,raw/isic/masks/ISIC_0013910_segmentation.png
isic_2018_task1_2,segmentation,train,ISIC_0013911,lesion,processed/isic_segmentation/images/train/ISIC_0013911.jpg,processed/isic_segmentation/masks/train/ISIC_0013911.png,raw/isic/images/ISIC_0013911.jpg,raw/isic/masks/ISIC_0013911_segmentation.png
isic_2018_task1_2,segmentation,val,ISIC_0013917,lesion,processed/isic_segmentation/images/val/ISIC_0013917.jpg,processed/isic_segmentation/masks/val/ISIC_0013917.png,raw/isic/images/ISIC_0013917.jpg,raw/isic/masks/ISIC_0013917_segmentation.png
isic_2018_task1_2,segmentation,train,ISIC_0013918,lesion,processed/isic_segmentation/images/train/ISIC_0013918.jpg,processed/isic_segmentation/masks/train/ISIC_0013918.png,raw/isic/images/ISIC_0013918.jpg,raw/isic/masks/ISIC_0013918_segmentation.png
isic_2018_task1_2,segmentation,train,ISIC_0013921,lesion,processed/isic_segmentation/images/train/ISIC_0013921.jpg,processed/isic_segmentation/masks/train/ISIC_0013921.png,raw/isic/images/ISIC_0013921.jpg,raw/isic/masks/ISIC_0013921_segmentation.png
isic_2018_task1_2,segmentation,val,ISIC_0013922,lesion,processed/isic_segmentation/images/val/ISIC_0013922.jpg,processed/isic_segmentation/masks/val/ISIC_0013922.png,raw/isic/images/ISIC_0013922.jpg,raw/isic/masks/ISIC_0013922_segmentation.png
isic_2018_task1_2,segmentation,train,ISIC_0013925,lesion,processed/isic_segmentation/images/train/ISIC_0013925.jpg,processed/isic_segmentation/masks/train/ISIC_0013925.png,raw/isic/images/ISIC_0013925.jpg,raw/isic/masks/ISIC_0013925_segmentation.png
isic_2018_task1_2,segmentation,train,ISIC_0013929,lesion,processed/isic_segmentation/images/train/ISIC_0013929.jpg,processed/isic_segmentation/masks/train/ISIC_0013929.png,raw/isic/images/ISIC_0013929.jpg,raw/isic/masks/ISIC_0013929_segmentation.png
isic_2018_task1_2,segmentation,train,ISIC_0013935,lesion,processed/isic_segmentation/images/train/ISIC_0013935.jpg,processed/isic_segmentation/masks/train/ISIC_0013935.png,raw/isic/images/ISIC_0013935.jpg,raw/isic/masks/ISIC_0013935_segmentation.png
isic_2018_task1_2,segmentation,train,ISIC_0013936,lesion,processed/isic_segmentation/images/train/ISIC_0013936.jpg,processed/isic_segmentation/masks/train/ISIC_0013936.png,raw/isic/images/ISIC_0013936.jpg,raw/isic/masks/ISIC_0013936_segmentation.png
isic_2018_task1_2,segmentation,val,ISIC_0013942,lesion,processed/isic_segmentation/images/val/ISIC_0013942.jpg,processed/isic_segmentation/masks/val/ISIC_0013942.png,raw/isic/images/ISIC_0013942.jpg,raw/isic/masks/ISIC_0013942_segmentation.png
isic_2018_task1_2,segmentation,val,ISIC_0013946,lesion,processed/isic_segmentation/images/val/ISIC_0013946.jpg,processed/isic_segmentation/masks/val/ISIC_0013946.png,raw/isic/images/ISIC_0013946.jpg,raw/isic/masks/ISIC_0013946_segmentation.png
isic_2018_task1_2,segmentation,val,ISIC_0013948,lesion,processed/isic_segmentation/images/val/ISIC_0013948.jpg,processed/isic_segmentation/masks/val/ISIC_0013948.png,raw/isic/images/ISIC_0013948.jpg,raw/isic/masks/ISIC_0013948_segmentation.png
isic_2018_task1_2,segmentation,test,ISIC_0013953,lesion,processed/isic_segmentation/images/test/ISIC_0013953.jpg,processed/isic_segmentation/masks/test/ISIC_0013953.png,raw/isic/images/ISIC_0013953.jpg,raw/isic/masks/ISIC_0013953_segmentation.png
isic_2018_task1_2,segmentation,val,ISIC_0013958,lesion,processed/isic_segmentation/images/val/ISIC_0013958.jpg,processed/isic_segmentation/masks/val/ISIC_0013958.png,raw/isic/images/ISIC_0013958.jpg,raw/isic/masks/ISIC_0013958_segmentation.png
isic_2018_task1_2,segmentation,val,ISIC_0013961,lesion,processed/isic_segmentation/images/val/ISIC_0013961.jpg,processed/isic_segmentation/masks/val/ISIC_0013961.png,raw/isic/images/ISIC_0013961.jpg,raw/isic/masks/ISIC_0013961_segmentation.png
isic_2018_task1_2,segmentation,train,ISIC_0013962,lesion,processed/isic_segmentation/images/train/ISIC_0013962.jpg,processed/isic_segmentation/masks/train/ISIC_0013962.png,raw/isic/images/ISIC_0013962.jpg,raw/isic/masks/ISIC_0013962_segmentation.png
isic_2018_task1_2,segmentation,val,ISIC_0013966,lesion,processed/isic_segmentation/images/val/ISIC_0013966.jpg,processed/isic_segmentation/masks/val/ISIC_0013966.png,raw/isic/images/ISIC_0013966.jpg,raw/isic/masks/ISIC_0013966_segmentation.png
isic_2018_task1_2,segmentation,train,ISIC_0013967,lesion,processed/isic_segmentation/images/train/ISIC_0013967.jpg,processed/isic_segmentation/masks/train/ISIC_0013967.png,raw/isic/images/ISIC_0013967.jpg,raw/isic/masks/ISIC_0013967_segmentation.png
isic_2018_task1_2,segmentation,val,ISIC_0013969,lesion,processed/isic_segmentation/images/val/ISIC_0013969.jpg,processed/isic_segmentation/masks/val/ISIC_0013969.png,raw/isic/images/ISIC_0013969.jpg,raw/isic/masks/ISIC_0013969_segmentation.png
isic_2018_task1_2,segmentation,train,ISIC_0013970,lesion,processed/isic_segmentation/images/train/ISIC_0013970.jpg,processed/isic_segmentation/masks/train/ISIC_0013970.png,raw/isic/images/ISIC_0013970.jpg,raw/isic/masks/ISIC_0013970_segmentation.png
isic_2018_task1_2,segmentation,train,ISIC_0013972,lesion,processed/isic_segmentation/images/train/ISIC_0013972.jpg,processed/isic_segmentation/masks/train/ISIC_0013972.png,raw/isic/images/ISIC_0013972.jpg,raw/isic/masks/ISIC_0013972_segmentation.png
isic_2018_task1_2,segmentation,train,ISIC_0013975,lesion,processed/isic_segmentation/images/train/ISIC_0013975.jpg,processed/isic_segmentation/masks/train/ISIC_0013975.png,raw/isic/images/ISIC_0013975.jpg,raw/isic/masks/ISIC_0013975_segmentation.png
isic_2018_task1_2,segmentation,train,ISIC_0013977,lesion,processed/isic_segmentation/images/train/ISIC_0013977.jpg,processed/isic_segmentation/masks/train/ISIC_0013977.png,raw/isic/images/ISIC_0013977.jpg,raw/isic/masks/ISIC_0013977_segmentation.png
isic_2018_task1_2,segmentation,train,ISIC_0013980,lesion,processed/isic_segmentation/images/train/ISIC_0013980.jpg,processed/isic_segmentation/masks/train/ISIC_0013980.png,raw/isic/images/ISIC_0013980.jpg,raw/isic/masks/ISIC_0013980_segmentation.png
isic_2018_task1_2,segmentation,train,ISIC_0013981,lesion,processed/isic_segmentation/images/train/ISIC_0013981.jpg,processed/isic_segmentation/masks/train/ISIC_0013981.png,raw/isic/images/ISIC_0013981.jpg,raw/isic/masks/ISIC_0013981_segmentation.png
isic_2018_task1_2,segmentation,train,ISIC_0013982,lesion,processed/isic_segmentation/images/train/ISIC_0013982.jpg,processed/isic_segmentation/masks/train/ISIC_0013982.png,raw/isic/images/ISIC_0013982.jpg,raw/isic/masks/ISIC_0013982_segmentation.png
isic_2018_task1_2,segmentation,train,ISIC_0013983,lesion,processed/isic_segmentation/images/train/ISIC_0013983.jpg,processed/isic_segmentation/masks/train/ISIC_0013983.png,raw/isic/images/ISIC_0013983.jpg,raw/isic/masks/ISIC_0013983_segmentation.png
isic_2018_task1_2,segmentation,train,ISIC_0013984,lesion,processed/isic_segmentation/images/train/ISIC_0013984.jpg,processed/isic_segmentation/masks/train/ISIC_0013984.png,raw/isic/images/ISIC_0013984.jpg,raw/isic/masks/ISIC_0013984_segmentation.png
isic_2018_task1_2,segmentation,train,ISIC_0013986,lesion,processed/isic_segmentation/images/train/ISIC_0013986.jpg,processed/isic_segmentation/masks/train/ISIC_0013986.png,raw/isic/images/ISIC_0013986.jpg,raw/isic/masks/ISIC_0013986_segmentation.png
isic_2018_task1_2,segmentation,train,ISIC_0013987,lesion,processed/isic_segmentation/images/train/ISIC_0013987.jpg,processed/isic_segmentation/masks/train/ISIC_0013987.png,raw/isic/images/ISIC_0013987.jpg,raw/isic/masks/ISIC_0013987_segmentation.png
isic_2018_task1_2,segmentation,val,ISIC_0013988,lesion,processed/isic_segmentation/images/val/ISIC_0013988.jpg,processed/isic_segmentation/masks/val/ISIC_0013988.png,raw/isic/images/ISIC_0013988.jpg,raw/isic/masks/ISIC_0013988_segmentation.png
isic_2018_task1_2,segmentation,val,ISIC_0013995,lesion,processed/isic_segmentation/images/val/ISIC_0013995.jpg,processed/isic_segmentation/masks/val/ISIC_0013995.png,raw/isic/images/ISIC_0013995.jpg,raw/isic/masks/ISIC_0013995_segmentation.png
isic_2018_task1_2,segmentation,train,ISIC_0013996,lesion,processed/isic_segmentation/images/train/ISIC_0013996.jpg,processed/isic_segmentation/masks/train/ISIC_0013996.png,raw/isic/images/ISIC_0013996.jpg,raw/isic/masks/ISIC_0013996_segmentation.png
isic_2018_task1_2,segmentation,test,ISIC_0013997,lesion,processed/isic_segmentation/images/test/ISIC_0013997.jpg,processed/isic_segmentation/masks/test/ISIC_0013997.png,raw/isic/images/ISIC_0013997.jpg,raw/isic/masks/ISIC_0013997_segmentation.png
isic_2018_task1_2,segmentation,train,ISIC_0013998,lesion,processed/isic_segmentation/images/train/ISIC_0013998.jpg,processed/isic_segmentation/masks/train/ISIC_0013998.png,raw/isic/images/ISIC_0013998.jpg,raw/isic/masks/ISIC_0013998_segmentation.png
isic_2018_task1_2,segmentation,val,ISIC_0014001,lesion,processed/isic_segmentation/images/val/ISIC_0014001.jpg,processed/isic_segmentation/masks/val/ISIC_0014001.png,raw/isic/images/ISIC_0014001.jpg,raw/isic/masks/ISIC_0014001_segmentation.png
isic_2018_task1_2,segmentation,train,ISIC_0014013,lesion,processed/isic_segmentation/images/train/ISIC_0014013.jpg,processed/isic_segmentation/masks/train/ISIC_0014013.png,raw/isic/images/ISIC_0014013.jpg,raw/isic/masks/ISIC_0014013_segmentation.png
isic_2018_task1_2,segmentation,train,ISIC_0014026,lesion,processed/isic_segmentation/images/train/ISIC_0014026.jpg,processed/isic_segmentation/masks/train/ISIC_0014026.png,raw/isic/images/ISIC_0014026.jpg,raw/isic/masks/ISIC_0014026_segmentation.png
isic_2018_task1_2,segmentation,train,ISIC_0014027,lesion,processed/isic_segmentation/images/train/ISIC_0014027.jpg,processed/isic_segmentation/masks/train/ISIC_0014027.png,raw/isic/images/ISIC_0014027.jpg,raw/isic/masks/ISIC_0014027_segmentation.png
isic_2018_task1_2,segmentation,train,ISIC_0014028,lesion,processed/isic_segmentation/images/train/ISIC_0014028.jpg,processed/isic_segmentation/masks/train/ISIC_0014028.png,raw/isic/images/ISIC_0014028.jpg,raw/isic/masks/ISIC_0014028_segmentation.png
isic_2018_task1_2,segmentation,train,ISIC_0014029,lesion,processed/isic_segmentation/images/train/ISIC_0014029.jpg,processed/isic_segmentation/masks/train/ISIC_0014029.png,raw/isic/images/ISIC_0014029.jpg,raw/isic/masks/ISIC_0014029_segmentation.png
isic_2018_task1_2,segmentation,train,ISIC_0014032,lesion,processed/isic_segmentation/images/train/ISIC_0014032.jpg,processed/isic_segmentation/masks/train/ISIC_0014032.png,raw/isic/images/ISIC_0014032.jpg,raw/isic/masks/ISIC_0014032_segmentation.png
isic_2018_task1_2,segmentation,train,ISIC_0014037,lesion,processed/isic_segmentation/images/train/ISIC_0014037.jpg,processed/isic_segmentation/masks/train/ISIC_0014037.png,raw/isic/images/ISIC_0014037.jpg,raw/isic/masks/ISIC_0014037_segmentation.png
isic_2018_task1_2,segmentation,test,ISIC_0014044,lesion,processed/isic_segmentation/images/test/ISIC_0014044.jpg,processed/isic_segmentation/masks/test/ISIC_0014044.png,raw/isic/images/ISIC_0014044.jpg,raw/isic/masks/ISIC_0014044_segmentation.png
isic_2018_task1_2,segmentation,val,ISIC_0014046,lesion,processed/isic_segmentation/images/val/ISIC_0014046.jpg,processed/isic_segmentation/masks/val/ISIC_0014046.png,raw/isic/images/ISIC_0014046.jpg,raw/isic/masks/ISIC_0014046_segmentation.png
isic_2018_task1_2,segmentation,test,ISIC_0014049,lesion,processed/isic_segmentation/images/test/ISIC_0014049.jpg,processed/isic_segmentation/masks/test/ISIC_0014049.png,raw/isic/images/ISIC_0014049.jpg,raw/isic/masks/ISIC_0014049_segmentation.png
isic_2018_task1_2,segmentation,val,ISIC_0014059,lesion,processed/isic_segmentation/images/val/ISIC_0014059.jpg,processed/isic_segmentation/masks/val/ISIC_0014059.png,raw/isic/images/ISIC_0014059.jpg,raw/isic/masks/ISIC_0014059_segmentation.png
isic_2018_task1_2,segmentation,train,ISIC_0014062,lesion,processed/isic_segmentation/images/train/ISIC_0014062.jpg,processed/isic_segmentation/masks/train/ISIC_0014062.png,raw/isic/images/ISIC_0014062.jpg,raw/isic/masks/ISIC_0014062_segmentation.png
isic_2018_task1_2,segmentation,train,ISIC_0014066,lesion,processed/isic_segmentation/images/train/ISIC_0014066.jpg,processed/isic_segmentation/masks/train/ISIC_0014066.png,raw/isic/images/ISIC_0014066.jpg,raw/isic/masks/ISIC_0014066_segmentation.png
isic_2018_task1_2,segmentation,train,ISIC_0014069,lesion,processed/isic_segmentation/images/train/ISIC_0014069.jpg,processed/isic_segmentation/masks/train/ISIC_0014069.png,raw/isic/images/ISIC_0014069.jpg,raw/isic/masks/ISIC_0014069_segmentation.png
isic_2018_task1_2,segmentation,train,ISIC_0014072,lesion,processed/isic_segmentation/images/train/ISIC_0014072.jpg,processed/isic_segmentation/masks/train/ISIC_0014072.png,raw/isic/images/ISIC_0014072.jpg,raw/isic/masks/ISIC_0014072_segmentation.png
isic_2018_task1_2,segmentation,train,ISIC_0014073,lesion,processed/isic_segmentation/images/train/ISIC_0014073.jpg,processed/isic_segmentation/masks/train/ISIC_0014073.png,raw/isic/images/ISIC_0014073.jpg,raw/isic/masks/ISIC_0014073_segmentation.png
isic_2018_task1_2,segmentation,train,ISIC_0014076,lesion,processed/isic_segmentation/images/train/ISIC_0014076.jpg,processed/isic_segmentation/masks/train/ISIC_0014076.png,raw/isic/images/ISIC_0014076.jpg,raw/isic/masks/ISIC_0014076_segmentation.png
isic_2018_task1_2,segmentation,train,ISIC_0014077,lesion,processed/isic_segmentation/images/train/ISIC_0014077.jpg,processed/isic_segmentation/masks/train/ISIC_0014077.png,raw/isic/images/ISIC_0014077.jpg,raw/isic/masks/ISIC_0014077_segmentation.png
isic_2018_task1_2,segmentation,train,ISIC_0014080,lesion,processed/isic_segmentation/images/train/ISIC_0014080.jpg,processed/isic_segmentation/masks/train/ISIC_0014080.png,raw/isic/images/ISIC_0014080.jpg,raw/isic/masks/ISIC_0014080_segmentation.png
isic_2018_task1_2,segmentation,test,ISIC_0014081,lesion,processed/isic_segmentation/images/test/ISIC_0014081.jpg,processed/isic_segmentation/masks/test/ISIC_0014081.png,raw/isic/images/ISIC_0014081.jpg,raw/isic/masks/ISIC_0014081_segmentation.png
isic_2018_task1_2,segmentation,train,ISIC_0014089,lesion,processed/isic_segmentation/images/train/ISIC_0014089.jpg,processed/isic_segmentation/masks/train/ISIC_0014089.png,raw/isic/images/ISIC_0014089.jpg,raw/isic/masks/ISIC_0014089_segmentation.png
isic_2018_task1_2,segmentation,val,ISIC_0014090,lesion,processed/isic_segmentation/images/val/ISIC_0014090.jpg,processed/isic_segmentation/masks/val/ISIC_0014090.png,raw/isic/images/ISIC_0014090.jpg,raw/isic/masks/ISIC_0014090_segmentation.png
isic_2018_task1_2,segmentation,val,ISIC_0014092,lesion,processed/isic_segmentation/images/val/ISIC_0014092.jpg,processed/isic_segmentation/masks/val/ISIC_0014092.png,raw/isic/images/ISIC_0014092.jpg,raw/isic/masks/ISIC_0014092_segmentation.png
isic_2018_task1_2,segmentation,test,ISIC_0014093,lesion,processed/isic_segmentation/images/test/ISIC_0014093.jpg,processed/isic_segmentation/masks/test/ISIC_0014093.png,raw/isic/images/ISIC_0014093.jpg,raw/isic/masks/ISIC_0014093_segmentation.png
isic_2018_task1_2,segmentation,train,ISIC_0014094,lesion,processed/isic_segmentation/images/train/ISIC_0014094.jpg,processed/isic_segmentation/masks/train/ISIC_0014094.png,raw/isic/images/ISIC_0014094.jpg,raw/isic/masks/ISIC_0014094_segmentation.png
isic_2018_task1_2,segmentation,train,ISIC_0014099,lesion,processed/isic_segmentation/images/train/ISIC_0014099.jpg,processed/isic_segmentation/masks/train/ISIC_0014099.png,raw/isic/images/ISIC_0014099.jpg,raw/isic/masks/ISIC_0014099_segmentation.png
isic_2018_task1_2,segmentation,val,ISIC_0014103,lesion,processed/isic_segmentation/images/val/ISIC_0014103.jpg,processed/isic_segmentation/masks/val/ISIC_0014103.png,raw/isic/images/ISIC_0014103.jpg,raw/isic/masks/ISIC_0014103_segmentation.png
isic_2018_task1_2,segmentation,test,ISIC_0014108,lesion,processed/isic_segmentation/images/test/ISIC_0014108.jpg,processed/isic_segmentation/masks/test/ISIC_0014108.png,raw/isic/images/ISIC_0014108.jpg,raw/isic/masks/ISIC_0014108_segmentation.png
isic_2018_task1_2,segmentation,train,ISIC_0014110,lesion,processed/isic_segmentation/images/train/ISIC_0014110.jpg,processed/isic_segmentation/masks/train/ISIC_0014110.png,raw/isic/images/ISIC_0014110.jpg,raw/isic/masks/ISIC_0014110_segmentation.png
isic_2018_task1_2,segmentation,test,ISIC_0014114,lesion,processed/isic_segmentation/images/test/ISIC_0014114.jpg,processed/isic_segmentation/masks/test/ISIC_0014114.png,raw/isic/images/ISIC_0014114.jpg,raw/isic/masks/ISIC_0014114_segmentation.png
isic_2018_task1_2,segmentation,train,ISIC_0014117,lesion,processed/isic_segmentation/images/train/ISIC_0014117.jpg,processed/isic_segmentation/masks/train/ISIC_0014117.png,raw/isic/images/ISIC_0014117.jpg,raw/isic/masks/ISIC_0014117_segmentation.png
isic_2018_task1_2,segmentation,train,ISIC_0014127,lesion,processed/isic_segmentation/images/train/ISIC_0014127.jpg,processed/isic_segmentation/masks/train/ISIC_0014127.png,raw/isic/images/ISIC_0014127.jpg,raw/isic/masks/ISIC_0014127_segmentation.png
isic_2018_task1_2,segmentation,train,ISIC_0014129,lesion,processed/isic_segmentation/images/train/ISIC_0014129.jpg,processed/isic_segmentation/masks/train/ISIC_0014129.png,raw/isic/images/ISIC_0014129.jpg,raw/isic/masks/ISIC_0014129_segmentation.png
isic_2018_task1_2,segmentation,test,ISIC_0014131,lesion,processed/isic_segmentation/images/test/ISIC_0014131.jpg,processed/isic_segmentation/masks/test/ISIC_0014131.png,raw/isic/images/ISIC_0014131.jpg,raw/isic/masks/ISIC_0014131_segmentation.png
isic_2018_task1_2,segmentation,train,ISIC_0014132,lesion,processed/isic_segmentation/images/train/ISIC_0014132.jpg,processed/isic_segmentation/masks/train/ISIC_0014132.png,raw/isic/images/ISIC_0014132.jpg,raw/isic/masks/ISIC_0014132_segmentation.png
isic_2018_task1_2,segmentation,val,ISIC_0014133,lesion,processed/isic_segmentation/images/val/ISIC_0014133.jpg,processed/isic_segmentation/masks/val/ISIC_0014133.png,raw/isic/images/ISIC_0014133.jpg,raw/isic/masks/ISIC_0014133_segmentation.png
isic_2018_task1_2,segmentation,train,ISIC_0014136,lesion,processed/isic_segmentation/images/train/ISIC_0014136.jpg,processed/isic_segmentation/masks/train/ISIC_0014136.png,raw/isic/images/ISIC_0014136.jpg,raw/isic/masks/ISIC_0014136_segmentation.png
isic_2018_task1_2,segmentation,train,ISIC_0014139,lesion,processed/isic_segmentation/images/train/ISIC_0014139.jpg,processed/isic_segmentation/masks/train/ISIC_0014139.png,raw/isic/images/ISIC_0014139.jpg,raw/isic/masks/ISIC_0014139_segmentation.png
isic_2018_task1_2,segmentation,train,ISIC_0014144,lesion,processed/isic_segmentation/images/train/ISIC_0014144.jpg,processed/isic_segmentation/masks/train/ISIC_0014144.png,raw/isic/images/ISIC_0014144.jpg,raw/isic/masks/ISIC_0014144_segmentation.png
isic_2018_task1_2,segmentation,val,ISIC_0014149,lesion,processed/isic_segmentation/images/val/ISIC_0014149.jpg,processed/isic_segmentation/masks/val/ISIC_0014149.png,raw/isic/images/ISIC_0014149.jpg,raw/isic/masks/ISIC_0014149_segmentation.png
isic_2018_task1_2,segmentation,train,ISIC_0014150,lesion,processed/isic_segmentation/images/train/ISIC_0014150.jpg,processed/isic_segmentation/masks/train/ISIC_0014150.png,raw/isic/images/ISIC_0014150.jpg,raw/isic/masks/ISIC_0014150_segmentation.png
isic_2018_task1_2,segmentation,train,ISIC_0014151,lesion,processed/isic_segmentation/images/train/ISIC_0014151.jpg,processed/isic_segmentation/masks/train/ISIC_0014151.png,raw/isic/images/ISIC_0014151.jpg,raw/isic/masks/ISIC_0014151_segmentation.png
isic_2018_task1_2,segmentation,train,ISIC_0014156,lesion,processed/isic_segmentation/images/train/ISIC_0014156.jpg,processed/isic_segmentation/masks/train/ISIC_0014156.png,raw/isic/images/ISIC_0014156.jpg,raw/isic/masks/ISIC_0014156_segmentation.png
isic_2018_task1_2,segmentation,train,ISIC_0014157,lesion,processed/isic_segmentation/images/train/ISIC_0014157.jpg,processed/isic_segmentation/masks/train/ISIC_0014157.png,raw/isic/images/ISIC_0014157.jpg,raw/isic/masks/ISIC_0014157_segmentation.png
isic_2018_task1_2,segmentation,train,ISIC_0014158,lesion,processed/isic_segmentation/images/train/ISIC_0014158.jpg,processed/isic_segmentation/masks/train/ISIC_0014158.png,raw/isic/images/ISIC_0014158.jpg,raw/isic/masks/ISIC_0014158_segmentation.png
isic_2018_task1_2,segmentation,val,ISIC_0014160,lesion,processed/isic_segmentation/images/val/ISIC_0014160.jpg,processed/isic_segmentation/masks/val/ISIC_0014160.png,raw/isic/images/ISIC_0014160.jpg,raw/isic/masks/ISIC_0014160_segmentation.png
isic_2018_task1_2,segmentation,train,ISIC_0014162,lesion,processed/isic_segmentation/images/train/ISIC_0014162.jpg,processed/isic_segmentation/masks/train/ISIC_0014162.png,raw/isic/images/ISIC_0014162.jpg,raw/isic/masks/ISIC_0014162_segmentation.png
isic_2018_task1_2,segmentation,val,ISIC_0014163,lesion,processed/isic_segmentation/images/val/ISIC_0014163.jpg,processed/isic_segmentation/masks/val/ISIC_0014163.png,raw/isic/images/ISIC_0014163.jpg,raw/isic/masks/ISIC_0014163_segmentation.png
isic_2018_task1_2,segmentation,train,ISIC_0014164,lesion,processed/isic_segmentation/images/train/ISIC_0014164.jpg,processed/isic_segmentation/masks/train/ISIC_0014164.png,raw/isic/images/ISIC_0014164.jpg,raw/isic/masks/ISIC_0014164_segmentation.png
isic_2018_task1_2,segmentation,train,ISIC_0014166,lesion,processed/isic_segmentation/images/train/ISIC_0014166.jpg,processed/isic_segmentation/masks/train/ISIC_0014166.png,raw/isic/images/ISIC_0014166.jpg,raw/isic/masks/ISIC_0014166_segmentation.png
isic_2018_task1_2,segmentation,train,ISIC_0014169,lesion,processed/isic_segmentation/images/train/ISIC_0014169.jpg,processed/isic_segmentation/masks/train/ISIC_0014169.png,raw/isic/images/ISIC_0014169.jpg,raw/isic/masks/ISIC_0014169_segmentation.png
isic_2018_task1_2,segmentation,val,ISIC_0014171,lesion,processed/isic_segmentation/images/val/ISIC_0014171.jpg,processed/isic_segmentation/masks/val/ISIC_0014171.png,raw/isic/images/ISIC_0014171.jpg,raw/isic/masks/ISIC_0014171_segmentation.png
isic_2018_task1_2,segmentation,val,ISIC_0014173,lesion,processed/isic_segmentation/images/val/ISIC_0014173.jpg,processed/isic_segmentation/masks/val/ISIC_0014173.png,raw/isic/images/ISIC_0014173.jpg,raw/isic/masks/ISIC_0014173_segmentation.png
isic_2018_task1_2,segmentation,train,ISIC_0014174,lesion,processed/isic_segmentation/images/train/ISIC_0014174.jpg,processed/isic_segmentation/masks/train/ISIC_0014174.png,raw/isic/images/ISIC_0014174.jpg,raw/isic/masks/ISIC_0014174_segmentation.png
isic_2018_task1_2,segmentation,train,ISIC_0014178,lesion,processed/isic_segmentation/images/train/ISIC_0014178.jpg,processed/isic_segmentation/masks/train/ISIC_0014178.png,raw/isic/images/ISIC_0014178.jpg,raw/isic/masks/ISIC_0014178_segmentation.png
isic_2018_task1_2,segmentation,val,ISIC_0014181,lesion,processed/isic_segmentation/images/val/ISIC_0014181.jpg,processed/isic_segmentation/masks/val/ISIC_0014181.png,raw/isic/images/ISIC_0014181.jpg,raw/isic/masks/ISIC_0014181_segmentation.png
isic_2018_task1_2,segmentation,train,ISIC_0014183,lesion,processed/isic_segmentation/images/train/ISIC_0014183.jpg,processed/isic_segmentation/masks/train/ISIC_0014183.png,raw/isic/images/ISIC_0014183.jpg,raw/isic/masks/ISIC_0014183_segmentation.png
isic_2018_task1_2,segmentation,test,ISIC_0014185,lesion,processed/isic_segmentation/images/test/ISIC_0014185.jpg,processed/isic_segmentation/masks/test/ISIC_0014185.png,raw/isic/images/ISIC_0014185.jpg,raw/isic/masks/ISIC_0014185_segmentation.png
isic_2018_task1_2,segmentation,train,ISIC_0014186,lesion,processed/isic_segmentation/images/train/ISIC_0014186.jpg,processed/isic_segmentation/masks/train/ISIC_0014186.png,raw/isic/images/ISIC_0014186.jpg,raw/isic/masks/ISIC_0014186_segmentation.png
isic_2018_task1_2,segmentation,val,ISIC_0014187,lesion,processed/isic_segmentation/images/val/ISIC_0014187.jpg,processed/isic_segmentation/masks/val/ISIC_0014187.png,raw/isic/images/ISIC_0014187.jpg,raw/isic/masks/ISIC_0014187_segmentation.png
isic_2018_task1_2,segmentation,val,ISIC_0014189,lesion,processed/isic_segmentation/images/val/ISIC_0014189.jpg,processed/isic_segmentation/masks/val/ISIC_0014189.png,raw/isic/images/ISIC_0014189.jpg,raw/isic/masks/ISIC_0014189_segmentation.png
isic_2018_task1_2,segmentation,train,ISIC_0014190,lesion,processed/isic_segmentation/images/train/ISIC_0014190.jpg,processed/isic_segmentation/masks/train/ISIC_0014190.png,raw/isic/images/ISIC_0014190.jpg,raw/isic/masks/ISIC_0014190_segmentation.png
isic_2018_task1_2,segmentation,val,ISIC_0014195,lesion,processed/isic_segmentation/images/val/ISIC_0014195.jpg,processed/isic_segmentation/masks/val/ISIC_0014195.png,raw/isic/images/ISIC_0014195.jpg,raw/isic/masks/ISIC_0014195_segmentation.png
isic_2018_task1_2,segmentation,val,ISIC_0014197,lesion,processed/isic_segmentation/images/val/ISIC_0014197.jpg,processed/isic_segmentation/masks/val/ISIC_0014197.png,raw/isic/images/ISIC_0014197.jpg,raw/isic/masks/ISIC_0014197_segmentation.png
isic_2018_task1_2,segmentation,train,ISIC_0014211,lesion,processed/isic_segmentation/images/train/ISIC_0014211.jpg,processed/isic_segmentation/masks/train/ISIC_0014211.png,raw/isic/images/ISIC_0014211.jpg,raw/isic/masks/ISIC_0014211_segmentation.png
isic_2018_task1_2,segmentation,train,ISIC_0014217,lesion,processed/isic_segmentation/images/train/ISIC_0014217.jpg,processed/isic_segmentation/masks/train/ISIC_0014217.png,raw/isic/images/ISIC_0014217.jpg,raw/isic/masks/ISIC_0014217_segmentation.png
isic_2018_task1_2,segmentation,test,ISIC_0014219,lesion,processed/isic_segmentation/images/test/ISIC_0014219.jpg,processed/isic_segmentation/masks/test/ISIC_0014219.png,raw/isic/images/ISIC_0014219.jpg,raw/isic/masks/ISIC_0014219_segmentation.png
isic_2018_task1_2,segmentation,train,ISIC_0014221,lesion,processed/isic_segmentation/images/train/ISIC_0014221.jpg,processed/isic_segmentation/masks/train/ISIC_0014221.png,raw/isic/images/ISIC_0014221.jpg,raw/isic/masks/ISIC_0014221_segmentation.png
isic_2018_task1_2,segmentation,val,ISIC_0014222,lesion,processed/isic_segmentation/images/val/ISIC_0014222.jpg,processed/isic_segmentation/masks/val/ISIC_0014222.png,raw/isic/images/ISIC_0014222.jpg,raw/isic/masks/ISIC_0014222_segmentation.png
isic_2018_task1_2,segmentation,train,ISIC_0014225,lesion,processed/isic_segmentation/images/train/ISIC_0014225.jpg,processed/isic_segmentation/masks/train/ISIC_0014225.png,raw/isic/images/ISIC_0014225.jpg,raw/isic/masks/ISIC_0014225_segmentation.png
isic_2018_task1_2,segmentation,val,ISIC_0014229,lesion,processed/isic_segmentation/images/val/ISIC_0014229.jpg,processed/isic_segmentation/masks/val/ISIC_0014229.png,raw/isic/images/ISIC_0014229.jpg,raw/isic/masks/ISIC_0014229_segmentation.png
isic_2018_task1_2,segmentation,train,ISIC_0014233,lesion,processed/isic_segmentation/images/train/ISIC_0014233.jpg,processed/isic_segmentation/masks/train/ISIC_0014233.png,raw/isic/images/ISIC_0014233.jpg,raw/isic/masks/ISIC_0014233_segmentation.png
isic_2018_task1_2,segmentation,train,ISIC_0014238,lesion,processed/isic_segmentation/images/train/ISIC_0014238.jpg,processed/isic_segmentation/masks/train/ISIC_0014238.png,raw/isic/images/ISIC_0014238.jpg,raw/isic/masks/ISIC_0014238_segmentation.png
isic_2018_task1_2,segmentation,val,ISIC_0014248,lesion,processed/isic_segmentation/images/val/ISIC_0014248.jpg,processed/isic_segmentation/masks/val/ISIC_0014248.png,raw/isic/images/ISIC_0014248.jpg,raw/isic/masks/ISIC_0014248_segmentation.png
isic_2018_task1_2,segmentation,train,ISIC_0014249,lesion,processed/isic_segmentation/images/train/ISIC_0014249.jpg,processed/isic_segmentation/masks/train/ISIC_0014249.png,raw/isic/images/ISIC_0014249.jpg,raw/isic/masks/ISIC_0014249_segmentation.png
isic_2018_task1_2,segmentation,train,ISIC_0014253,lesion,processed/isic_segmentation/images/train/ISIC_0014253.jpg,processed/isic_segmentation/masks/train/ISIC_0014253.png,raw/isic/images/ISIC_0014253.jpg,raw/isic/masks/ISIC_0014253_segmentation.png
isic_2018_task1_2,segmentation,val,ISIC_0014255,lesion,processed/isic_segmentation/images/val/ISIC_0014255.jpg,processed/isic_segmentation/masks/val/ISIC_0014255.png,raw/isic/images/ISIC_0014255.jpg,raw/isic/masks/ISIC_0014255_segmentation.png
isic_2018_task1_2,segmentation,val,ISIC_0014263,lesion,processed/isic_segmentation/images/val/ISIC_0014263.jpg,processed/isic_segmentation/masks/val/ISIC_0014263.png,raw/isic/images/ISIC_0014263.jpg,raw/isic/masks/ISIC_0014263_segmentation.png
isic_2018_task1_2,segmentation,train,ISIC_0014270,lesion,processed/isic_segmentation/images/train/ISIC_0014270.jpg,processed/isic_segmentation/masks/train/ISIC_0014270.png,raw/isic/images/ISIC_0014270.jpg,raw/isic/masks/ISIC_0014270_segmentation.png
isic_2018_task1_2,segmentation,train,ISIC_0014273,lesion,processed/isic_segmentation/images/train/ISIC_0014273.jpg,processed/isic_segmentation/masks/train/ISIC_0014273.png,raw/isic/images/ISIC_0014273.jpg,raw/isic/masks/ISIC_0014273_segmentation.png
isic_2018_task1_2,segmentation,val,ISIC_0014274,lesion,processed/isic_segmentation/images/val/ISIC_0014274.jpg,processed/isic_segmentation/masks/val/ISIC_0014274.png,raw/isic/images/ISIC_0014274.jpg,raw/isic/masks/ISIC_0014274_segmentation.png
isic_2018_task1_2,segmentation,test,ISIC_0014284,lesion,processed/isic_segmentation/images/test/ISIC_0014284.jpg,processed/isic_segmentation/masks/test/ISIC_0014284.png,raw/isic/images/ISIC_0014284.jpg,raw/isic/masks/ISIC_0014284_segmentation.png
isic_2018_task1_2,segmentation,train,ISIC_0014286,lesion,processed/isic_segmentation/images/train/ISIC_0014286.jpg,processed/isic_segmentation/masks/train/ISIC_0014286.png,raw/isic/images/ISIC_0014286.jpg,raw/isic/masks/ISIC_0014286_segmentation.png
isic_2018_task1_2,segmentation,train,ISIC_0014288,lesion,processed/isic_segmentation/images/train/ISIC_0014288.jpg,processed/isic_segmentation/masks/train/ISIC_0014288.png,raw/isic/images/ISIC_0014288.jpg,raw/isic/masks/ISIC_0014288_segmentation.png
isic_2018_task1_2,segmentation,train,ISIC_0014289,lesion,processed/isic_segmentation/images/train/ISIC_0014289.jpg,processed/isic_segmentation/masks/train/ISIC_0014289.png,raw/isic/images/ISIC_0014289.jpg,raw/isic/masks/ISIC_0014289_segmentation.png
isic_2018_task1_2,segmentation,train,ISIC_0014290,lesion,processed/isic_segmentation/images/train/ISIC_0014290.jpg,processed/isic_segmentation/masks/train/ISIC_0014290.png,raw/isic/images/ISIC_0014290.jpg,raw/isic/masks/ISIC_0014290_segmentation.png
isic_2018_task1_2,segmentation,train,ISIC_0014291,lesion,processed/isic_segmentation/images/train/ISIC_0014291.jpg,processed/isic_segmentation/masks/train/ISIC_0014291.png,raw/isic/images/ISIC_0014291.jpg,raw/isic/masks/ISIC_0014291_segmentation.png
isic_2018_task1_2,segmentation,train,ISIC_0014299,lesion,processed/isic_segmentation/images/train/ISIC_0014299.jpg,processed/isic_segmentation/masks/train/ISIC_0014299.png,raw/isic/images/ISIC_0014299.jpg,raw/isic/masks/ISIC_0014299_segmentation.png
isic_2018_task1_2,segmentation,train,ISIC_0014302,lesion,processed/isic_segmentation/images/train/ISIC_0014302.jpg,processed/isic_segmentation/masks/train/ISIC_0014302.png,raw/isic/images/ISIC_0014302.jpg,raw/isic/masks/ISIC_0014302_segmentation.png
isic_2018_task1_2,segmentation,train,ISIC_0014308,lesion,processed/isic_segmentation/images/train/ISIC_0014308.jpg,processed/isic_segmentation/masks/train/ISIC_0014308.png,raw/isic/images/ISIC_0014308.jpg,raw/isic/masks/ISIC_0014308_segmentation.png
isic_2018_task1_2,segmentation,train,ISIC_0014311,lesion,processed/isic_segmentation/images/train/ISIC_0014311.jpg,processed/isic_segmentation/masks/train/ISIC_0014311.png,raw/isic/images/ISIC_0014311.jpg,raw/isic/masks/ISIC_0014311_segmentation.png
isic_2018_task1_2,segmentation,val,ISIC_0014316,lesion,processed/isic_segmentation/images/val/ISIC_0014316.jpg,processed/isic_segmentation/masks/val/ISIC_0014316.png,raw/isic/images/ISIC_0014316.jpg,raw/isic/masks/ISIC_0014316_segmentation.png
isic_2018_task1_2,segmentation,val,ISIC_0014317,lesion,processed/isic_segmentation/images/val/ISIC_0014317.jpg,processed/isic_segmentation/masks/val/ISIC_0014317.png,raw/isic/images/ISIC_0014317.jpg,raw/isic/masks/ISIC_0014317_segmentation.png
isic_2018_task1_2,segmentation,train,ISIC_0014324,lesion,processed/isic_segmentation/images/train/ISIC_0014324.jpg,processed/isic_segmentation/masks/train/ISIC_0014324.png,raw/isic/images/ISIC_0014324.jpg,raw/isic/masks/ISIC_0014324_segmentation.png
isic_2018_task1_2,segmentation,train,ISIC_0014325,lesion,processed/isic_segmentation/images/train/ISIC_0014325.jpg,processed/isic_segmentation/masks/train/ISIC_0014325.png,raw/isic/images/ISIC_0014325.jpg,raw/isic/masks/ISIC_0014325_segmentation.png
isic_2018_task1_2,segmentation,train,ISIC_0014327,lesion,processed/isic_segmentation/images/train/ISIC_0014327.jpg,processed/isic_segmentation/masks/train/ISIC_0014327.png,raw/isic/images/ISIC_0014327.jpg,raw/isic/masks/ISIC_0014327_segmentation.png
isic_2018_task1_2,segmentation,train,ISIC_0014328,lesion,processed/isic_segmentation/images/train/ISIC_0014328.jpg,processed/isic_segmentation/masks/train/ISIC_0014328.png,raw/isic/images/ISIC_0014328.jpg,raw/isic/masks/ISIC_0014328_segmentation.png
isic_2018_task1_2,segmentation,train,ISIC_0014331,lesion,processed/isic_segmentation/images/train/ISIC_0014331.jpg,processed/isic_segmentation/masks/train/ISIC_0014331.png,raw/isic/images/ISIC_0014331.jpg,raw/isic/masks/ISIC_0014331_segmentation.png
isic_2018_task1_2,segmentation,val,ISIC_0014336,lesion,processed/isic_segmentation/images/val/ISIC_0014336.jpg,processed/isic_segmentation/masks/val/ISIC_0014336.png,raw/isic/images/ISIC_0014336.jpg,raw/isic/masks/ISIC_0014336_segmentation.png
isic_2018_task1_2,segmentation,test,ISIC_0014337,lesion,processed/isic_segmentation/images/test/ISIC_0014337.jpg,processed/isic_segmentation/masks/test/ISIC_0014337.png,raw/isic/images/ISIC_0014337.jpg,raw/isic/masks/ISIC_0014337_segmentation.png
isic_2018_task1_2,segmentation,train,ISIC_0014346,lesion,processed/isic_segmentation/images/train/ISIC_0014346.jpg,processed/isic_segmentation/masks/train/ISIC_0014346.png,raw/isic/images/ISIC_0014346.jpg,raw/isic/masks/ISIC_0014346_segmentation.png
isic_2018_task1_2,segmentation,train,ISIC_0014347,lesion,processed/isic_segmentation/images/train/ISIC_0014347.jpg,processed/isic_segmentation/masks/train/ISIC_0014347.png,raw/isic/images/ISIC_0014347.jpg,raw/isic/masks/ISIC_0014347_segmentation.png
isic_2018_task1_2,segmentation,train,ISIC_0014349,lesion,processed/isic_segmentation/images/train/ISIC_0014349.jpg,processed/isic_segmentation/masks/train/ISIC_0014349.png,raw/isic/images/ISIC_0014349.jpg,raw/isic/masks/ISIC_0014349_segmentation.png
isic_2018_task1_2,segmentation,train,ISIC_0014353,lesion,processed/isic_segmentation/images/train/ISIC_0014353.jpg,processed/isic_segmentation/masks/train/ISIC_0014353.png,raw/isic/images/ISIC_0014353.jpg,raw/isic/masks/ISIC_0014353_segmentation.png
isic_2018_task1_2,segmentation,test,ISIC_0014357,lesion,processed/isic_segmentation/images/test/ISIC_0014357.jpg,processed/isic_segmentation/masks/test/ISIC_0014357.png,raw/isic/images/ISIC_0014357.jpg,raw/isic/masks/ISIC_0014357_segmentation.png
isic_2018_task1_2,segmentation,val,ISIC_0014360,lesion,processed/isic_segmentation/images/val/ISIC_0014360.jpg,processed/isic_segmentation/masks/val/ISIC_0014360.png,raw/isic/images/ISIC_0014360.jpg,raw/isic/masks/ISIC_0014360_segmentation.png
isic_2018_task1_2,segmentation,test,ISIC_0014361,lesion,processed/isic_segmentation/images/test/ISIC_0014361.jpg,processed/isic_segmentation/masks/test/ISIC_0014361.png,raw/isic/images/ISIC_0014361.jpg,raw/isic/masks/ISIC_0014361_segmentation.png
isic_2018_task1_2,segmentation,test,ISIC_0014365,lesion,processed/isic_segmentation/images/test/ISIC_0014365.jpg,processed/isic_segmentation/masks/test/ISIC_0014365.png,raw/isic/images/ISIC_0014365.jpg,raw/isic/masks/ISIC_0014365_segmentation.png
isic_2018_task1_2,segmentation,test,ISIC_0014366,lesion,processed/isic_segmentation/images/test/ISIC_0014366.jpg,processed/isic_segmentation/masks/test/ISIC_0014366.png,raw/isic/images/ISIC_0014366.jpg,raw/isic/masks/ISIC_0014366_segmentation.png
isic_2018_task1_2,segmentation,test,ISIC_0014372,lesion,processed/isic_segmentation/images/test/ISIC_0014372.jpg,processed/isic_segmentation/masks/test/ISIC_0014372.png,raw/isic/images/ISIC_0014372.jpg,raw/isic/masks/ISIC_0014372_segmentation.png
isic_2018_task1_2,segmentation,val,ISIC_0014382,lesion,processed/isic_segmentation/images/val/ISIC_0014382.jpg,processed/isic_segmentation/masks/val/ISIC_0014382.png,raw/isic/images/ISIC_0014382.jpg,raw/isic/masks/ISIC_0014382_segmentation.png
isic_2018_task1_2,segmentation,train,ISIC_0014385,lesion,processed/isic_segmentation/images/train/ISIC_0014385.jpg,processed/isic_segmentation/masks/train/ISIC_0014385.png,raw/isic/images/ISIC_0014385.jpg,raw/isic/masks/ISIC_0014385_segmentation.png
isic_2018_task1_2,segmentation,train,ISIC_0014386,lesion,processed/isic_segmentation/images/train/ISIC_0014386.jpg,processed/isic_segmentation/masks/train/ISIC_0014386.png,raw/isic/images/ISIC_0014386.jpg,raw/isic/masks/ISIC_0014386_segmentation.png
isic_2018_task1_2,segmentation,val,ISIC_0014392,lesion,processed/isic_segmentation/images/val/ISIC_0014392.jpg,processed/isic_segmentation/masks/val/ISIC_0014392.png,raw/isic/images/ISIC_0014392.jpg,raw/isic/masks/ISIC_0014392_segmentation.png
isic_2018_task1_2,segmentation,train,ISIC_0014393,lesion,processed/isic_segmentation/images/train/ISIC_0014393.jpg,processed/isic_segmentation/masks/train/ISIC_0014393.png,raw/isic/images/ISIC_0014393.jpg,raw/isic/masks/ISIC_0014393_segmentation.png
isic_2018_task1_2,segmentation,train,ISIC_0014394,lesion,processed/isic_segmentation/images/train/ISIC_0014394.jpg,processed/isic_segmentation/masks/train/ISIC_0014394.png,raw/isic/images/ISIC_0014394.jpg,raw/isic/masks/ISIC_0014394_segmentation.png
isic_2018_task1_2,segmentation,test,ISIC_0014395,lesion,processed/isic_segmentation/images/test/ISIC_0014395.jpg,processed/isic_segmentation/masks/test/ISIC_0014395.png,raw/isic/images/ISIC_0014395.jpg,raw/isic/masks/ISIC_0014395_segmentation.png
isic_2018_task1_2,segmentation,train,ISIC_0014397,lesion,processed/isic_segmentation/images/train/ISIC_0014397.jpg,processed/isic_segmentation/masks/train/ISIC_0014397.png,raw/isic/images/ISIC_0014397.jpg,raw/isic/masks/ISIC_0014397_segmentation.png
isic_2018_task1_2,segmentation,train,ISIC_0014410,lesion,processed/isic_segmentation/images/train/ISIC_0014410.jpg,processed/isic_segmentation/masks/train/ISIC_0014410.png,raw/isic/images/ISIC_0014410.jpg,raw/isic/masks/ISIC_0014410_segmentation.png
isic_2018_task1_2,segmentation,test,ISIC_0014419,lesion,processed/isic_segmentation/images/test/ISIC_0014419.jpg,processed/isic_segmentation/masks/test/ISIC_0014419.png,raw/isic/images/ISIC_0014419.jpg,raw/isic/masks/ISIC_0014419_segmentation.png
isic_2018_task1_2,segmentation,test,ISIC_0014422,lesion,processed/isic_segmentation/images/test/ISIC_0014422.jpg,processed/isic_segmentation/masks/test/ISIC_0014422.png,raw/isic/images/ISIC_0014422.jpg,raw/isic/masks/ISIC_0014422_segmentation.png
isic_2018_task1_2,segmentation,train,ISIC_0014423,lesion,processed/isic_segmentation/images/train/ISIC_0014423.jpg,processed/isic_segmentation/masks/train/ISIC_0014423.png,raw/isic/images/ISIC_0014423.jpg,raw/isic/masks/ISIC_0014423_segmentation.png
isic_2018_task1_2,segmentation,train,ISIC_0014428,lesion,processed/isic_segmentation/images/train/ISIC_0014428.jpg,processed/isic_segmentation/masks/train/ISIC_0014428.png,raw/isic/images/ISIC_0014428.jpg,raw/isic/masks/ISIC_0014428_segmentation.png
isic_2018_task1_2,segmentation,train,ISIC_0014430,lesion,processed/isic_segmentation/images/train/ISIC_0014430.jpg,processed/isic_segmentation/masks/train/ISIC_0014430.png,raw/isic/images/ISIC_0014430.jpg,raw/isic/masks/ISIC_0014430_segmentation.png
isic_2018_task1_2,segmentation,train,ISIC_0014431,lesion,processed/isic_segmentation/images/train/ISIC_0014431.jpg,processed/isic_segmentation/masks/train/ISIC_0014431.png,raw/isic/images/ISIC_0014431.jpg,raw/isic/masks/ISIC_0014431_segmentation.png
isic_2018_task1_2,segmentation,train,ISIC_0014433,lesion,processed/isic_segmentation/images/train/ISIC_0014433.jpg,processed/isic_segmentation/masks/train/ISIC_0014433.png,raw/isic/images/ISIC_0014433.jpg,raw/isic/masks/ISIC_0014433_segmentation.png
isic_2018_task1_2,segmentation,train,ISIC_0014434,lesion,processed/isic_segmentation/images/train/ISIC_0014434.jpg,processed/isic_segmentation/masks/train/ISIC_0014434.png,raw/isic/images/ISIC_0014434.jpg,raw/isic/masks/ISIC_0014434_segmentation.png
isic_2018_task1_2,segmentation,train,ISIC_0014438,lesion,processed/isic_segmentation/images/train/ISIC_0014438.jpg,processed/isic_segmentation/masks/train/ISIC_0014438.png,raw/isic/images/ISIC_0014438.jpg,raw/isic/masks/ISIC_0014438_segmentation.png
isic_2018_task1_2,segmentation,train,ISIC_0014440,lesion,processed/isic_segmentation/images/train/ISIC_0014440.jpg,processed/isic_segmentation/masks/train/ISIC_0014440.png,raw/isic/images/ISIC_0014440.jpg,raw/isic/masks/ISIC_0014440_segmentation.png
isic_2018_task1_2,segmentation,train,ISIC_0014441,lesion,processed/isic_segmentation/images/train/ISIC_0014441.jpg,processed/isic_segmentation/masks/train/ISIC_0014441.png,raw/isic/images/ISIC_0014441.jpg,raw/isic/masks/ISIC_0014441_segmentation.png
isic_2018_task1_2,segmentation,val,ISIC_0014453,lesion,processed/isic_segmentation/images/val/ISIC_0014453.jpg,processed/isic_segmentation/masks/val/ISIC_0014453.png,raw/isic/images/ISIC_0014453.jpg,raw/isic/masks/ISIC_0014453_segmentation.png
isic_2018_task1_2,segmentation,train,ISIC_0014454,lesion,processed/isic_segmentation/images/train/ISIC_0014454.jpg,processed/isic_segmentation/masks/train/ISIC_0014454.png,raw/isic/images/ISIC_0014454.jpg,raw/isic/masks/ISIC_0014454_segmentation.png
isic_2018_task1_2,segmentation,train,ISIC_0014457,lesion,processed/isic_segmentation/images/train/ISIC_0014457.jpg,processed/isic_segmentation/masks/train/ISIC_0014457.png,raw/isic/images/ISIC_0014457.jpg,raw/isic/masks/ISIC_0014457_segmentation.png
isic_2018_task1_2,segmentation,train,ISIC_0014458,lesion,processed/isic_segmentation/images/train/ISIC_0014458.jpg,processed/isic_segmentation/masks/train/ISIC_0014458.png,raw/isic/images/ISIC_0014458.jpg,raw/isic/masks/ISIC_0014458_segmentation.png
isic_2018_task1_2,segmentation,train,ISIC_0014469,lesion,processed/isic_segmentation/images/train/ISIC_0014469.jpg,processed/isic_segmentation/masks/train/ISIC_0014469.png,raw/isic/images/ISIC_0014469.jpg,raw/isic/masks/ISIC_0014469_segmentation.png
isic_2018_task1_2,segmentation,train,ISIC_0014470,lesion,processed/isic_segmentation/images/train/ISIC_0014470.jpg,processed/isic_segmentation/masks/train/ISIC_0014470.png,raw/isic/images/ISIC_0014470.jpg,raw/isic/masks/ISIC_0014470_segmentation.png
isic_2018_task1_2,segmentation,train,ISIC_0014473,lesion,processed/isic_segmentation/images/train/ISIC_0014473.jpg,processed/isic_segmentation/masks/train/ISIC_0014473.png,raw/isic/images/ISIC_0014473.jpg,raw/isic/masks/ISIC_0014473_segmentation.png
isic_2018_task1_2,segmentation,train,ISIC_0014475,lesion,processed/isic_segmentation/images/train/ISIC_0014475.jpg,processed/isic_segmentation/masks/train/ISIC_0014475.png,raw/isic/images/ISIC_0014475.jpg,raw/isic/masks/ISIC_0014475_segmentation.png
isic_2018_task1_2,segmentation,train,ISIC_0014476,lesion,processed/isic_segmentation/images/train/ISIC_0014476.jpg,processed/isic_segmentation/masks/train/ISIC_0014476.png,raw/isic/images/ISIC_0014476.jpg,raw/isic/masks/ISIC_0014476_segmentation.png
isic_2018_task1_2,segmentation,train,ISIC_0014478,lesion,processed/isic_segmentation/images/train/ISIC_0014478.jpg,processed/isic_segmentation/masks/train/ISIC_0014478.png,raw/isic/images/ISIC_0014478.jpg,raw/isic/masks/ISIC_0014478_segmentation.png
isic_2018_task1_2,segmentation,train,ISIC_0014480,lesion,processed/isic_segmentation/images/train/ISIC_0014480.jpg,processed/isic_segmentation/masks/train/ISIC_0014480.png,raw/isic/images/ISIC_0014480.jpg,raw/isic/masks/ISIC_0014480_segmentation.png
isic_2018_task1_2,segmentation,train,ISIC_0014486,lesion,processed/isic_segmentation/images/train/ISIC_0014486.jpg,processed/isic_segmentation/masks/train/ISIC_0014486.png,raw/isic/images/ISIC_0014486.jpg,raw/isic/masks/ISIC_0014486_segmentation.png
isic_2018_task1_2,segmentation,train,ISIC_0014489,lesion,processed/isic_segmentation/images/train/ISIC_0014489.jpg,processed/isic_segmentation/masks/train/ISIC_0014489.png,raw/isic/images/ISIC_0014489.jpg,raw/isic/masks/ISIC_0014489_segmentation.png
isic_2018_task1_2,segmentation,train,ISIC_0014490,lesion,processed/isic_segmentation/images/train/ISIC_0014490.jpg,processed/isic_segmentation/masks/train/ISIC_0014490.png,raw/isic/images/ISIC_0014490.jpg,raw/isic/masks/ISIC_0014490_segmentation.png
isic_2018_task1_2,segmentation,train,ISIC_0014498,lesion,processed/isic_segmentation/images/train/ISIC_0014498.jpg,processed/isic_segmentation/masks/train/ISIC_0014498.png,raw/isic/images/ISIC_0014498.jpg,raw/isic/masks/ISIC_0014498_segmentation.png
isic_2018_task1_2,segmentation,train,ISIC_0014500,lesion,processed/isic_segmentation/images/train/ISIC_0014500.jpg,processed/isic_segmentation/masks/train/ISIC_0014500.png,raw/isic/images/ISIC_0014500.jpg,raw/isic/masks/ISIC_0014500_segmentation.png
isic_2018_task1_2,segmentation,val,ISIC_0014501,lesion,processed/isic_segmentation/images/val/ISIC_0014501.jpg,processed/isic_segmentation/masks/val/ISIC_0014501.png,raw/isic/images/ISIC_0014501.jpg,raw/isic/masks/ISIC_0014501_segmentation.png
isic_2018_task1_2,segmentation,val,ISIC_0014502,lesion,processed/isic_segmentation/images/val/ISIC_0014502.jpg,processed/isic_segmentation/masks/val/ISIC_0014502.png,raw/isic/images/ISIC_0014502.jpg,raw/isic/masks/ISIC_0014502_segmentation.png
isic_2018_task1_2,segmentation,train,ISIC_0014503,lesion,processed/isic_segmentation/images/train/ISIC_0014503.jpg,processed/isic_segmentation/masks/train/ISIC_0014503.png,raw/isic/images/ISIC_0014503.jpg,raw/isic/masks/ISIC_0014503_segmentation.png
isic_2018_task1_2,segmentation,train,ISIC_0014506,lesion,processed/isic_segmentation/images/train/ISIC_0014506.jpg,processed/isic_segmentation/masks/train/ISIC_0014506.png,raw/isic/images/ISIC_0014506.jpg,raw/isic/masks/ISIC_0014506_segmentation.png
isic_2018_task1_2,segmentation,val,ISIC_0014507,lesion,processed/isic_segmentation/images/val/ISIC_0014507.jpg,processed/isic_segmentation/masks/val/ISIC_0014507.png,raw/isic/images/ISIC_0014507.jpg,raw/isic/masks/ISIC_0014507_segmentation.png
isic_2018_task1_2,segmentation,train,ISIC_0014511,lesion,processed/isic_segmentation/images/train/ISIC_0014511.jpg,processed/isic_segmentation/masks/train/ISIC_0014511.png,raw/isic/images/ISIC_0014511.jpg,raw/isic/masks/ISIC_0014511_segmentation.png
isic_2018_task1_2,segmentation,train,ISIC_0014513,lesion,processed/isic_segmentation/images/train/ISIC_0014513.jpg,processed/isic_segmentation/masks/train/ISIC_0014513.png,raw/isic/images/ISIC_0014513.jpg,raw/isic/masks/ISIC_0014513_segmentation.png
isic_2018_task1_2,segmentation,train,ISIC_0014518,lesion,processed/isic_segmentation/images/train/ISIC_0014518.jpg,processed/isic_segmentation/masks/train/ISIC_0014518.png,raw/isic/images/ISIC_0014518.jpg,raw/isic/masks/ISIC_0014518_segmentation.png
isic_2018_task1_2,segmentation,train,ISIC_0014522,lesion,processed/isic_segmentation/images/train/ISIC_0014522.jpg,processed/isic_segmentation/masks/train/ISIC_0014522.png,raw/isic/images/ISIC_0014522.jpg,raw/isic/masks/ISIC_0014522_segmentation.png
isic_2018_task1_2,segmentation,val,ISIC_0014525,lesion,processed/isic_segmentation/images/val/ISIC_0014525.jpg,processed/isic_segmentation/masks/val/ISIC_0014525.png,raw/isic/images/ISIC_0014525.jpg,raw/isic/masks/ISIC_0014525_segmentation.png
isic_2018_task1_2,segmentation,val,ISIC_0014526,lesion,processed/isic_segmentation/images/val/ISIC_0014526.jpg,processed/isic_segmentation/masks/val/ISIC_0014526.png,raw/isic/images/ISIC_0014526.jpg,raw/isic/masks/ISIC_0014526_segmentation.png
isic_2018_task1_2,segmentation,train,ISIC_0014527,lesion,processed/isic_segmentation/images/train/ISIC_0014527.jpg,processed/isic_segmentation/masks/train/ISIC_0014527.png,raw/isic/images/ISIC_0014527.jpg,raw/isic/masks/ISIC_0014527_segmentation.png
isic_2018_task1_2,segmentation,train,ISIC_0014529,lesion,processed/isic_segmentation/images/train/ISIC_0014529.jpg,processed/isic_segmentation/masks/train/ISIC_0014529.png,raw/isic/images/ISIC_0014529.jpg,raw/isic/masks/ISIC_0014529_segmentation.png
isic_2018_task1_2,segmentation,train,ISIC_0014535,lesion,processed/isic_segmentation/images/train/ISIC_0014535.jpg,processed/isic_segmentation/masks/train/ISIC_0014535.png,raw/isic/images/ISIC_0014535.jpg,raw/isic/masks/ISIC_0014535_segmentation.png
isic_2018_task1_2,segmentation,val,ISIC_0014537,lesion,processed/isic_segmentation/images/val/ISIC_0014537.jpg,processed/isic_segmentation/masks/val/ISIC_0014537.png,raw/isic/images/ISIC_0014537.jpg,raw/isic/masks/ISIC_0014537_segmentation.png
isic_2018_task1_2,segmentation,train,ISIC_0014541,lesion,processed/isic_segmentation/images/train/ISIC_0014541.jpg,processed/isic_segmentation/masks/train/ISIC_0014541.png,raw/isic/images/ISIC_0014541.jpg,raw/isic/masks/ISIC_0014541_segmentation.png
isic_2018_task1_2,segmentation,train,ISIC_0014542,lesion,processed/isic_segmentation/images/train/ISIC_0014542.jpg,processed/isic_segmentation/masks/train/ISIC_0014542.png,raw/isic/images/ISIC_0014542.jpg,raw/isic/masks/ISIC_0014542_segmentation.png
isic_2018_task1_2,segmentation,train,ISIC_0014543,lesion,processed/isic_segmentation/images/train/ISIC_0014543.jpg,processed/isic_segmentation/masks/train/ISIC_0014543.png,raw/isic/images/ISIC_0014543.jpg,raw/isic/masks/ISIC_0014543_segmentation.png
isic_2018_task1_2,segmentation,train,ISIC_0014545,lesion,processed/isic_segmentation/images/train/ISIC_0014545.jpg,processed/isic_segmentation/masks/train/ISIC_0014545.png,raw/isic/images/ISIC_0014545.jpg,raw/isic/masks/ISIC_0014545_segmentation.png
isic_2018_task1_2,segmentation,val,ISIC_0014546,lesion,processed/isic_segmentation/images/val/ISIC_0014546.jpg,processed/isic_segmentation/masks/val/ISIC_0014546.png,raw/isic/images/ISIC_0014546.jpg,raw/isic/masks/ISIC_0014546_segmentation.png
isic_2018_task1_2,segmentation,train,ISIC_0014547,lesion,processed/isic_segmentation/images/train/ISIC_0014547.jpg,processed/isic_segmentation/masks/train/ISIC_0014547.png,raw/isic/images/ISIC_0014547.jpg,raw/isic/masks/ISIC_0014547_segmentation.png
isic_2018_task1_2,segmentation,train,ISIC_0014548,lesion,processed/isic_segmentation/images/train/ISIC_0014548.jpg,processed/isic_segmentation/masks/train/ISIC_0014548.png,raw/isic/images/ISIC_0014548.jpg,raw/isic/masks/ISIC_0014548_segmentation.png
isic_2018_task1_2,segmentation,train,ISIC_0014554,lesion,processed/isic_segmentation/images/train/ISIC_0014554.jpg,processed/isic_segmentation/masks/train/ISIC_0014554.png,raw/isic/images/ISIC_0014554.jpg,raw/isic/masks/ISIC_0014554_segmentation.png
isic_2018_task1_2,segmentation,val,ISIC_0014558,lesion,processed/isic_segmentation/images/val/ISIC_0014558.jpg,processed/isic_segmentation/masks/val/ISIC_0014558.png,raw/isic/images/ISIC_0014558.jpg,raw/isic/masks/ISIC_0014558_segmentation.png
isic_2018_task1_2,segmentation,val,ISIC_0014559,lesion,processed/isic_segmentation/images/val/ISIC_0014559.jpg,processed/isic_segmentation/masks/val/ISIC_0014559.png,raw/isic/images/ISIC_0014559.jpg,raw/isic/masks/ISIC_0014559_segmentation.png
isic_2018_task1_2,segmentation,train,ISIC_0014567,lesion,processed/isic_segmentation/images/train/ISIC_0014567.jpg,processed/isic_segmentation/masks/train/ISIC_0014567.png,raw/isic/images/ISIC_0014567.jpg,raw/isic/masks/ISIC_0014567_segmentation.png
isic_2018_task1_2,segmentation,train,ISIC_0014572,lesion,processed/isic_segmentation/images/train/ISIC_0014572.jpg,processed/isic_segmentation/masks/train/ISIC_0014572.png,raw/isic/images/ISIC_0014572.jpg,raw/isic/masks/ISIC_0014572_segmentation.png
isic_2018_task1_2,segmentation,train,ISIC_0014573,lesion,processed/isic_segmentation/images/train/ISIC_0014573.jpg,processed/isic_segmentation/masks/train/ISIC_0014573.png,raw/isic/images/ISIC_0014573.jpg,raw/isic/masks/ISIC_0014573_segmentation.png
isic_2018_task1_2,segmentation,train,ISIC_0014574,lesion,processed/isic_segmentation/images/train/ISIC_0014574.jpg,processed/isic_segmentation/masks/train/ISIC_0014574.png,raw/isic/images/ISIC_0014574.jpg,raw/isic/masks/ISIC_0014574_segmentation.png
isic_2018_task1_2,segmentation,train,ISIC_0014576,lesion,processed/isic_segmentation/images/train/ISIC_0014576.jpg,processed/isic_segmentation/masks/train/ISIC_0014576.png,raw/isic/images/ISIC_0014576.jpg,raw/isic/masks/ISIC_0014576_segmentation.png
isic_2018_task1_2,segmentation,test,ISIC_0014577,lesion,processed/isic_segmentation/images/test/ISIC_0014577.jpg,processed/isic_segmentation/masks/test/ISIC_0014577.png,raw/isic/images/ISIC_0014577.jpg,raw/isic/masks/ISIC_0014577_segmentation.png
isic_2018_task1_2,segmentation,val,ISIC_0014580,lesion,processed/isic_segmentation/images/val/ISIC_0014580.jpg,processed/isic_segmentation/masks/val/ISIC_0014580.png,raw/isic/images/ISIC_0014580.jpg,raw/isic/masks/ISIC_0014580_segmentation.png
isic_2018_task1_2,segmentation,train,ISIC_0014581,lesion,processed/isic_segmentation/images/train/ISIC_0014581.jpg,processed/isic_segmentation/masks/train/ISIC_0014581.png,raw/isic/images/ISIC_0014581.jpg,raw/isic/masks/ISIC_0014581_segmentation.png
isic_2018_task1_2,segmentation,train,ISIC_0014583,lesion,processed/isic_segmentation/images/train/ISIC_0014583.jpg,processed/isic_segmentation/masks/train/ISIC_0014583.png,raw/isic/images/ISIC_0014583.jpg,raw/isic/masks/ISIC_0014583_segmentation.png
isic_2018_task1_2,segmentation,train,ISIC_0014585,lesion,processed/isic_segmentation/images/train/ISIC_0014585.jpg,processed/isic_segmentation/masks/train/ISIC_0014585.png,raw/isic/images/ISIC_0014585.jpg,raw/isic/masks/ISIC_0014585_segmentation.png
isic_2018_task1_2,segmentation,train,ISIC_0014586,lesion,processed/isic_segmentation/images/train/ISIC_0014586.jpg,processed/isic_segmentation/masks/train/ISIC_0014586.png,raw/isic/images/ISIC_0014586.jpg,raw/isic/masks/ISIC_0014586_segmentation.png
isic_2018_task1_2,segmentation,train,ISIC_0014587,lesion,processed/isic_segmentation/images/train/ISIC_0014587.jpg,processed/isic_segmentation/masks/train/ISIC_0014587.png,raw/isic/images/ISIC_0014587.jpg,raw/isic/masks/ISIC_0014587_segmentation.png
isic_2018_task1_2,segmentation,train,ISIC_0014596,lesion,processed/isic_segmentation/images/train/ISIC_0014596.jpg,processed/isic_segmentation/masks/train/ISIC_0014596.png,raw/isic/images/ISIC_0014596.jpg,raw/isic/masks/ISIC_0014596_segmentation.png
isic_2018_task1_2,segmentation,train,ISIC_0014599,lesion,processed/isic_segmentation/images/train/ISIC_0014599.jpg,processed/isic_segmentation/masks/train/ISIC_0014599.png,raw/isic/images/ISIC_0014599.jpg,raw/isic/masks/ISIC_0014599_segmentation.png
isic_2018_task1_2,segmentation,train,ISIC_0014600,lesion,processed/isic_segmentation/images/train/ISIC_0014600.jpg,processed/isic_segmentation/masks/train/ISIC_0014600.png,raw/isic/images/ISIC_0014600.jpg,raw/isic/masks/ISIC_0014600_segmentation.png
isic_2018_task1_2,segmentation,val,ISIC_0014601,lesion,processed/isic_segmentation/images/val/ISIC_0014601.jpg,processed/isic_segmentation/masks/val/ISIC_0014601.png,raw/isic/images/ISIC_0014601.jpg,raw/isic/masks/ISIC_0014601_segmentation.png
isic_2018_task1_2,segmentation,train,ISIC_0014603,lesion,processed/isic_segmentation/images/train/ISIC_0014603.jpg,processed/isic_segmentation/masks/train/ISIC_0014603.png,raw/isic/images/ISIC_0014603.jpg,raw/isic/masks/ISIC_0014603_segmentation.png
isic_2018_task1_2,segmentation,train,ISIC_0014605,lesion,processed/isic_segmentation/images/train/ISIC_0014605.jpg,processed/isic_segmentation/masks/train/ISIC_0014605.png,raw/isic/images/ISIC_0014605.jpg,raw/isic/masks/ISIC_0014605_segmentation.png
isic_2018_task1_2,segmentation,val,ISIC_0014609,lesion,processed/isic_segmentation/images/val/ISIC_0014609.jpg,processed/isic_segmentation/masks/val/ISIC_0014609.png,raw/isic/images/ISIC_0014609.jpg,raw/isic/masks/ISIC_0014609_segmentation.png
isic_2018_task1_2,segmentation,train,ISIC_0014610,lesion,processed/isic_segmentation/images/train/ISIC_0014610.jpg,processed/isic_segmentation/masks/train/ISIC_0014610.png,raw/isic/images/ISIC_0014610.jpg,raw/isic/masks/ISIC_0014610_segmentation.png
isic_2018_task1_2,segmentation,test,ISIC_0014617,lesion,processed/isic_segmentation/images/test/ISIC_0014617.jpg,processed/isic_segmentation/masks/test/ISIC_0014617.png,raw/isic/images/ISIC_0014617.jpg,raw/isic/masks/ISIC_0014617_segmentation.png
isic_2018_task1_2,segmentation,val,ISIC_0014619,lesion,processed/isic_segmentation/images/val/ISIC_0014619.jpg,processed/isic_segmentation/masks/val/ISIC_0014619.png,raw/isic/images/ISIC_0014619.jpg,raw/isic/masks/ISIC_0014619_segmentation.png
isic_2018_task1_2,segmentation,train,ISIC_0014623,lesion,processed/isic_segmentation/images/train/ISIC_0014623.jpg,processed/isic_segmentation/masks/train/ISIC_0014623.png,raw/isic/images/ISIC_0014623.jpg,raw/isic/masks/ISIC_0014623_segmentation.png
isic_2018_task1_2,segmentation,train,ISIC_0014624,lesion,processed/isic_segmentation/images/train/ISIC_0014624.jpg,processed/isic_segmentation/masks/train/ISIC_0014624.png,raw/isic/images/ISIC_0014624.jpg,raw/isic/masks/ISIC_0014624_segmentation.png
isic_2018_task1_2,segmentation,train,ISIC_0014625,lesion,processed/isic_segmentation/images/train/ISIC_0014625.jpg,processed/isic_segmentation/masks/train/ISIC_0014625.png,raw/isic/images/ISIC_0014625.jpg,raw/isic/masks/ISIC_0014625_segmentation.png
isic_2018_task1_2,segmentation,train,ISIC_0014628,lesion,processed/isic_segmentation/images/train/ISIC_0014628.jpg,processed/isic_segmentation/masks/train/ISIC_0014628.png,raw/isic/images/ISIC_0014628.jpg,raw/isic/masks/ISIC_0014628_segmentation.png
isic_2018_task1_2,segmentation,train,ISIC_0014632,lesion,processed/isic_segmentation/images/train/ISIC_0014632.jpg,processed/isic_segmentation/masks/train/ISIC_0014632.png,raw/isic/images/ISIC_0014632.jpg,raw/isic/masks/ISIC_0014632_segmentation.png
isic_2018_task1_2,segmentation,train,ISIC_0014633,lesion,processed/isic_segmentation/images/train/ISIC_0014633.jpg,processed/isic_segmentation/masks/train/ISIC_0014633.png,raw/isic/images/ISIC_0014633.jpg,raw/isic/masks/ISIC_0014633_segmentation.png
isic_2018_task1_2,segmentation,val,ISIC_0014635,lesion,processed/isic_segmentation/images/val/ISIC_0014635.jpg,processed/isic_segmentation/masks/val/ISIC_0014635.png,raw/isic/images/ISIC_0014635.jpg,raw/isic/masks/ISIC_0014635_segmentation.png
isic_2018_task1_2,segmentation,train,ISIC_0014637,lesion,processed/isic_segmentation/images/train/ISIC_0014637.jpg,processed/isic_segmentation/masks/train/ISIC_0014637.png,raw/isic/images/ISIC_0014637.jpg,raw/isic/masks/ISIC_0014637_segmentation.png
isic_2018_task1_2,segmentation,train,ISIC_0014639,lesion,processed/isic_segmentation/images/train/ISIC_0014639.jpg,processed/isic_segmentation/masks/train/ISIC_0014639.png,raw/isic/images/ISIC_0014639.jpg,raw/isic/masks/ISIC_0014639_segmentation.png
isic_2018_task1_2,segmentation,train,ISIC_0014640,lesion,processed/isic_segmentation/images/train/ISIC_0014640.jpg,processed/isic_segmentation/masks/train/ISIC_0014640.png,raw/isic/images/ISIC_0014640.jpg,raw/isic/masks/ISIC_0014640_segmentation.png
isic_2018_task1_2,segmentation,train,ISIC_0014642,lesion,processed/isic_segmentation/images/train/ISIC_0014642.jpg,processed/isic_segmentation/masks/train/ISIC_0014642.png,raw/isic/images/ISIC_0014642.jpg,raw/isic/masks/ISIC_0014642_segmentation.png
isic_2018_task1_2,segmentation,train,ISIC_0014643,lesion,processed/isic_segmentation/images/train/ISIC_0014643.jpg,processed/isic_segmentation/masks/train/ISIC_0014643.png,raw/isic/images/ISIC_0014643.jpg,raw/isic/masks/ISIC_0014643_segmentation.png
isic_2018_task1_2,segmentation,test,ISIC_0014651,lesion,processed/isic_segmentation/images/test/ISIC_0014651.jpg,processed/isic_segmentation/masks/test/ISIC_0014651.png,raw/isic/images/ISIC_0014651.jpg,raw/isic/masks/ISIC_0014651_segmentation.png
isic_2018_task1_2,segmentation,train,ISIC_0014652,lesion,processed/isic_segmentation/images/train/ISIC_0014652.jpg,processed/isic_segmentation/masks/train/ISIC_0014652.png,raw/isic/images/ISIC_0014652.jpg,raw/isic/masks/ISIC_0014652_segmentation.png
isic_2018_task1_2,segmentation,train,ISIC_0014657,lesion,processed/isic_segmentation/images/train/ISIC_0014657.jpg,processed/isic_segmentation/masks/train/ISIC_0014657.png,raw/isic/images/ISIC_0014657.jpg,raw/isic/masks/ISIC_0014657_segmentation.png
isic_2018_task1_2,segmentation,train,ISIC_0014658,lesion,processed/isic_segmentation/images/train/ISIC_0014658.jpg,processed/isic_segmentation/masks/train/ISIC_0014658.png,raw/isic/images/ISIC_0014658.jpg,raw/isic/masks/ISIC_0014658_segmentation.png
isic_2018_task1_2,segmentation,train,ISIC_0014661,lesion,processed/isic_segmentation/images/train/ISIC_0014661.jpg,processed/isic_segmentation/masks/train/ISIC_0014661.png,raw/isic/images/ISIC_0014661.jpg,raw/isic/masks/ISIC_0014661_segmentation.png
isic_2018_task1_2,segmentation,train,ISIC_0014663,lesion,processed/isic_segmentation/images/train/ISIC_0014663.jpg,processed/isic_segmentation/masks/train/ISIC_0014663.png,raw/isic/images/ISIC_0014663.jpg,raw/isic/masks/ISIC_0014663_segmentation.png
isic_2018_task1_2,segmentation,test,ISIC_0014664,lesion,processed/isic_segmentation/images/test/ISIC_0014664.jpg,processed/isic_segmentation/masks/test/ISIC_0014664.png,raw/isic/images/ISIC_0014664.jpg,raw/isic/masks/ISIC_0014664_segmentation.png
isic_2018_task1_2,segmentation,val,ISIC_0014665,lesion,processed/isic_segmentation/images/val/ISIC_0014665.jpg,processed/isic_segmentation/masks/val/ISIC_0014665.png,raw/isic/images/ISIC_0014665.jpg,raw/isic/masks/ISIC_0014665_segmentation.png
isic_2018_task1_2,segmentation,test,ISIC_0014666,lesion,processed/isic_segmentation/images/test/ISIC_0014666.jpg,processed/isic_segmentation/masks/test/ISIC_0014666.png,raw/isic/images/ISIC_0014666.jpg,raw/isic/masks/ISIC_0014666_segmentation.png
isic_2018_task1_2,segmentation,val,ISIC_0014667,lesion,processed/isic_segmentation/images/val/ISIC_0014667.jpg,processed/isic_segmentation/masks/val/ISIC_0014667.png,raw/isic/images/ISIC_0014667.jpg,raw/isic/masks/ISIC_0014667_segmentation.png
isic_2018_task1_2,segmentation,train,ISIC_0014675,lesion,processed/isic_segmentation/images/train/ISIC_0014675.jpg,processed/isic_segmentation/masks/train/ISIC_0014675.png,raw/isic/images/ISIC_0014675.jpg,raw/isic/masks/ISIC_0014675_segmentation.png
isic_2018_task1_2,segmentation,train,ISIC_0014677,lesion,processed/isic_segmentation/images/train/ISIC_0014677.jpg,processed/isic_segmentation/masks/train/ISIC_0014677.png,raw/isic/images/ISIC_0014677.jpg,raw/isic/masks/ISIC_0014677_segmentation.png
isic_2018_task1_2,segmentation,train,ISIC_0014680,lesion,processed/isic_segmentation/images/train/ISIC_0014680.jpg,processed/isic_segmentation/masks/train/ISIC_0014680.png,raw/isic/images/ISIC_0014680.jpg,raw/isic/masks/ISIC_0014680_segmentation.png
isic_2018_task1_2,segmentation,train,ISIC_0014682,lesion,processed/isic_segmentation/images/train/ISIC_0014682.jpg,processed/isic_segmentation/masks/train/ISIC_0014682.png,raw/isic/images/ISIC_0014682.jpg,raw/isic/masks/ISIC_0014682_segmentation.png
isic_2018_task1_2,segmentation,train,ISIC_0014683,lesion,processed/isic_segmentation/images/train/ISIC_0014683.jpg,processed/isic_segmentation/masks/train/ISIC_0014683.png,raw/isic/images/ISIC_0014683.jpg,raw/isic/masks/ISIC_0014683_segmentation.png
isic_2018_task1_2,segmentation,train,ISIC_0014684,lesion,processed/isic_segmentation/images/train/ISIC_0014684.jpg,processed/isic_segmentation/masks/train/ISIC_0014684.png,raw/isic/images/ISIC_0014684.jpg,raw/isic/masks/ISIC_0014684_segmentation.png
isic_2018_task1_2,segmentation,train,ISIC_0014685,lesion,processed/isic_segmentation/images/train/ISIC_0014685.jpg,processed/isic_segmentation/masks/train/ISIC_0014685.png,raw/isic/images/ISIC_0014685.jpg,raw/isic/masks/ISIC_0014685_segmentation.png
isic_2018_task1_2,segmentation,train,ISIC_0014687,lesion,processed/isic_segmentation/images/train/ISIC_0014687.jpg,processed/isic_segmentation/masks/train/ISIC_0014687.png,raw/isic/images/ISIC_0014687.jpg,raw/isic/masks/ISIC_0014687_segmentation.png
isic_2018_task1_2,segmentation,val,ISIC_0014688,lesion,processed/isic_segmentation/images/val/ISIC_0014688.jpg,processed/isic_segmentation/masks/val/ISIC_0014688.png,raw/isic/images/ISIC_0014688.jpg,raw/isic/masks/ISIC_0014688_segmentation.png
isic_2018_task1_2,segmentation,train,ISIC_0014692,lesion,processed/isic_segmentation/images/train/ISIC_0014692.jpg,processed/isic_segmentation/masks/train/ISIC_0014692.png,raw/isic/images/ISIC_0014692.jpg,raw/isic/masks/ISIC_0014692_segmentation.png
isic_2018_task1_2,segmentation,val,ISIC_0014693,lesion,processed/isic_segmentation/images/val/ISIC_0014693.jpg,processed/isic_segmentation/masks/val/ISIC_0014693.png,raw/isic/images/ISIC_0014693.jpg,raw/isic/masks/ISIC_0014693_segmentation.png
isic_2018_task1_2,segmentation,val,ISIC_0014694,lesion,processed/isic_segmentation/images/val/ISIC_0014694.jpg,processed/isic_segmentation/masks/val/ISIC_0014694.png,raw/isic/images/ISIC_0014694.jpg,raw/isic/masks/ISIC_0014694_segmentation.png
isic_2018_task1_2,segmentation,test,ISIC_0014696,lesion,processed/isic_segmentation/images/test/ISIC_0014696.jpg,processed/isic_segmentation/masks/test/ISIC_0014696.png,raw/isic/images/ISIC_0014696.jpg,raw/isic/masks/ISIC_0014696_segmentation.png
isic_2018_task1_2,segmentation,train,ISIC_0014697,lesion,processed/isic_segmentation/images/train/ISIC_0014697.jpg,processed/isic_segmentation/masks/train/ISIC_0014697.png,raw/isic/images/ISIC_0014697.jpg,raw/isic/masks/ISIC_0014697_segmentation.png
isic_2018_task1_2,segmentation,train,ISIC_0014698,lesion,processed/isic_segmentation/images/train/ISIC_0014698.jpg,processed/isic_segmentation/masks/train/ISIC_0014698.png,raw/isic/images/ISIC_0014698.jpg,raw/isic/masks/ISIC_0014698_segmentation.png
isic_2018_task1_2,segmentation,val,ISIC_0014702,lesion,processed/isic_segmentation/images/val/ISIC_0014702.jpg,processed/isic_segmentation/masks/val/ISIC_0014702.png,raw/isic/images/ISIC_0014702.jpg,raw/isic/masks/ISIC_0014702_segmentation.png
isic_2018_task1_2,segmentation,test,ISIC_0014703,lesion,processed/isic_segmentation/images/test/ISIC_0014703.jpg,processed/isic_segmentation/masks/test/ISIC_0014703.png,raw/isic/images/ISIC_0014703.jpg,raw/isic/masks/ISIC_0014703_segmentation.png
isic_2018_task1_2,segmentation,train,ISIC_0014707,lesion,processed/isic_segmentation/images/train/ISIC_0014707.jpg,processed/isic_segmentation/masks/train/ISIC_0014707.png,raw/isic/images/ISIC_0014707.jpg,raw/isic/masks/ISIC_0014707_segmentation.png
isic_2018_task1_2,segmentation,test,ISIC_0014708,lesion,processed/isic_segmentation/images/test/ISIC_0014708.jpg,processed/isic_segmentation/masks/test/ISIC_0014708.png,raw/isic/images/ISIC_0014708.jpg,raw/isic/masks/ISIC_0014708_segmentation.png
isic_2018_task1_2,segmentation,val,ISIC_0014713,lesion,processed/isic_segmentation/images/val/ISIC_0014713.jpg,processed/isic_segmentation/masks/val/ISIC_0014713.png,raw/isic/images/ISIC_0014713.jpg,raw/isic/masks/ISIC_0014713_segmentation.png
isic_2018_task1_2,segmentation,val,ISIC_0014714,lesion,processed/isic_segmentation/images/val/ISIC_0014714.jpg,processed/isic_segmentation/masks/val/ISIC_0014714.png,raw/isic/images/ISIC_0014714.jpg,raw/isic/masks/ISIC_0014714_segmentation.png
isic_2018_task1_2,segmentation,train,ISIC_0014715,lesion,processed/isic_segmentation/images/train/ISIC_0014715.jpg,processed/isic_segmentation/masks/train/ISIC_0014715.png,raw/isic/images/ISIC_0014715.jpg,raw/isic/masks/ISIC_0014715_segmentation.png
isic_2018_task1_2,segmentation,train,ISIC_0014716,lesion,processed/isic_segmentation/images/train/ISIC_0014716.jpg,processed/isic_segmentation/masks/train/ISIC_0014716.png,raw/isic/images/ISIC_0014716.jpg,raw/isic/masks/ISIC_0014716_segmentation.png
isic_2018_task1_2,segmentation,train,ISIC_0014720,lesion,processed/isic_segmentation/images/train/ISIC_0014720.jpg,processed/isic_segmentation/masks/train/ISIC_0014720.png,raw/isic/images/ISIC_0014720.jpg,raw/isic/masks/ISIC_0014720_segmentation.png
isic_2018_task1_2,segmentation,train,ISIC_0014722,lesion,processed/isic_segmentation/images/train/ISIC_0014722.jpg,processed/isic_segmentation/masks/train/ISIC_0014722.png,raw/isic/images/ISIC_0014722.jpg,raw/isic/masks/ISIC_0014722_segmentation.png
isic_2018_task1_2,segmentation,train,ISIC_0014723,lesion,processed/isic_segmentation/images/train/ISIC_0014723.jpg,processed/isic_segmentation/masks/train/ISIC_0014723.png,raw/isic/images/ISIC_0014723.jpg,raw/isic/masks/ISIC_0014723_segmentation.png
isic_2018_task1_2,segmentation,val,ISIC_0014724,lesion,processed/isic_segmentation/images/val/ISIC_0014724.jpg,processed/isic_segmentation/masks/val/ISIC_0014724.png,raw/isic/images/ISIC_0014724.jpg,raw/isic/masks/ISIC_0014724_segmentation.png
isic_2018_task1_2,segmentation,train,ISIC_0014725,lesion,processed/isic_segmentation/images/train/ISIC_0014725.jpg,processed/isic_segmentation/masks/train/ISIC_0014725.png,raw/isic/images/ISIC_0014725.jpg,raw/isic/masks/ISIC_0014725_segmentation.png
isic_2018_task1_2,segmentation,val,ISIC_0014726,lesion,processed/isic_segmentation/images/val/ISIC_0014726.jpg,processed/isic_segmentation/masks/val/ISIC_0014726.png,raw/isic/images/ISIC_0014726.jpg,raw/isic/masks/ISIC_0014726_segmentation.png
isic_2018_task1_2,segmentation,test,ISIC_0014728,lesion,processed/isic_segmentation/images/test/ISIC_0014728.jpg,processed/isic_segmentation/masks/test/ISIC_0014728.png,raw/isic/images/ISIC_0014728.jpg,raw/isic/masks/ISIC_0014728_segmentation.png
isic_2018_task1_2,segmentation,test,ISIC_0014729,lesion,processed/isic_segmentation/images/test/ISIC_0014729.jpg,processed/isic_segmentation/masks/test/ISIC_0014729.png,raw/isic/images/ISIC_0014729.jpg,raw/isic/masks/ISIC_0014729_segmentation.png
isic_2018_task1_2,segmentation,train,ISIC_0014730,lesion,processed/isic_segmentation/images/train/ISIC_0014730.jpg,processed/isic_segmentation/masks/train/ISIC_0014730.png,raw/isic/images/ISIC_0014730.jpg,raw/isic/masks/ISIC_0014730_segmentation.png
isic_2018_task1_2,segmentation,val,ISIC_0014731,lesion,processed/isic_segmentation/images/val/ISIC_0014731.jpg,processed/isic_segmentation/masks/val/ISIC_0014731.png,raw/isic/images/ISIC_0014731.jpg,raw/isic/masks/ISIC_0014731_segmentation.png
isic_2018_task1_2,segmentation,train,ISIC_0014735,lesion,processed/isic_segmentation/images/train/ISIC_0014735.jpg,processed/isic_segmentation/masks/train/ISIC_0014735.png,raw/isic/images/ISIC_0014735.jpg,raw/isic/masks/ISIC_0014735_segmentation.png
isic_2018_task1_2,segmentation,train,ISIC_0014739,lesion,processed/isic_segmentation/images/train/ISIC_0014739.jpg,processed/isic_segmentation/masks/train/ISIC_0014739.png,raw/isic/images/ISIC_0014739.jpg,raw/isic/masks/ISIC_0014739_segmentation.png
isic_2018_task1_2,segmentation,train,ISIC_0014740,lesion,processed/isic_segmentation/images/train/ISIC_0014740.jpg,processed/isic_segmentation/masks/train/ISIC_0014740.png,raw/isic/images/ISIC_0014740.jpg,raw/isic/masks/ISIC_0014740_segmentation.png
isic_2018_task1_2,segmentation,train,ISIC_0014742,lesion,processed/isic_segmentation/images/train/ISIC_0014742.jpg,processed/isic_segmentation/masks/train/ISIC_0014742.png,raw/isic/images/ISIC_0014742.jpg,raw/isic/masks/ISIC_0014742_segmentation.png
isic_2018_task1_2,segmentation,train,ISIC_0014743,lesion,processed/isic_segmentation/images/train/ISIC_0014743.jpg,processed/isic_segmentation/masks/train/ISIC_0014743.png,raw/isic/images/ISIC_0014743.jpg,raw/isic/masks/ISIC_0014743_segmentation.png
isic_2018_task1_2,segmentation,train,ISIC_0014745,lesion,processed/isic_segmentation/images/train/ISIC_0014745.jpg,processed/isic_segmentation/masks/train/ISIC_0014745.png,raw/isic/images/ISIC_0014745.jpg,raw/isic/masks/ISIC_0014745_segmentation.png
isic_2018_task1_2,segmentation,train,ISIC_0014746,lesion,processed/isic_segmentation/images/train/ISIC_0014746.jpg,processed/isic_segmentation/masks/train/ISIC_0014746.png,raw/isic/images/ISIC_0014746.jpg,raw/isic/masks/ISIC_0014746_segmentation.png
isic_2018_task1_2,segmentation,train,ISIC_0014748,lesion,processed/isic_segmentation/images/train/ISIC_0014748.jpg,processed/isic_segmentation/masks/train/ISIC_0014748.png,raw/isic/images/ISIC_0014748.jpg,raw/isic/masks/ISIC_0014748_segmentation.png
isic_2018_task1_2,segmentation,train,ISIC_0014749,lesion,processed/isic_segmentation/images/train/ISIC_0014749.jpg,processed/isic_segmentation/masks/train/ISIC_0014749.png,raw/isic/images/ISIC_0014749.jpg,raw/isic/masks/ISIC_0014749_segmentation.png
isic_2018_task1_2,segmentation,train,ISIC_0014753,lesion,processed/isic_segmentation/images/train/ISIC_0014753.jpg,processed/isic_segmentation/masks/train/ISIC_0014753.png,raw/isic/images/ISIC_0014753.jpg,raw/isic/masks/ISIC_0014753_segmentation.png
isic_2018_task1_2,segmentation,val,ISIC_0014754,lesion,processed/isic_segmentation/images/val/ISIC_0014754.jpg,processed/isic_segmentation/masks/val/ISIC_0014754.png,raw/isic/images/ISIC_0014754.jpg,raw/isic/masks/ISIC_0014754_segmentation.png
isic_2018_task1_2,segmentation,val,ISIC_0014755,lesion,processed/isic_segmentation/images/val/ISIC_0014755.jpg,processed/isic_segmentation/masks/val/ISIC_0014755.png,raw/isic/images/ISIC_0014755.jpg,raw/isic/masks/ISIC_0014755_segmentation.png
isic_2018_task1_2,segmentation,train,ISIC_0014760,lesion,processed/isic_segmentation/images/train/ISIC_0014760.jpg,processed/isic_segmentation/masks/train/ISIC_0014760.png,raw/isic/images/ISIC_0014760.jpg,raw/isic/masks/ISIC_0014760_segmentation.png
isic_2018_task1_2,segmentation,train,ISIC_0014762,lesion,processed/isic_segmentation/images/train/ISIC_0014762.jpg,processed/isic_segmentation/masks/train/ISIC_0014762.png,raw/isic/images/ISIC_0014762.jpg,raw/isic/masks/ISIC_0014762_segmentation.png
isic_2018_task1_2,segmentation,train,ISIC_0014763,lesion,processed/isic_segmentation/images/train/ISIC_0014763.jpg,processed/isic_segmentation/masks/train/ISIC_0014763.png,raw/isic/images/ISIC_0014763.jpg,raw/isic/masks/ISIC_0014763_segmentation.png
isic_2018_task1_2,segmentation,train,ISIC_0014765,lesion,processed/isic_segmentation/images/train/ISIC_0014765.jpg,processed/isic_segmentation/masks/train/ISIC_0014765.png,raw/isic/images/ISIC_0014765.jpg,raw/isic/masks/ISIC_0014765_segmentation.png
isic_2018_task1_2,segmentation,val,ISIC_0014768,lesion,processed/isic_segmentation/images/val/ISIC_0014768.jpg,processed/isic_segmentation/masks/val/ISIC_0014768.png,raw/isic/images/ISIC_0014768.jpg,raw/isic/masks/ISIC_0014768_segmentation.png
isic_2018_task1_2,segmentation,train,ISIC_0014769,lesion,processed/isic_segmentation/images/train/ISIC_0014769.jpg,processed/isic_segmentation/masks/train/ISIC_0014769.png,raw/isic/images/ISIC_0014769.jpg,raw/isic/masks/ISIC_0014769_segmentation.png
isic_2018_task1_2,segmentation,train,ISIC_0014770,lesion,processed/isic_segmentation/images/train/ISIC_0014770.jpg,processed/isic_segmentation/masks/train/ISIC_0014770.png,raw/isic/images/ISIC_0014770.jpg,raw/isic/masks/ISIC_0014770_segmentation.png
isic_2018_task1_2,segmentation,test,ISIC_0014771,lesion,processed/isic_segmentation/images/test/ISIC_0014771.jpg,processed/isic_segmentation/masks/test/ISIC_0014771.png,raw/isic/images/ISIC_0014771.jpg,raw/isic/masks/ISIC_0014771_segmentation.png
isic_2018_task1_2,segmentation,val,ISIC_0014772,lesion,processed/isic_segmentation/images/val/ISIC_0014772.jpg,processed/isic_segmentation/masks/val/ISIC_0014772.png,raw/isic/images/ISIC_0014772.jpg,raw/isic/masks/ISIC_0014772_segmentation.png
isic_2018_task1_2,segmentation,train,ISIC_0014773,lesion,processed/isic_segmentation/images/train/ISIC_0014773.jpg,processed/isic_segmentation/masks/train/ISIC_0014773.png,raw/isic/images/ISIC_0014773.jpg,raw/isic/masks/ISIC_0014773_segmentation.png
isic_2018_task1_2,segmentation,train,ISIC_0014775,lesion,processed/isic_segmentation/images/train/ISIC_0014775.jpg,processed/isic_segmentation/masks/train/ISIC_0014775.png,raw/isic/images/ISIC_0014775.jpg,raw/isic/masks/ISIC_0014775_segmentation.png
isic_2018_task1_2,segmentation,train,ISIC_0014778,lesion,processed/isic_segmentation/images/train/ISIC_0014778.jpg,processed/isic_segmentation/masks/train/ISIC_0014778.png,raw/isic/images/ISIC_0014778.jpg,raw/isic/masks/ISIC_0014778_segmentation.png
isic_2018_task1_2,segmentation,train,ISIC_0014779,lesion,processed/isic_segmentation/images/train/ISIC_0014779.jpg,processed/isic_segmentation/masks/train/ISIC_0014779.png,raw/isic/images/ISIC_0014779.jpg,raw/isic/masks/ISIC_0014779_segmentation.png
isic_2018_task1_2,segmentation,val,ISIC_0014780,lesion,processed/isic_segmentation/images/val/ISIC_0014780.jpg,processed/isic_segmentation/masks/val/ISIC_0014780.png,raw/isic/images/ISIC_0014780.jpg,raw/isic/masks/ISIC_0014780_segmentation.png
isic_2018_task1_2,segmentation,train,ISIC_0014782,lesion,processed/isic_segmentation/images/train/ISIC_0014782.jpg,processed/isic_segmentation/masks/train/ISIC_0014782.png,raw/isic/images/ISIC_0014782.jpg,raw/isic/masks/ISIC_0014782_segmentation.png
isic_2018_task1_2,segmentation,val,ISIC_0014783,lesion,processed/isic_segmentation/images/val/ISIC_0014783.jpg,processed/isic_segmentation/masks/val/ISIC_0014783.png,raw/isic/images/ISIC_0014783.jpg,raw/isic/masks/ISIC_0014783_segmentation.png
isic_2018_task1_2,segmentation,train,ISIC_0014784,lesion,processed/isic_segmentation/images/train/ISIC_0014784.jpg,processed/isic_segmentation/masks/train/ISIC_0014784.png,raw/isic/images/ISIC_0014784.jpg,raw/isic/masks/ISIC_0014784_segmentation.png
isic_2018_task1_2,segmentation,train,ISIC_0014785,lesion,processed/isic_segmentation/images/train/ISIC_0014785.jpg,processed/isic_segmentation/masks/train/ISIC_0014785.png,raw/isic/images/ISIC_0014785.jpg,raw/isic/masks/ISIC_0014785_segmentation.png
isic_2018_task1_2,segmentation,val,ISIC_0014786,lesion,processed/isic_segmentation/images/val/ISIC_0014786.jpg,processed/isic_segmentation/masks/val/ISIC_0014786.png,raw/isic/images/ISIC_0014786.jpg,raw/isic/masks/ISIC_0014786_segmentation.png
isic_2018_task1_2,segmentation,train,ISIC_0014787,lesion,processed/isic_segmentation/images/train/ISIC_0014787.jpg,processed/isic_segmentation/masks/train/ISIC_0014787.png,raw/isic/images/ISIC_0014787.jpg,raw/isic/masks/ISIC_0014787_segmentation.png
isic_2018_task1_2,segmentation,test,ISIC_0014788,lesion,processed/isic_segmentation/images/test/ISIC_0014788.jpg,processed/isic_segmentation/masks/test/ISIC_0014788.png,raw/isic/images/ISIC_0014788.jpg,raw/isic/masks/ISIC_0014788_segmentation.png
isic_2018_task1_2,segmentation,val,ISIC_0014790,lesion,processed/isic_segmentation/images/val/ISIC_0014790.jpg,processed/isic_segmentation/masks/val/ISIC_0014790.png,raw/isic/images/ISIC_0014790.jpg,raw/isic/masks/ISIC_0014790_segmentation.png
isic_2018_task1_2,segmentation,train,ISIC_0014791,lesion,processed/isic_segmentation/images/train/ISIC_0014791.jpg,processed/isic_segmentation/masks/train/ISIC_0014791.png,raw/isic/images/ISIC_0014791.jpg,raw/isic/masks/ISIC_0014791_segmentation.png
isic_2018_task1_2,segmentation,test,ISIC_0014792,lesion,processed/isic_segmentation/images/test/ISIC_0014792.jpg,processed/isic_segmentation/masks/test/ISIC_0014792.png,raw/isic/images/ISIC_0014792.jpg,raw/isic/masks/ISIC_0014792_segmentation.png
isic_2018_task1_2,segmentation,test,ISIC_0014794,lesion,processed/isic_segmentation/images/test/ISIC_0014794.jpg,processed/isic_segmentation/masks/test/ISIC_0014794.png,raw/isic/images/ISIC_0014794.jpg,raw/isic/masks/ISIC_0014794_segmentation.png
isic_2018_task1_2,segmentation,train,ISIC_0014795,lesion,processed/isic_segmentation/images/train/ISIC_0014795.jpg,processed/isic_segmentation/masks/train/ISIC_0014795.png,raw/isic/images/ISIC_0014795.jpg,raw/isic/masks/ISIC_0014795_segmentation.png
isic_2018_task1_2,segmentation,train,ISIC_0014796,lesion,processed/isic_segmentation/images/train/ISIC_0014796.jpg,processed/isic_segmentation/masks/train/ISIC_0014796.png,raw/isic/images/ISIC_0014796.jpg,raw/isic/masks/ISIC_0014796_segmentation.png
isic_2018_task1_2,segmentation,test,ISIC_0014797,lesion,processed/isic_segmentation/images/test/ISIC_0014797.jpg,processed/isic_segmentation/masks/test/ISIC_0014797.png,raw/isic/images/ISIC_0014797.jpg,raw/isic/masks/ISIC_0014797_segmentation.png
isic_2018_task1_2,segmentation,train,ISIC_0014798,lesion,processed/isic_segmentation/images/train/ISIC_0014798.jpg,processed/isic_segmentation/masks/train/ISIC_0014798.png,raw/isic/images/ISIC_0014798.jpg,raw/isic/masks/ISIC_0014798_segmentation.png
isic_2018_task1_2,segmentation,train,ISIC_0014800,lesion,processed/isic_segmentation/images/train/ISIC_0014800.jpg,processed/isic_segmentation/masks/train/ISIC_0014800.png,raw/isic/images/ISIC_0014800.jpg,raw/isic/masks/ISIC_0014800_segmentation.png
isic_2018_task1_2,segmentation,train,ISIC_0014802,lesion,processed/isic_segmentation/images/train/ISIC_0014802.jpg,processed/isic_segmentation/masks/train/ISIC_0014802.png,raw/isic/images/ISIC_0014802.jpg,raw/isic/masks/ISIC_0014802_segmentation.png
isic_2018_task1_2,segmentation,train,ISIC_0014803,lesion,processed/isic_segmentation/images/train/ISIC_0014803.jpg,processed/isic_segmentation/masks/train/ISIC_0014803.png,raw/isic/images/ISIC_0014803.jpg,raw/isic/masks/ISIC_0014803_segmentation.png
isic_2018_task1_2,segmentation,val,ISIC_0014804,lesion,processed/isic_segmentation/images/val/ISIC_0014804.jpg,processed/isic_segmentation/masks/val/ISIC_0014804.png,raw/isic/images/ISIC_0014804.jpg,raw/isic/masks/ISIC_0014804_segmentation.png
isic_2018_task1_2,segmentation,train,ISIC_0014805,lesion,processed/isic_segmentation/images/train/ISIC_0014805.jpg,processed/isic_segmentation/masks/train/ISIC_0014805.png,raw/isic/images/ISIC_0014805.jpg,raw/isic/masks/ISIC_0014805_segmentation.png
isic_2018_task1_2,segmentation,val,ISIC_0014806,lesion,processed/isic_segmentation/images/val/ISIC_0014806.jpg,processed/isic_segmentation/masks/val/ISIC_0014806.png,raw/isic/images/ISIC_0014806.jpg,raw/isic/masks/ISIC_0014806_segmentation.png
isic_2018_task1_2,segmentation,train,ISIC_0014807,lesion,processed/isic_segmentation/images/train/ISIC_0014807.jpg,processed/isic_segmentation/masks/train/ISIC_0014807.png,raw/isic/images/ISIC_0014807.jpg,raw/isic/masks/ISIC_0014807_segmentation.png
isic_2018_task1_2,segmentation,train,ISIC_0014808,lesion,processed/isic_segmentation/images/train/ISIC_0014808.jpg,processed/isic_segmentation/masks/train/ISIC_0014808.png,raw/isic/images/ISIC_0014808.jpg,raw/isic/masks/ISIC_0014808_segmentation.png
isic_2018_task1_2,segmentation,train,ISIC_0014809,lesion,processed/isic_segmentation/images/train/ISIC_0014809.jpg,processed/isic_segmentation/masks/train/ISIC_0014809.png,raw/isic/images/ISIC_0014809.jpg,raw/isic/masks/ISIC_0014809_segmentation.png
isic_2018_task1_2,segmentation,train,ISIC_0014812,lesion,processed/isic_segmentation/images/train/ISIC_0014812.jpg,processed/isic_segmentation/masks/train/ISIC_0014812.png,raw/isic/images/ISIC_0014812.jpg,raw/isic/masks/ISIC_0014812_segmentation.png
isic_2018_task1_2,segmentation,train,ISIC_0014814,lesion,processed/isic_segmentation/images/train/ISIC_0014814.jpg,processed/isic_segmentation/masks/train/ISIC_0014814.png,raw/isic/images/ISIC_0014814.jpg,raw/isic/masks/ISIC_0014814_segmentation.png
isic_2018_task1_2,segmentation,train,ISIC_0014815,lesion,processed/isic_segmentation/images/train/ISIC_0014815.jpg,processed/isic_segmentation/masks/train/ISIC_0014815.png,raw/isic/images/ISIC_0014815.jpg,raw/isic/masks/ISIC_0014815_segmentation.png
isic_2018_task1_2,segmentation,train,ISIC_0014818,lesion,processed/isic_segmentation/images/train/ISIC_0014818.jpg,processed/isic_segmentation/masks/train/ISIC_0014818.png,raw/isic/images/ISIC_0014818.jpg,raw/isic/masks/ISIC_0014818_segmentation.png
isic_2018_task1_2,segmentation,val,ISIC_0014820,lesion,processed/isic_segmentation/images/val/ISIC_0014820.jpg,processed/isic_segmentation/masks/val/ISIC_0014820.png,raw/isic/images/ISIC_0014820.jpg,raw/isic/masks/ISIC_0014820_segmentation.png
isic_2018_task1_2,segmentation,train,ISIC_0014821,lesion,processed/isic_segmentation/images/train/ISIC_0014821.jpg,processed/isic_segmentation/masks/train/ISIC_0014821.png,raw/isic/images/ISIC_0014821.jpg,raw/isic/masks/ISIC_0014821_segmentation.png
isic_2018_task1_2,segmentation,val,ISIC_0014823,lesion,processed/isic_segmentation/images/val/ISIC_0014823.jpg,processed/isic_segmentation/masks/val/ISIC_0014823.png,raw/isic/images/ISIC_0014823.jpg,raw/isic/masks/ISIC_0014823_segmentation.png
isic_2018_task1_2,segmentation,test,ISIC_0014825,lesion,processed/isic_segmentation/images/test/ISIC_0014825.jpg,processed/isic_segmentation/masks/test/ISIC_0014825.png,raw/isic/images/ISIC_0014825.jpg,raw/isic/masks/ISIC_0014825_segmentation.png
isic_2018_task1_2,segmentation,train,ISIC_0014826,lesion,processed/isic_segmentation/images/train/ISIC_0014826.jpg,processed/isic_segmentation/masks/train/ISIC_0014826.png,raw/isic/images/ISIC_0014826.jpg,raw/isic/masks/ISIC_0014826_segmentation.png
isic_2018_task1_2,segmentation,val,ISIC_0014829,lesion,processed/isic_segmentation/images/val/ISIC_0014829.jpg,processed/isic_segmentation/masks/val/ISIC_0014829.png,raw/isic/images/ISIC_0014829.jpg,raw/isic/masks/ISIC_0014829_segmentation.png
isic_2018_task1_2,segmentation,train,ISIC_0014830,lesion,processed/isic_segmentation/images/train/ISIC_0014830.jpg,processed/isic_segmentation/masks/train/ISIC_0014830.png,raw/isic/images/ISIC_0014830.jpg,raw/isic/masks/ISIC_0014830_segmentation.png
isic_2018_task1_2,segmentation,val,ISIC_0014831,lesion,processed/isic_segmentation/images/val/ISIC_0014831.jpg,processed/isic_segmentation/masks/val/ISIC_0014831.png,raw/isic/images/ISIC_0014831.jpg,raw/isic/masks/ISIC_0014831_segmentation.png
isic_2018_task1_2,segmentation,train,ISIC_0014832,lesion,processed/isic_segmentation/images/train/ISIC_0014832.jpg,processed/isic_segmentation/masks/train/ISIC_0014832.png,raw/isic/images/ISIC_0014832.jpg,raw/isic/masks/ISIC_0014832_segmentation.png
isic_2018_task1_2,segmentation,val,ISIC_0014833,lesion,processed/isic_segmentation/images/val/ISIC_0014833.jpg,processed/isic_segmentation/masks/val/ISIC_0014833.png,raw/isic/images/ISIC_0014833.jpg,raw/isic/masks/ISIC_0014833_segmentation.png
isic_2018_task1_2,segmentation,val,ISIC_0014834,lesion,processed/isic_segmentation/images/val/ISIC_0014834.jpg,processed/isic_segmentation/masks/val/ISIC_0014834.png,raw/isic/images/ISIC_0014834.jpg,raw/isic/masks/ISIC_0014834_segmentation.png
isic_2018_task1_2,segmentation,train,ISIC_0014835,lesion,processed/isic_segmentation/images/train/ISIC_0014835.jpg,processed/isic_segmentation/masks/train/ISIC_0014835.png,raw/isic/images/ISIC_0014835.jpg,raw/isic/masks/ISIC_0014835_segmentation.png
isic_2018_task1_2,segmentation,train,ISIC_0014836,lesion,processed/isic_segmentation/images/train/ISIC_0014836.jpg,processed/isic_segmentation/masks/train/ISIC_0014836.png,raw/isic/images/ISIC_0014836.jpg,raw/isic/masks/ISIC_0014836_segmentation.png
isic_2018_task1_2,segmentation,train,ISIC_0014838,lesion,processed/isic_segmentation/images/train/ISIC_0014838.jpg,processed/isic_segmentation/masks/train/ISIC_0014838.png,raw/isic/images/ISIC_0014838.jpg,raw/isic/masks/ISIC_0014838_segmentation.png
isic_2018_task1_2,segmentation,test,ISIC_0014839,lesion,processed/isic_segmentation/images/test/ISIC_0014839.jpg,processed/isic_segmentation/masks/test/ISIC_0014839.png,raw/isic/images/ISIC_0014839.jpg,raw/isic/masks/ISIC_0014839_segmentation.png
isic_2018_task1_2,segmentation,train,ISIC_0014843,lesion,processed/isic_segmentation/images/train/ISIC_0014843.jpg,processed/isic_segmentation/masks/train/ISIC_0014843.png,raw/isic/images/ISIC_0014843.jpg,raw/isic/masks/ISIC_0014843_segmentation.png
isic_2018_task1_2,segmentation,train,ISIC_0014844,lesion,processed/isic_segmentation/images/train/ISIC_0014844.jpg,processed/isic_segmentation/masks/train/ISIC_0014844.png,raw/isic/images/ISIC_0014844.jpg,raw/isic/masks/ISIC_0014844_segmentation.png
isic_2018_task1_2,segmentation,val,ISIC_0014845,lesion,processed/isic_segmentation/images/val/ISIC_0014845.jpg,processed/isic_segmentation/masks/val/ISIC_0014845.png,raw/isic/images/ISIC_0014845.jpg,raw/isic/masks/ISIC_0014845_segmentation.png
isic_2018_task1_2,segmentation,val,ISIC_0014846,lesion,processed/isic_segmentation/images/val/ISIC_0014846.jpg,processed/isic_segmentation/masks/val/ISIC_0014846.png,raw/isic/images/ISIC_0014846.jpg,raw/isic/masks/ISIC_0014846_segmentation.png
isic_2018_task1_2,segmentation,train,ISIC_0014848,lesion,processed/isic_segmentation/images/train/ISIC_0014848.jpg,processed/isic_segmentation/masks/train/ISIC_0014848.png,raw/isic/images/ISIC_0014848.jpg,raw/isic/masks/ISIC_0014848_segmentation.png
isic_2018_task1_2,segmentation,train,ISIC_0014849,lesion,processed/isic_segmentation/images/train/ISIC_0014849.jpg,processed/isic_segmentation/masks/train/ISIC_0014849.png,raw/isic/images/ISIC_0014849.jpg,raw/isic/masks/ISIC_0014849_segmentation.png
isic_2018_task1_2,segmentation,train,ISIC_0014850,lesion,processed/isic_segmentation/images/train/ISIC_0014850.jpg,processed/isic_segmentation/masks/train/ISIC_0014850.png,raw/isic/images/ISIC_0014850.jpg,raw/isic/masks/ISIC_0014850_segmentation.png
isic_2018_task1_2,segmentation,train,ISIC_0014851,lesion,processed/isic_segmentation/images/train/ISIC_0014851.jpg,processed/isic_segmentation/masks/train/ISIC_0014851.png,raw/isic/images/ISIC_0014851.jpg,raw/isic/masks/ISIC_0014851_segmentation.png
isic_2018_task1_2,segmentation,train,ISIC_0014853,lesion,processed/isic_segmentation/images/train/ISIC_0014853.jpg,processed/isic_segmentation/masks/train/ISIC_0014853.png,raw/isic/images/ISIC_0014853.jpg,raw/isic/masks/ISIC_0014853_segmentation.png
isic_2018_task1_2,segmentation,train,ISIC_0014854,lesion,processed/isic_segmentation/images/train/ISIC_0014854.jpg,processed/isic_segmentation/masks/train/ISIC_0014854.png,raw/isic/images/ISIC_0014854.jpg,raw/isic/masks/ISIC_0014854_segmentation.png
isic_2018_task1_2,segmentation,train,ISIC_0014855,lesion,processed/isic_segmentation/images/train/ISIC_0014855.jpg,processed/isic_segmentation/masks/train/ISIC_0014855.png,raw/isic/images/ISIC_0014855.jpg,raw/isic/masks/ISIC_0014855_segmentation.png
isic_2018_task1_2,segmentation,train,ISIC_0014857,lesion,processed/isic_segmentation/images/train/ISIC_0014857.jpg,processed/isic_segmentation/masks/train/ISIC_0014857.png,raw/isic/images/ISIC_0014857.jpg,raw/isic/masks/ISIC_0014857_segmentation.png
isic_2018_task1_2,segmentation,train,ISIC_0014860,lesion,processed/isic_segmentation/images/train/ISIC_0014860.jpg,processed/isic_segmentation/masks/train/ISIC_0014860.png,raw/isic/images/ISIC_0014860.jpg,raw/isic/masks/ISIC_0014860_segmentation.png
isic_2018_task1_2,segmentation,train,ISIC_0014862,lesion,processed/isic_segmentation/images/train/ISIC_0014862.jpg,processed/isic_segmentation/masks/train/ISIC_0014862.png,raw/isic/images/ISIC_0014862.jpg,raw/isic/masks/ISIC_0014862_segmentation.png
isic_2018_task1_2,segmentation,train,ISIC_0014863,lesion,processed/isic_segmentation/images/train/ISIC_0014863.jpg,processed/isic_segmentation/masks/train/ISIC_0014863.png,raw/isic/images/ISIC_0014863.jpg,raw/isic/masks/ISIC_0014863_segmentation.png
isic_2018_task1_2,segmentation,train,ISIC_0014867,lesion,processed/isic_segmentation/images/train/ISIC_0014867.jpg,processed/isic_segmentation/masks/train/ISIC_0014867.png,raw/isic/images/ISIC_0014867.jpg,raw/isic/masks/ISIC_0014867_segmentation.png
isic_2018_task1_2,segmentation,train,ISIC_0014868,lesion,processed/isic_segmentation/images/train/ISIC_0014868.jpg,processed/isic_segmentation/masks/train/ISIC_0014868.png,raw/isic/images/ISIC_0014868.jpg,raw/isic/masks/ISIC_0014868_segmentation.png
isic_2018_task1_2,segmentation,train,ISIC_0014869,lesion,processed/isic_segmentation/images/train/ISIC_0014869.jpg,processed/isic_segmentation/masks/train/ISIC_0014869.png,raw/isic/images/ISIC_0014869.jpg,raw/isic/masks/ISIC_0014869_segmentation.png
isic_2018_task1_2,segmentation,train,ISIC_0014872,lesion,processed/isic_segmentation/images/train/ISIC_0014872.jpg,processed/isic_segmentation/masks/train/ISIC_0014872.png,raw/isic/images/ISIC_0014872.jpg,raw/isic/masks/ISIC_0014872_segmentation.png
isic_2018_task1_2,segmentation,val,ISIC_0014876,lesion,processed/isic_segmentation/images/val/ISIC_0014876.jpg,processed/isic_segmentation/masks/val/ISIC_0014876.png,raw/isic/images/ISIC_0014876.jpg,raw/isic/masks/ISIC_0014876_segmentation.png
isic_2018_task1_2,segmentation,train,ISIC_0014879,lesion,processed/isic_segmentation/images/train/ISIC_0014879.jpg,processed/isic_segmentation/masks/train/ISIC_0014879.png,raw/isic/images/ISIC_0014879.jpg,raw/isic/masks/ISIC_0014879_segmentation.png
isic_2018_task1_2,segmentation,val,ISIC_0014883,lesion,processed/isic_segmentation/images/val/ISIC_0014883.jpg,processed/isic_segmentation/masks/val/ISIC_0014883.png,raw/isic/images/ISIC_0014883.jpg,raw/isic/masks/ISIC_0014883_segmentation.png
isic_2018_task1_2,segmentation,test,ISIC_0014890,lesion,processed/isic_segmentation/images/test/ISIC_0014890.jpg,processed/isic_segmentation/masks/test/ISIC_0014890.png,raw/isic/images/ISIC_0014890.jpg,raw/isic/masks/ISIC_0014890_segmentation.png
isic_2018_task1_2,segmentation,train,ISIC_0014891,lesion,processed/isic_segmentation/images/train/ISIC_0014891.jpg,processed/isic_segmentation/masks/train/ISIC_0014891.png,raw/isic/images/ISIC_0014891.jpg,raw/isic/masks/ISIC_0014891_segmentation.png
isic_2018_task1_2,segmentation,train,ISIC_0014897,lesion,processed/isic_segmentation/images/train/ISIC_0014897.jpg,processed/isic_segmentation/masks/train/ISIC_0014897.png,raw/isic/images/ISIC_0014897.jpg,raw/isic/masks/ISIC_0014897_segmentation.png
isic_2018_task1_2,segmentation,train,ISIC_0014898,lesion,processed/isic_segmentation/images/train/ISIC_0014898.jpg,processed/isic_segmentation/masks/train/ISIC_0014898.png,raw/isic/images/ISIC_0014898.jpg,raw/isic/masks/ISIC_0014898_segmentation.png
isic_2018_task1_2,segmentation,val,ISIC_0014901,lesion,processed/isic_segmentation/images/val/ISIC_0014901.jpg,processed/isic_segmentation/masks/val/ISIC_0014901.png,raw/isic/images/ISIC_0014901.jpg,raw/isic/masks/ISIC_0014901_segmentation.png
isic_2018_task1_2,segmentation,train,ISIC_0014903,lesion,processed/isic_segmentation/images/train/ISIC_0014903.jpg,processed/isic_segmentation/masks/train/ISIC_0014903.png,raw/isic/images/ISIC_0014903.jpg,raw/isic/masks/ISIC_0014903_segmentation.png
isic_2018_task1_2,segmentation,train,ISIC_0014904,lesion,processed/isic_segmentation/images/train/ISIC_0014904.jpg,processed/isic_segmentation/masks/train/ISIC_0014904.png,raw/isic/images/ISIC_0014904.jpg,raw/isic/masks/ISIC_0014904_segmentation.png
isic_2018_task1_2,segmentation,train,ISIC_0014907,lesion,processed/isic_segmentation/images/train/ISIC_0014907.jpg,processed/isic_segmentation/masks/train/ISIC_0014907.png,raw/isic/images/ISIC_0014907.jpg,raw/isic/masks/ISIC_0014907_segmentation.png
isic_2018_task1_2,segmentation,train,ISIC_0014908,lesion,processed/isic_segmentation/images/train/ISIC_0014908.jpg,processed/isic_segmentation/masks/train/ISIC_0014908.png,raw/isic/images/ISIC_0014908.jpg,raw/isic/masks/ISIC_0014908_segmentation.png
isic_2018_task1_2,segmentation,train,ISIC_0014910,lesion,processed/isic_segmentation/images/train/ISIC_0014910.jpg,processed/isic_segmentation/masks/train/ISIC_0014910.png,raw/isic/images/ISIC_0014910.jpg,raw/isic/masks/ISIC_0014910_segmentation.png
isic_2018_task1_2,segmentation,train,ISIC_0014911,lesion,processed/isic_segmentation/images/train/ISIC_0014911.jpg,processed/isic_segmentation/masks/train/ISIC_0014911.png,raw/isic/images/ISIC_0014911.jpg,raw/isic/masks/ISIC_0014911_segmentation.png
isic_2018_task1_2,segmentation,train,ISIC_0014912,lesion,processed/isic_segmentation/images/train/ISIC_0014912.jpg,processed/isic_segmentation/masks/train/ISIC_0014912.png,raw/isic/images/ISIC_0014912.jpg,raw/isic/masks/ISIC_0014912_segmentation.png
isic_2018_task1_2,segmentation,train,ISIC_0014913,lesion,processed/isic_segmentation/images/train/ISIC_0014913.jpg,processed/isic_segmentation/masks/train/ISIC_0014913.png,raw/isic/images/ISIC_0014913.jpg,raw/isic/masks/ISIC_0014913_segmentation.png
isic_2018_task1_2,segmentation,train,ISIC_0014915,lesion,processed/isic_segmentation/images/train/ISIC_0014915.jpg,processed/isic_segmentation/masks/train/ISIC_0014915.png,raw/isic/images/ISIC_0014915.jpg,raw/isic/masks/ISIC_0014915_segmentation.png
isic_2018_task1_2,segmentation,train,ISIC_0014919,lesion,processed/isic_segmentation/images/train/ISIC_0014919.jpg,processed/isic_segmentation/masks/train/ISIC_0014919.png,raw/isic/images/ISIC_0014919.jpg,raw/isic/masks/ISIC_0014919_segmentation.png
isic_2018_task1_2,segmentation,train,ISIC_0014920,lesion,processed/isic_segmentation/images/train/ISIC_0014920.jpg,processed/isic_segmentation/masks/train/ISIC_0014920.png,raw/isic/images/ISIC_0014920.jpg,raw/isic/masks/ISIC_0014920_segmentation.png
isic_2018_task1_2,segmentation,test,ISIC_0014921,lesion,processed/isic_segmentation/images/test/ISIC_0014921.jpg,processed/isic_segmentation/masks/test/ISIC_0014921.png,raw/isic/images/ISIC_0014921.jpg,raw/isic/masks/ISIC_0014921_segmentation.png
isic_2018_task1_2,segmentation,train,ISIC_0014922,lesion,processed/isic_segmentation/images/train/ISIC_0014922.jpg,processed/isic_segmentation/masks/train/ISIC_0014922.png,raw/isic/images/ISIC_0014922.jpg,raw/isic/masks/ISIC_0014922_segmentation.png
isic_2018_task1_2,segmentation,train,ISIC_0014923,lesion,processed/isic_segmentation/images/train/ISIC_0014923.jpg,processed/isic_segmentation/masks/train/ISIC_0014923.png,raw/isic/images/ISIC_0014923.jpg,raw/isic/masks/ISIC_0014923_segmentation.png
isic_2018_task1_2,segmentation,train,ISIC_0014925,lesion,processed/isic_segmentation/images/train/ISIC_0014925.jpg,processed/isic_segmentation/masks/train/ISIC_0014925.png,raw/isic/images/ISIC_0014925.jpg,raw/isic/masks/ISIC_0014925_segmentation.png
isic_2018_task1_2,segmentation,train,ISIC_0014926,lesion,processed/isic_segmentation/images/train/ISIC_0014926.jpg,processed/isic_segmentation/masks/train/ISIC_0014926.png,raw/isic/images/ISIC_0014926.jpg,raw/isic/masks/ISIC_0014926_segmentation.png
isic_2018_task1_2,segmentation,val,ISIC_0014927,lesion,processed/isic_segmentation/images/val/ISIC_0014927.jpg,processed/isic_segmentation/masks/val/ISIC_0014927.png,raw/isic/images/ISIC_0014927.jpg,raw/isic/masks/ISIC_0014927_segmentation.png
isic_2018_task1_2,segmentation,train,ISIC_0014928,lesion,processed/isic_segmentation/images/train/ISIC_0014928.jpg,processed/isic_segmentation/masks/train/ISIC_0014928.png,raw/isic/images/ISIC_0014928.jpg,raw/isic/masks/ISIC_0014928_segmentation.png
isic_2018_task1_2,segmentation,test,ISIC_0014929,lesion,processed/isic_segmentation/images/test/ISIC_0014929.jpg,processed/isic_segmentation/masks/test/ISIC_0014929.png,raw/isic/images/ISIC_0014929.jpg,raw/isic/masks/ISIC_0014929_segmentation.png
isic_2018_task1_2,segmentation,train,ISIC_0014930,lesion,processed/isic_segmentation/images/train/ISIC_0014930.jpg,processed/isic_segmentation/masks/train/ISIC_0014930.png,raw/isic/images/ISIC_0014930.jpg,raw/isic/masks/ISIC_0014930_segmentation.png
isic_2018_task1_2,segmentation,train,ISIC_0014931,lesion,processed/isic_segmentation/images/train/ISIC_0014931.jpg,processed/isic_segmentation/masks/train/ISIC_0014931.png,raw/isic/images/ISIC_0014931.jpg,raw/isic/masks/ISIC_0014931_segmentation.png
isic_2018_task1_2,segmentation,train,ISIC_0014932,lesion,processed/isic_segmentation/images/train/ISIC_0014932.jpg,processed/isic_segmentation/masks/train/ISIC_0014932.png,raw/isic/images/ISIC_0014932.jpg,raw/isic/masks/ISIC_0014932_segmentation.png
isic_2018_task1_2,segmentation,train,ISIC_0014933,lesion,processed/isic_segmentation/images/train/ISIC_0014933.jpg,processed/isic_segmentation/masks/train/ISIC_0014933.png,raw/isic/images/ISIC_0014933.jpg,raw/isic/masks/ISIC_0014933_segmentation.png
isic_2018_task1_2,segmentation,train,ISIC_0014936,lesion,processed/isic_segmentation/images/train/ISIC_0014936.jpg,processed/isic_segmentation/masks/train/ISIC_0014936.png,raw/isic/images/ISIC_0014936.jpg,raw/isic/masks/ISIC_0014936_segmentation.png
isic_2018_task1_2,segmentation,train,ISIC_0014937,lesion,processed/isic_segmentation/images/train/ISIC_0014937.jpg,processed/isic_segmentation/masks/train/ISIC_0014937.png,raw/isic/images/ISIC_0014937.jpg,raw/isic/masks/ISIC_0014937_segmentation.png
isic_2018_task1_2,segmentation,train,ISIC_0014938,lesion,processed/isic_segmentation/images/train/ISIC_0014938.jpg,processed/isic_segmentation/masks/train/ISIC_0014938.png,raw/isic/images/ISIC_0014938.jpg,raw/isic/masks/ISIC_0014938_segmentation.png
isic_2018_task1_2,segmentation,val,ISIC_0014940,lesion,processed/isic_segmentation/images/val/ISIC_0014940.jpg,processed/isic_segmentation/masks/val/ISIC_0014940.png,raw/isic/images/ISIC_0014940.jpg,raw/isic/masks/ISIC_0014940_segmentation.png
isic_2018_task1_2,segmentation,test,ISIC_0014941,lesion,processed/isic_segmentation/images/test/ISIC_0014941.jpg,processed/isic_segmentation/masks/test/ISIC_0014941.png,raw/isic/images/ISIC_0014941.jpg,raw/isic/masks/ISIC_0014941_segmentation.png
isic_2018_task1_2,segmentation,train,ISIC_0014942,lesion,processed/isic_segmentation/images/train/ISIC_0014942.jpg,processed/isic_segmentation/masks/train/ISIC_0014942.png,raw/isic/images/ISIC_0014942.jpg,raw/isic/masks/ISIC_0014942_segmentation.png
isic_2018_task1_2,segmentation,train,ISIC_0014943,lesion,processed/isic_segmentation/images/train/ISIC_0014943.jpg,processed/isic_segmentation/masks/train/ISIC_0014943.png,raw/isic/images/ISIC_0014943.jpg,raw/isic/masks/ISIC_0014943_segmentation.png
isic_2018_task1_2,segmentation,train,ISIC_0014944,lesion,processed/isic_segmentation/images/train/ISIC_0014944.jpg,processed/isic_segmentation/masks/train/ISIC_0014944.png,raw/isic/images/ISIC_0014944.jpg,raw/isic/masks/ISIC_0014944_segmentation.png
isic_2018_task1_2,segmentation,val,ISIC_0014945,lesion,processed/isic_segmentation/images/val/ISIC_0014945.jpg,processed/isic_segmentation/masks/val/ISIC_0014945.png,raw/isic/images/ISIC_0014945.jpg,raw/isic/masks/ISIC_0014945_segmentation.png
isic_2018_task1_2,segmentation,train,ISIC_0014946,lesion,processed/isic_segmentation/images/train/ISIC_0014946.jpg,processed/isic_segmentation/masks/train/ISIC_0014946.png,raw/isic/images/ISIC_0014946.jpg,raw/isic/masks/ISIC_0014946_segmentation.png
isic_2018_task1_2,segmentation,train,ISIC_0014947,lesion,processed/isic_segmentation/images/train/ISIC_0014947.jpg,processed/isic_segmentation/masks/train/ISIC_0014947.png,raw/isic/images/ISIC_0014947.jpg,raw/isic/masks/ISIC_0014947_segmentation.png
isic_2018_task1_2,segmentation,train,ISIC_0014948,lesion,processed/isic_segmentation/images/train/ISIC_0014948.jpg,processed/isic_segmentation/masks/train/ISIC_0014948.png,raw/isic/images/ISIC_0014948.jpg,raw/isic/masks/ISIC_0014948_segmentation.png
isic_2018_task1_2,segmentation,train,ISIC_0014949,lesion,processed/isic_segmentation/images/train/ISIC_0014949.jpg,processed/isic_segmentation/masks/train/ISIC_0014949.png,raw/isic/images/ISIC_0014949.jpg,raw/isic/masks/ISIC_0014949_segmentation.png
isic_2018_task1_2,segmentation,train,ISIC_0014951,lesion,processed/isic_segmentation/images/train/ISIC_0014951.jpg,processed/isic_segmentation/masks/train/ISIC_0014951.png,raw/isic/images/ISIC_0014951.jpg,raw/isic/masks/ISIC_0014951_segmentation.png
isic_2018_task1_2,segmentation,train,ISIC_0014952,lesion,processed/isic_segmentation/images/train/ISIC_0014952.jpg,processed/isic_segmentation/masks/train/ISIC_0014952.png,raw/isic/images/ISIC_0014952.jpg,raw/isic/masks/ISIC_0014952_segmentation.png
isic_2018_task1_2,segmentation,val,ISIC_0014955,lesion,processed/isic_segmentation/images/val/ISIC_0014955.jpg,processed/isic_segmentation/masks/val/ISIC_0014955.png,raw/isic/images/ISIC_0014955.jpg,raw/isic/masks/ISIC_0014955_segmentation.png
isic_2018_task1_2,segmentation,train,ISIC_0014956,lesion,processed/isic_segmentation/images/train/ISIC_0014956.jpg,processed/isic_segmentation/masks/train/ISIC_0014956.png,raw/isic/images/ISIC_0014956.jpg,raw/isic/masks/ISIC_0014956_segmentation.png
isic_2018_task1_2,segmentation,val,ISIC_0014957,lesion,processed/isic_segmentation/images/val/ISIC_0014957.jpg,processed/isic_segmentation/masks/val/ISIC_0014957.png,raw/isic/images/ISIC_0014957.jpg,raw/isic/masks/ISIC_0014957_segmentation.png
isic_2018_task1_2,segmentation,val,ISIC_0014958,lesion,processed/isic_segmentation/images/val/ISIC_0014958.jpg,processed/isic_segmentation/masks/val/ISIC_0014958.png,raw/isic/images/ISIC_0014958.jpg,raw/isic/masks/ISIC_0014958_segmentation.png
isic_2018_task1_2,segmentation,train,ISIC_0014961,lesion,processed/isic_segmentation/images/train/ISIC_0014961.jpg,processed/isic_segmentation/masks/train/ISIC_0014961.png,raw/isic/images/ISIC_0014961.jpg,raw/isic/masks/ISIC_0014961_segmentation.png
isic_2018_task1_2,segmentation,train,ISIC_0014962,lesion,processed/isic_segmentation/images/train/ISIC_0014962.jpg,processed/isic_segmentation/masks/train/ISIC_0014962.png,raw/isic/images/ISIC_0014962.jpg,raw/isic/masks/ISIC_0014962_segmentation.png
isic_2018_task1_2,segmentation,test,ISIC_0014963,lesion,processed/isic_segmentation/images/test/ISIC_0014963.jpg,processed/isic_segmentation/masks/test/ISIC_0014963.png,raw/isic/images/ISIC_0014963.jpg,raw/isic/masks/ISIC_0014963_segmentation.png
isic_2018_task1_2,segmentation,train,ISIC_0014964,lesion,processed/isic_segmentation/images/train/ISIC_0014964.jpg,processed/isic_segmentation/masks/train/ISIC_0014964.png,raw/isic/images/ISIC_0014964.jpg,raw/isic/masks/ISIC_0014964_segmentation.png
isic_2018_task1_2,segmentation,train,ISIC_0014966,lesion,processed/isic_segmentation/images/train/ISIC_0014966.jpg,processed/isic_segmentation/masks/train/ISIC_0014966.png,raw/isic/images/ISIC_0014966.jpg,raw/isic/masks/ISIC_0014966_segmentation.png
isic_2018_task1_2,segmentation,test,ISIC_0014968,lesion,processed/isic_segmentation/images/test/ISIC_0014968.jpg,processed/isic_segmentation/masks/test/ISIC_0014968.png,raw/isic/images/ISIC_0014968.jpg,raw/isic/masks/ISIC_0014968_segmentation.png
isic_2018_task1_2,segmentation,train,ISIC_0014969,lesion,processed/isic_segmentation/images/train/ISIC_0014969.jpg,processed/isic_segmentation/masks/train/ISIC_0014969.png,raw/isic/images/ISIC_0014969.jpg,raw/isic/masks/ISIC_0014969_segmentation.png
isic_2018_task1_2,segmentation,train,ISIC_0014973,lesion,processed/isic_segmentation/images/train/ISIC_0014973.jpg,processed/isic_segmentation/masks/train/ISIC_0014973.png,raw/isic/images/ISIC_0014973.jpg,raw/isic/masks/ISIC_0014973_segmentation.png
isic_2018_task1_2,segmentation,train,ISIC_0014974,lesion,processed/isic_segmentation/images/train/ISIC_0014974.jpg,processed/isic_segmentation/masks/train/ISIC_0014974.png,raw/isic/images/ISIC_0014974.jpg,raw/isic/masks/ISIC_0014974_segmentation.png
isic_2018_task1_2,segmentation,train,ISIC_0014975,lesion,processed/isic_segmentation/images/train/ISIC_0014975.jpg,processed/isic_segmentation/masks/train/ISIC_0014975.png,raw/isic/images/ISIC_0014975.jpg,raw/isic/masks/ISIC_0014975_segmentation.png
isic_2018_task1_2,segmentation,val,ISIC_0014979,lesion,processed/isic_segmentation/images/val/ISIC_0014979.jpg,processed/isic_segmentation/masks/val/ISIC_0014979.png,raw/isic/images/ISIC_0014979.jpg,raw/isic/masks/ISIC_0014979_segmentation.png
isic_2018_task1_2,segmentation,train,ISIC_0014982,lesion,processed/isic_segmentation/images/train/ISIC_0014982.jpg,processed/isic_segmentation/masks/train/ISIC_0014982.png,raw/isic/images/ISIC_0014982.jpg,raw/isic/masks/ISIC_0014982_segmentation.png
isic_2018_task1_2,segmentation,train,ISIC_0014983,lesion,processed/isic_segmentation/images/train/ISIC_0014983.jpg,processed/isic_segmentation/masks/train/ISIC_0014983.png,raw/isic/images/ISIC_0014983.jpg,raw/isic/masks/ISIC_0014983_segmentation.png
isic_2018_task1_2,segmentation,val,ISIC_0014985,lesion,processed/isic_segmentation/images/val/ISIC_0014985.jpg,processed/isic_segmentation/masks/val/ISIC_0014985.png,raw/isic/images/ISIC_0014985.jpg,raw/isic/masks/ISIC_0014985_segmentation.png
isic_2018_task1_2,segmentation,val,ISIC_0014987,lesion,processed/isic_segmentation/images/val/ISIC_0014987.jpg,processed/isic_segmentation/masks/val/ISIC_0014987.png,raw/isic/images/ISIC_0014987.jpg,raw/isic/masks/ISIC_0014987_segmentation.png
isic_2018_task1_2,segmentation,test,ISIC_0014989,lesion,processed/isic_segmentation/images/test/ISIC_0014989.jpg,processed/isic_segmentation/masks/test/ISIC_0014989.png,raw/isic/images/ISIC_0014989.jpg,raw/isic/masks/ISIC_0014989_segmentation.png
isic_2018_task1_2,segmentation,train,ISIC_0014992,lesion,processed/isic_segmentation/images/train/ISIC_0014992.jpg,processed/isic_segmentation/masks/train/ISIC_0014992.png,raw/isic/images/ISIC_0014992.jpg,raw/isic/masks/ISIC_0014992_segmentation.png
isic_2018_task1_2,segmentation,val,ISIC_0014994,lesion,processed/isic_segmentation/images/val/ISIC_0014994.jpg,processed/isic_segmentation/masks/val/ISIC_0014994.png,raw/isic/images/ISIC_0014994.jpg,raw/isic/masks/ISIC_0014994_segmentation.png
isic_2018_task1_2,segmentation,val,ISIC_0014998,lesion,processed/isic_segmentation/images/val/ISIC_0014998.jpg,processed/isic_segmentation/masks/val/ISIC_0014998.png,raw/isic/images/ISIC_0014998.jpg,raw/isic/masks/ISIC_0014998_segmentation.png
isic_2018_task1_2,segmentation,train,ISIC_0015002,lesion,processed/isic_segmentation/images/train/ISIC_0015002.jpg,processed/isic_segmentation/masks/train/ISIC_0015002.png,raw/isic/images/ISIC_0015002.jpg,raw/isic/masks/ISIC_0015002_segmentation.png
isic_2018_task1_2,segmentation,train,ISIC_0015003,lesion,processed/isic_segmentation/images/train/ISIC_0015003.jpg,processed/isic_segmentation/masks/train/ISIC_0015003.png,raw/isic/images/ISIC_0015003.jpg,raw/isic/masks/ISIC_0015003_segmentation.png
isic_2018_task1_2,segmentation,train,ISIC_0015005,lesion,processed/isic_segmentation/images/train/ISIC_0015005.jpg,processed/isic_segmentation/masks/train/ISIC_0015005.png,raw/isic/images/ISIC_0015005.jpg,raw/isic/masks/ISIC_0015005_segmentation.png
isic_2018_task1_2,segmentation,train,ISIC_0015007,lesion,processed/isic_segmentation/images/train/ISIC_0015007.jpg,processed/isic_segmentation/masks/train/ISIC_0015007.png,raw/isic/images/ISIC_0015007.jpg,raw/isic/masks/ISIC_0015007_segmentation.png
isic_2018_task1_2,segmentation,train,ISIC_0015008,lesion,processed/isic_segmentation/images/train/ISIC_0015008.jpg,processed/isic_segmentation/masks/train/ISIC_0015008.png,raw/isic/images/ISIC_0015008.jpg,raw/isic/masks/ISIC_0015008_segmentation.png
isic_2018_task1_2,segmentation,train,ISIC_0015009,lesion,processed/isic_segmentation/images/train/ISIC_0015009.jpg,processed/isic_segmentation/masks/train/ISIC_0015009.png,raw/isic/images/ISIC_0015009.jpg,raw/isic/masks/ISIC_0015009_segmentation.png
isic_2018_task1_2,segmentation,val,ISIC_0015011,lesion,processed/isic_segmentation/images/val/ISIC_0015011.jpg,processed/isic_segmentation/masks/val/ISIC_0015011.png,raw/isic/images/ISIC_0015011.jpg,raw/isic/masks/ISIC_0015011_segmentation.png
isic_2018_task1_2,segmentation,train,ISIC_0015013,lesion,processed/isic_segmentation/images/train/ISIC_0015013.jpg,processed/isic_segmentation/masks/train/ISIC_0015013.png,raw/isic/images/ISIC_0015013.jpg,raw/isic/masks/ISIC_0015013_segmentation.png
isic_2018_task1_2,segmentation,train,ISIC_0015015,lesion,processed/isic_segmentation/images/train/ISIC_0015015.jpg,processed/isic_segmentation/masks/train/ISIC_0015015.png,raw/isic/images/ISIC_0015015.jpg,raw/isic/masks/ISIC_0015015_segmentation.png
isic_2018_task1_2,segmentation,train,ISIC_0015016,lesion,processed/isic_segmentation/images/train/ISIC_0015016.jpg,processed/isic_segmentation/masks/train/ISIC_0015016.png,raw/isic/images/ISIC_0015016.jpg,raw/isic/masks/ISIC_0015016_segmentation.png
isic_2018_task1_2,segmentation,test,ISIC_0015018,lesion,processed/isic_segmentation/images/test/ISIC_0015018.jpg,processed/isic_segmentation/masks/test/ISIC_0015018.png,raw/isic/images/ISIC_0015018.jpg,raw/isic/masks/ISIC_0015018_segmentation.png
isic_2018_task1_2,segmentation,test,ISIC_0015019,lesion,processed/isic_segmentation/images/test/ISIC_0015019.jpg,processed/isic_segmentation/masks/test/ISIC_0015019.png,raw/isic/images/ISIC_0015019.jpg,raw/isic/masks/ISIC_0015019_segmentation.png
isic_2018_task1_2,segmentation,train,ISIC_0015020,lesion,processed/isic_segmentation/images/train/ISIC_0015020.jpg,processed/isic_segmentation/masks/train/ISIC_0015020.png,raw/isic/images/ISIC_0015020.jpg,raw/isic/masks/ISIC_0015020_segmentation.png
isic_2018_task1_2,segmentation,val,ISIC_0015021,lesion,processed/isic_segmentation/images/val/ISIC_0015021.jpg,processed/isic_segmentation/masks/val/ISIC_0015021.png,raw/isic/images/ISIC_0015021.jpg,raw/isic/masks/ISIC_0015021_segmentation.png
isic_2018_task1_2,segmentation,test,ISIC_0015023,lesion,processed/isic_segmentation/images/test/ISIC_0015023.jpg,processed/isic_segmentation/masks/test/ISIC_0015023.png,raw/isic/images/ISIC_0015023.jpg,raw/isic/masks/ISIC_0015023_segmentation.png
isic_2018_task1_2,segmentation,train,ISIC_0015026,lesion,processed/isic_segmentation/images/train/ISIC_0015026.jpg,processed/isic_segmentation/masks/train/ISIC_0015026.png,raw/isic/images/ISIC_0015026.jpg,raw/isic/masks/ISIC_0015026_segmentation.png
isic_2018_task1_2,segmentation,val,ISIC_0015030,lesion,processed/isic_segmentation/images/val/ISIC_0015030.jpg,processed/isic_segmentation/masks/val/ISIC_0015030.png,raw/isic/images/ISIC_0015030.jpg,raw/isic/masks/ISIC_0015030_segmentation.png
isic_2018_task1_2,segmentation,train,ISIC_0015031,lesion,processed/isic_segmentation/images/train/ISIC_0015031.jpg,processed/isic_segmentation/masks/train/ISIC_0015031.png,raw/isic/images/ISIC_0015031.jpg,raw/isic/masks/ISIC_0015031_segmentation.png
isic_2018_task1_2,segmentation,train,ISIC_0015032,lesion,processed/isic_segmentation/images/train/ISIC_0015032.jpg,processed/isic_segmentation/masks/train/ISIC_0015032.png,raw/isic/images/ISIC_0015032.jpg,raw/isic/masks/ISIC_0015032_segmentation.png
isic_2018_task1_2,segmentation,test,ISIC_0015034,lesion,processed/isic_segmentation/images/test/ISIC_0015034.jpg,processed/isic_segmentation/masks/test/ISIC_0015034.png,raw/isic/images/ISIC_0015034.jpg,raw/isic/masks/ISIC_0015034_segmentation.png
isic_2018_task1_2,segmentation,train,ISIC_0015035,lesion,processed/isic_segmentation/images/train/ISIC_0015035.jpg,processed/isic_segmentation/masks/train/ISIC_0015035.png,raw/isic/images/ISIC_0015035.jpg,raw/isic/masks/ISIC_0015035_segmentation.png
isic_2018_task1_2,segmentation,train,ISIC_0015037,lesion,processed/isic_segmentation/images/train/ISIC_0015037.jpg,processed/isic_segmentation/masks/train/ISIC_0015037.png,raw/isic/images/ISIC_0015037.jpg,raw/isic/masks/ISIC_0015037_segmentation.png
isic_2018_task1_2,segmentation,test,ISIC_0015040,lesion,processed/isic_segmentation/images/test/ISIC_0015040.jpg,processed/isic_segmentation/masks/test/ISIC_0015040.png,raw/isic/images/ISIC_0015040.jpg,raw/isic/masks/ISIC_0015040_segmentation.png
isic_2018_task1_2,segmentation,test,ISIC_0015041,lesion,processed/isic_segmentation/images/test/ISIC_0015041.jpg,processed/isic_segmentation/masks/test/ISIC_0015041.png,raw/isic/images/ISIC_0015041.jpg,raw/isic/masks/ISIC_0015041_segmentation.png
isic_2018_task1_2,segmentation,train,ISIC_0015043,lesion,processed/isic_segmentation/images/train/ISIC_0015043.jpg,processed/isic_segmentation/masks/train/ISIC_0015043.png,raw/isic/images/ISIC_0015043.jpg,raw/isic/masks/ISIC_0015043_segmentation.png
isic_2018_task1_2,segmentation,train,ISIC_0015044,lesion,processed/isic_segmentation/images/train/ISIC_0015044.jpg,processed/isic_segmentation/masks/train/ISIC_0015044.png,raw/isic/images/ISIC_0015044.jpg,raw/isic/masks/ISIC_0015044_segmentation.png
isic_2018_task1_2,segmentation,train,ISIC_0015046,lesion,processed/isic_segmentation/images/train/ISIC_0015046.jpg,processed/isic_segmentation/masks/train/ISIC_0015046.png,raw/isic/images/ISIC_0015046.jpg,raw/isic/masks/ISIC_0015046_segmentation.png
isic_2018_task1_2,segmentation,train,ISIC_0015050,lesion,processed/isic_segmentation/images/train/ISIC_0015050.jpg,processed/isic_segmentation/masks/train/ISIC_0015050.png,raw/isic/images/ISIC_0015050.jpg,raw/isic/masks/ISIC_0015050_segmentation.png
isic_2018_task1_2,segmentation,train,ISIC_0015051,lesion,processed/isic_segmentation/images/train/ISIC_0015051.jpg,processed/isic_segmentation/masks/train/ISIC_0015051.png,raw/isic/images/ISIC_0015051.jpg,raw/isic/masks/ISIC_0015051_segmentation.png
isic_2018_task1_2,segmentation,train,ISIC_0015056,lesion,processed/isic_segmentation/images/train/ISIC_0015056.jpg,processed/isic_segmentation/masks/train/ISIC_0015056.png,raw/isic/images/ISIC_0015056.jpg,raw/isic/masks/ISIC_0015056_segmentation.png
isic_2018_task1_2,segmentation,train,ISIC_0015057,lesion,processed/isic_segmentation/images/train/ISIC_0015057.jpg,processed/isic_segmentation/masks/train/ISIC_0015057.png,raw/isic/images/ISIC_0015057.jpg,raw/isic/masks/ISIC_0015057_segmentation.png
isic_2018_task1_2,segmentation,train,ISIC_0015060,lesion,processed/isic_segmentation/images/train/ISIC_0015060.jpg,processed/isic_segmentation/masks/train/ISIC_0015060.png,raw/isic/images/ISIC_0015060.jpg,raw/isic/masks/ISIC_0015060_segmentation.png
isic_2018_task1_2,segmentation,train,ISIC_0015062,lesion,processed/isic_segmentation/images/train/ISIC_0015062.jpg,processed/isic_segmentation/masks/train/ISIC_0015062.png,raw/isic/images/ISIC_0015062.jpg,raw/isic/masks/ISIC_0015062_segmentation.png
isic_2018_task1_2,segmentation,train,ISIC_0015064,lesion,processed/isic_segmentation/images/train/ISIC_0015064.jpg,processed/isic_segmentation/masks/train/ISIC_0015064.png,raw/isic/images/ISIC_0015064.jpg,raw/isic/masks/ISIC_0015064_segmentation.png
isic_2018_task1_2,segmentation,train,ISIC_0015071,lesion,processed/isic_segmentation/images/train/ISIC_0015071.jpg,processed/isic_segmentation/masks/train/ISIC_0015071.png,raw/isic/images/ISIC_0015071.jpg,raw/isic/masks/ISIC_0015071_segmentation.png
isic_2018_task1_2,segmentation,train,ISIC_0015078,lesion,processed/isic_segmentation/images/train/ISIC_0015078.jpg,processed/isic_segmentation/masks/train/ISIC_0015078.png,raw/isic/images/ISIC_0015078.jpg,raw/isic/masks/ISIC_0015078_segmentation.png
isic_2018_task1_2,segmentation,test,ISIC_0015079,lesion,processed/isic_segmentation/images/test/ISIC_0015079.jpg,processed/isic_segmentation/masks/test/ISIC_0015079.png,raw/isic/images/ISIC_0015079.jpg,raw/isic/masks/ISIC_0015079_segmentation.png
isic_2018_task1_2,segmentation,train,ISIC_0015082,lesion,processed/isic_segmentation/images/train/ISIC_0015082.jpg,processed/isic_segmentation/masks/train/ISIC_0015082.png,raw/isic/images/ISIC_0015082.jpg,raw/isic/masks/ISIC_0015082_segmentation.png
isic_2018_task1_2,segmentation,train,ISIC_0015089,lesion,processed/isic_segmentation/images/train/ISIC_0015089.jpg,processed/isic_segmentation/masks/train/ISIC_0015089.png,raw/isic/images/ISIC_0015089.jpg,raw/isic/masks/ISIC_0015089_segmentation.png
isic_2018_task1_2,segmentation,test,ISIC_0015102,lesion,processed/isic_segmentation/images/test/ISIC_0015102.jpg,processed/isic_segmentation/masks/test/ISIC_0015102.png,raw/isic/images/ISIC_0015102.jpg,raw/isic/masks/ISIC_0015102_segmentation.png
isic_2018_task1_2,segmentation,test,ISIC_0015108,lesion,processed/isic_segmentation/images/test/ISIC_0015108.jpg,processed/isic_segmentation/masks/test/ISIC_0015108.png,raw/isic/images/ISIC_0015108.jpg,raw/isic/masks/ISIC_0015108_segmentation.png
isic_2018_task1_2,segmentation,val,ISIC_0015109,lesion,processed/isic_segmentation/images/val/ISIC_0015109.jpg,processed/isic_segmentation/masks/val/ISIC_0015109.png,raw/isic/images/ISIC_0015109.jpg,raw/isic/masks/ISIC_0015109_segmentation.png
isic_2018_task1_2,segmentation,train,ISIC_0015110,lesion,processed/isic_segmentation/images/train/ISIC_0015110.jpg,processed/isic_segmentation/masks/train/ISIC_0015110.png,raw/isic/images/ISIC_0015110.jpg,raw/isic/masks/ISIC_0015110_segmentation.png
isic_2018_task1_2,segmentation,train,ISIC_0015113,lesion,processed/isic_segmentation/images/train/ISIC_0015113.jpg,processed/isic_segmentation/masks/train/ISIC_0015113.png,raw/isic/images/ISIC_0015113.jpg,raw/isic/masks/ISIC_0015113_segmentation.png
isic_2018_task1_2,segmentation,val,ISIC_0015115,lesion,processed/isic_segmentation/images/val/ISIC_0015115.jpg,processed/isic_segmentation/masks/val/ISIC_0015115.png,raw/isic/images/ISIC_0015115.jpg,raw/isic/masks/ISIC_0015115_segmentation.png
isic_2018_task1_2,segmentation,train,ISIC_0015118,lesion,processed/isic_segmentation/images/train/ISIC_0015118.jpg,processed/isic_segmentation/masks/train/ISIC_0015118.png,raw/isic/images/ISIC_0015118.jpg,raw/isic/masks/ISIC_0015118_segmentation.png
isic_2018_task1_2,segmentation,train,ISIC_0015124,lesion,processed/isic_segmentation/images/train/ISIC_0015124.jpg,processed/isic_segmentation/masks/train/ISIC_0015124.png,raw/isic/images/ISIC_0015124.jpg,raw/isic/masks/ISIC_0015124_segmentation.png
isic_2018_task1_2,segmentation,train,ISIC_0015125,lesion,processed/isic_segmentation/images/train/ISIC_0015125.jpg,processed/isic_segmentation/masks/train/ISIC_0015125.png,raw/isic/images/ISIC_0015125.jpg,raw/isic/masks/ISIC_0015125_segmentation.png
isic_2018_task1_2,segmentation,val,ISIC_0015127,lesion,processed/isic_segmentation/images/val/ISIC_0015127.jpg,processed/isic_segmentation/masks/val/ISIC_0015127.png,raw/isic/images/ISIC_0015127.jpg,raw/isic/masks/ISIC_0015127_segmentation.png
isic_2018_task1_2,segmentation,test,ISIC_0015129,lesion,processed/isic_segmentation/images/test/ISIC_0015129.jpg,processed/isic_segmentation/masks/test/ISIC_0015129.png,raw/isic/images/ISIC_0015129.jpg,raw/isic/masks/ISIC_0015129_segmentation.png
isic_2018_task1_2,segmentation,test,ISIC_0015130,lesion,processed/isic_segmentation/images/test/ISIC_0015130.jpg,processed/isic_segmentation/masks/test/ISIC_0015130.png,raw/isic/images/ISIC_0015130.jpg,raw/isic/masks/ISIC_0015130_segmentation.png
isic_2018_task1_2,segmentation,val,ISIC_0015132,lesion,processed/isic_segmentation/images/val/ISIC_0015132.jpg,processed/isic_segmentation/masks/val/ISIC_0015132.png,raw/isic/images/ISIC_0015132.jpg,raw/isic/masks/ISIC_0015132_segmentation.png
isic_2018_task1_2,segmentation,train,ISIC_0015133,lesion,processed/isic_segmentation/images/train/ISIC_0015133.jpg,processed/isic_segmentation/masks/train/ISIC_0015133.png,raw/isic/images/ISIC_0015133.jpg,raw/isic/masks/ISIC_0015133_segmentation.png
isic_2018_task1_2,segmentation,train,ISIC_0015136,lesion,processed/isic_segmentation/images/train/ISIC_0015136.jpg,processed/isic_segmentation/masks/train/ISIC_0015136.png,raw/isic/images/ISIC_0015136.jpg,raw/isic/masks/ISIC_0015136_segmentation.png
isic_2018_task1_2,segmentation,val,ISIC_0015139,lesion,processed/isic_segmentation/images/val/ISIC_0015139.jpg,processed/isic_segmentation/masks/val/ISIC_0015139.png,raw/isic/images/ISIC_0015139.jpg,raw/isic/masks/ISIC_0015139_segmentation.png
isic_2018_task1_2,segmentation,train,ISIC_0015140,lesion,processed/isic_segmentation/images/train/ISIC_0015140.jpg,processed/isic_segmentation/masks/train/ISIC_0015140.png,raw/isic/images/ISIC_0015140.jpg,raw/isic/masks/ISIC_0015140_segmentation.png
isic_2018_task1_2,segmentation,train,ISIC_0015142,lesion,processed/isic_segmentation/images/train/ISIC_0015142.jpg,processed/isic_segmentation/masks/train/ISIC_0015142.png,raw/isic/images/ISIC_0015142.jpg,raw/isic/masks/ISIC_0015142_segmentation.png
isic_2018_task1_2,segmentation,val,ISIC_0015144,lesion,processed/isic_segmentation/images/val/ISIC_0015144.jpg,processed/isic_segmentation/masks/val/ISIC_0015144.png,raw/isic/images/ISIC_0015144.jpg,raw/isic/masks/ISIC_0015144_segmentation.png
isic_2018_task1_2,segmentation,train,ISIC_0015146,lesion,processed/isic_segmentation/images/train/ISIC_0015146.jpg,processed/isic_segmentation/masks/train/ISIC_0015146.png,raw/isic/images/ISIC_0015146.jpg,raw/isic/masks/ISIC_0015146_segmentation.png
isic_2018_task1_2,segmentation,test,ISIC_0015149,lesion,processed/isic_segmentation/images/test/ISIC_0015149.jpg,processed/isic_segmentation/masks/test/ISIC_0015149.png,raw/isic/images/ISIC_0015149.jpg,raw/isic/masks/ISIC_0015149_segmentation.png
isic_2018_task1_2,segmentation,train,ISIC_0015150,lesion,processed/isic_segmentation/images/train/ISIC_0015150.jpg,processed/isic_segmentation/masks/train/ISIC_0015150.png,raw/isic/images/ISIC_0015150.jpg,raw/isic/masks/ISIC_0015150_segmentation.png
isic_2018_task1_2,segmentation,train,ISIC_0015152,lesion,processed/isic_segmentation/images/train/ISIC_0015152.jpg,processed/isic_segmentation/masks/train/ISIC_0015152.png,raw/isic/images/ISIC_0015152.jpg,raw/isic/masks/ISIC_0015152_segmentation.png
isic_2018_task1_2,segmentation,train,ISIC_0015153,lesion,processed/isic_segmentation/images/train/ISIC_0015153.jpg,processed/isic_segmentation/masks/train/ISIC_0015153.png,raw/isic/images/ISIC_0015153.jpg,raw/isic/masks/ISIC_0015153_segmentation.png
isic_2018_task1_2,segmentation,train,ISIC_0015155,lesion,processed/isic_segmentation/images/train/ISIC_0015155.jpg,processed/isic_segmentation/masks/train/ISIC_0015155.png,raw/isic/images/ISIC_0015155.jpg,raw/isic/masks/ISIC_0015155_segmentation.png
isic_2018_task1_2,segmentation,train,ISIC_0015156,lesion,processed/isic_segmentation/images/train/ISIC_0015156.jpg,processed/isic_segmentation/masks/train/ISIC_0015156.png,raw/isic/images/ISIC_0015156.jpg,raw/isic/masks/ISIC_0015156_segmentation.png
isic_2018_task1_2,segmentation,train,ISIC_0015157,lesion,processed/isic_segmentation/images/train/ISIC_0015157.jpg,processed/isic_segmentation/masks/train/ISIC_0015157.png,raw/isic/images/ISIC_0015157.jpg,raw/isic/masks/ISIC_0015157_segmentation.png
isic_2018_task1_2,segmentation,train,ISIC_0015158,lesion,processed/isic_segmentation/images/train/ISIC_0015158.jpg,processed/isic_segmentation/masks/train/ISIC_0015158.png,raw/isic/images/ISIC_0015158.jpg,raw/isic/masks/ISIC_0015158_segmentation.png
isic_2018_task1_2,segmentation,train,ISIC_0015160,lesion,processed/isic_segmentation/images/train/ISIC_0015160.jpg,processed/isic_segmentation/masks/train/ISIC_0015160.png,raw/isic/images/ISIC_0015160.jpg,raw/isic/masks/ISIC_0015160_segmentation.png
isic_2018_task1_2,segmentation,train,ISIC_0015161,lesion,processed/isic_segmentation/images/train/ISIC_0015161.jpg,processed/isic_segmentation/masks/train/ISIC_0015161.png,raw/isic/images/ISIC_0015161.jpg,raw/isic/masks/ISIC_0015161_segmentation.png
isic_2018_task1_2,segmentation,val,ISIC_0015163,lesion,processed/isic_segmentation/images/val/ISIC_0015163.jpg,processed/isic_segmentation/masks/val/ISIC_0015163.png,raw/isic/images/ISIC_0015163.jpg,raw/isic/masks/ISIC_0015163_segmentation.png
isic_2018_task1_2,segmentation,train,ISIC_0015166,lesion,processed/isic_segmentation/images/train/ISIC_0015166.jpg,processed/isic_segmentation/masks/train/ISIC_0015166.png,raw/isic/images/ISIC_0015166.jpg,raw/isic/masks/ISIC_0015166_segmentation.png
isic_2018_task1_2,segmentation,val,ISIC_0015167,lesion,processed/isic_segmentation/images/val/ISIC_0015167.jpg,processed/isic_segmentation/masks/val/ISIC_0015167.png,raw/isic/images/ISIC_0015167.jpg,raw/isic/masks/ISIC_0015167_segmentation.png
isic_2018_task1_2,segmentation,train,ISIC_0015170,lesion,processed/isic_segmentation/images/train/ISIC_0015170.jpg,processed/isic_segmentation/masks/train/ISIC_0015170.png,raw/isic/images/ISIC_0015170.jpg,raw/isic/masks/ISIC_0015170_segmentation.png
isic_2018_task1_2,segmentation,test,ISIC_0015171,lesion,processed/isic_segmentation/images/test/ISIC_0015171.jpg,processed/isic_segmentation/masks/test/ISIC_0015171.png,raw/isic/images/ISIC_0015171.jpg,raw/isic/masks/ISIC_0015171_segmentation.png
isic_2018_task1_2,segmentation,train,ISIC_0015173,lesion,processed/isic_segmentation/images/train/ISIC_0015173.jpg,processed/isic_segmentation/masks/train/ISIC_0015173.png,raw/isic/images/ISIC_0015173.jpg,raw/isic/masks/ISIC_0015173_segmentation.png
isic_2018_task1_2,segmentation,train,ISIC_0015174,lesion,processed/isic_segmentation/images/train/ISIC_0015174.jpg,processed/isic_segmentation/masks/train/ISIC_0015174.png,raw/isic/images/ISIC_0015174.jpg,raw/isic/masks/ISIC_0015174_segmentation.png
isic_2018_task1_2,segmentation,train,ISIC_0015175,lesion,processed/isic_segmentation/images/train/ISIC_0015175.jpg,processed/isic_segmentation/masks/train/ISIC_0015175.png,raw/isic/images/ISIC_0015175.jpg,raw/isic/masks/ISIC_0015175_segmentation.png
isic_2018_task1_2,segmentation,test,ISIC_0015176,lesion,processed/isic_segmentation/images/test/ISIC_0015176.jpg,processed/isic_segmentation/masks/test/ISIC_0015176.png,raw/isic/images/ISIC_0015176.jpg,raw/isic/masks/ISIC_0015176_segmentation.png
isic_2018_task1_2,segmentation,train,ISIC_0015179,lesion,processed/isic_segmentation/images/train/ISIC_0015179.jpg,processed/isic_segmentation/masks/train/ISIC_0015179.png,raw/isic/images/ISIC_0015179.jpg,raw/isic/masks/ISIC_0015179_segmentation.png
isic_2018_task1_2,segmentation,train,ISIC_0015180,lesion,processed/isic_segmentation/images/train/ISIC_0015180.jpg,processed/isic_segmentation/masks/train/ISIC_0015180.png,raw/isic/images/ISIC_0015180.jpg,raw/isic/masks/ISIC_0015180_segmentation.png
isic_2018_task1_2,segmentation,train,ISIC_0015184,lesion,processed/isic_segmentation/images/train/ISIC_0015184.jpg,processed/isic_segmentation/masks/train/ISIC_0015184.png,raw/isic/images/ISIC_0015184.jpg,raw/isic/masks/ISIC_0015184_segmentation.png
isic_2018_task1_2,segmentation,train,ISIC_0015185,lesion,processed/isic_segmentation/images/train/ISIC_0015185.jpg,processed/isic_segmentation/masks/train/ISIC_0015185.png,raw/isic/images/ISIC_0015185.jpg,raw/isic/masks/ISIC_0015185_segmentation.png
isic_2018_task1_2,segmentation,val,ISIC_0015189,lesion,processed/isic_segmentation/images/val/ISIC_0015189.jpg,processed/isic_segmentation/masks/val/ISIC_0015189.png,raw/isic/images/ISIC_0015189.jpg,raw/isic/masks/ISIC_0015189_segmentation.png
isic_2018_task1_2,segmentation,val,ISIC_0015190,lesion,processed/isic_segmentation/images/val/ISIC_0015190.jpg,processed/isic_segmentation/masks/val/ISIC_0015190.png,raw/isic/images/ISIC_0015190.jpg,raw/isic/masks/ISIC_0015190_segmentation.png
isic_2018_task1_2,segmentation,train,ISIC_0015193,lesion,processed/isic_segmentation/images/train/ISIC_0015193.jpg,processed/isic_segmentation/masks/train/ISIC_0015193.png,raw/isic/images/ISIC_0015193.jpg,raw/isic/masks/ISIC_0015193_segmentation.png
isic_2018_task1_2,segmentation,val,ISIC_0015200,lesion,processed/isic_segmentation/images/val/ISIC_0015200.jpg,processed/isic_segmentation/masks/val/ISIC_0015200.png,raw/isic/images/ISIC_0015200.jpg,raw/isic/masks/ISIC_0015200_segmentation.png
isic_2018_task1_2,segmentation,test,ISIC_0015201,lesion,processed/isic_segmentation/images/test/ISIC_0015201.jpg,processed/isic_segmentation/masks/test/ISIC_0015201.png,raw/isic/images/ISIC_0015201.jpg,raw/isic/masks/ISIC_0015201_segmentation.png
isic_2018_task1_2,segmentation,test,ISIC_0015202,lesion,processed/isic_segmentation/images/test/ISIC_0015202.jpg,processed/isic_segmentation/masks/test/ISIC_0015202.png,raw/isic/images/ISIC_0015202.jpg,raw/isic/masks/ISIC_0015202_segmentation.png
isic_2018_task1_2,segmentation,test,ISIC_0015203,lesion,processed/isic_segmentation/images/test/ISIC_0015203.jpg,processed/isic_segmentation/masks/test/ISIC_0015203.png,raw/isic/images/ISIC_0015203.jpg,raw/isic/masks/ISIC_0015203_segmentation.png
isic_2018_task1_2,segmentation,val,ISIC_0015204,lesion,processed/isic_segmentation/images/val/ISIC_0015204.jpg,processed/isic_segmentation/masks/val/ISIC_0015204.png,raw/isic/images/ISIC_0015204.jpg,raw/isic/masks/ISIC_0015204_segmentation.png
isic_2018_task1_2,segmentation,train,ISIC_0015206,lesion,processed/isic_segmentation/images/train/ISIC_0015206.jpg,processed/isic_segmentation/masks/train/ISIC_0015206.png,raw/isic/images/ISIC_0015206.jpg,raw/isic/masks/ISIC_0015206_segmentation.png
isic_2018_task1_2,segmentation,train,ISIC_0015207,lesion,processed/isic_segmentation/images/train/ISIC_0015207.jpg,processed/isic_segmentation/masks/train/ISIC_0015207.png,raw/isic/images/ISIC_0015207.jpg,raw/isic/masks/ISIC_0015207_segmentation.png
isic_2018_task1_2,segmentation,train,ISIC_0015208,lesion,processed/isic_segmentation/images/train/ISIC_0015208.jpg,processed/isic_segmentation/masks/train/ISIC_0015208.png,raw/isic/images/ISIC_0015208.jpg,raw/isic/masks/ISIC_0015208_segmentation.png
isic_2018_task1_2,segmentation,test,ISIC_0015211,lesion,processed/isic_segmentation/images/test/ISIC_0015211.jpg,processed/isic_segmentation/masks/test/ISIC_0015211.png,raw/isic/images/ISIC_0015211.jpg,raw/isic/masks/ISIC_0015211_segmentation.png
isic_2018_task1_2,segmentation,val,ISIC_0015212,lesion,processed/isic_segmentation/images/val/ISIC_0015212.jpg,processed/isic_segmentation/masks/val/ISIC_0015212.png,raw/isic/images/ISIC_0015212.jpg,raw/isic/masks/ISIC_0015212_segmentation.png
isic_2018_task1_2,segmentation,train,ISIC_0015215,lesion,processed/isic_segmentation/images/train/ISIC_0015215.jpg,processed/isic_segmentation/masks/train/ISIC_0015215.png,raw/isic/images/ISIC_0015215.jpg,raw/isic/masks/ISIC_0015215_segmentation.png
isic_2018_task1_2,segmentation,test,ISIC_0015216,lesion,processed/isic_segmentation/images/test/ISIC_0015216.jpg,processed/isic_segmentation/masks/test/ISIC_0015216.png,raw/isic/images/ISIC_0015216.jpg,raw/isic/masks/ISIC_0015216_segmentation.png
isic_2018_task1_2,segmentation,train,ISIC_0015218,lesion,processed/isic_segmentation/images/train/ISIC_0015218.jpg,processed/isic_segmentation/masks/train/ISIC_0015218.png,raw/isic/images/ISIC_0015218.jpg,raw/isic/masks/ISIC_0015218_segmentation.png
isic_2018_task1_2,segmentation,train,ISIC_0015219,lesion,processed/isic_segmentation/images/train/ISIC_0015219.jpg,processed/isic_segmentation/masks/train/ISIC_0015219.png,raw/isic/images/ISIC_0015219.jpg,raw/isic/masks/ISIC_0015219_segmentation.png
isic_2018_task1_2,segmentation,test,ISIC_0015220,lesion,processed/isic_segmentation/images/test/ISIC_0015220.jpg,processed/isic_segmentation/masks/test/ISIC_0015220.png,raw/isic/images/ISIC_0015220.jpg,raw/isic/masks/ISIC_0015220_segmentation.png
isic_2018_task1_2,segmentation,val,ISIC_0015223,lesion,processed/isic_segmentation/images/val/ISIC_0015223.jpg,processed/isic_segmentation/masks/val/ISIC_0015223.png,raw/isic/images/ISIC_0015223.jpg,raw/isic/masks/ISIC_0015223_segmentation.png
isic_2018_task1_2,segmentation,val,ISIC_0015224,lesion,processed/isic_segmentation/images/val/ISIC_0015224.jpg,processed/isic_segmentation/masks/val/ISIC_0015224.png,raw/isic/images/ISIC_0015224.jpg,raw/isic/masks/ISIC_0015224_segmentation.png
isic_2018_task1_2,segmentation,train,ISIC_0015226,lesion,processed/isic_segmentation/images/train/ISIC_0015226.jpg,processed/isic_segmentation/masks/train/ISIC_0015226.png,raw/isic/images/ISIC_0015226.jpg,raw/isic/masks/ISIC_0015226_segmentation.png
isic_2018_task1_2,segmentation,train,ISIC_0015229,lesion,processed/isic_segmentation/images/train/ISIC_0015229.jpg,processed/isic_segmentation/masks/train/ISIC_0015229.png,raw/isic/images/ISIC_0015229.jpg,raw/isic/masks/ISIC_0015229_segmentation.png
isic_2018_task1_2,segmentation,train,ISIC_0015232,lesion,processed/isic_segmentation/images/train/ISIC_0015232.jpg,processed/isic_segmentation/masks/train/ISIC_0015232.png,raw/isic/images/ISIC_0015232.jpg,raw/isic/masks/ISIC_0015232_segmentation.png
isic_2018_task1_2,segmentation,test,ISIC_0015233,lesion,processed/isic_segmentation/images/test/ISIC_0015233.jpg,processed/isic_segmentation/masks/test/ISIC_0015233.png,raw/isic/images/ISIC_0015233.jpg,raw/isic/masks/ISIC_0015233_segmentation.png
isic_2018_task1_2,segmentation,train,ISIC_0015237,lesion,processed/isic_segmentation/images/train/ISIC_0015237.jpg,processed/isic_segmentation/masks/train/ISIC_0015237.png,raw/isic/images/ISIC_0015237.jpg,raw/isic/masks/ISIC_0015237_segmentation.png
isic_2018_task1_2,segmentation,train,ISIC_0015241,lesion,processed/isic_segmentation/images/train/ISIC_0015241.jpg,processed/isic_segmentation/masks/train/ISIC_0015241.png,raw/isic/images/ISIC_0015241.jpg,raw/isic/masks/ISIC_0015241_segmentation.png
isic_2018_task1_2,segmentation,train,ISIC_0015243,lesion,processed/isic_segmentation/images/train/ISIC_0015243.jpg,processed/isic_segmentation/masks/train/ISIC_0015243.png,raw/isic/images/ISIC_0015243.jpg,raw/isic/masks/ISIC_0015243_segmentation.png
isic_2018_task1_2,segmentation,train,ISIC_0015244,lesion,processed/isic_segmentation/images/train/ISIC_0015244.jpg,processed/isic_segmentation/masks/train/ISIC_0015244.png,raw/isic/images/ISIC_0015244.jpg,raw/isic/masks/ISIC_0015244_segmentation.png
isic_2018_task1_2,segmentation,test,ISIC_0015245,lesion,processed/isic_segmentation/images/test/ISIC_0015245.jpg,processed/isic_segmentation/masks/test/ISIC_0015245.png,raw/isic/images/ISIC_0015245.jpg,raw/isic/masks/ISIC_0015245_segmentation.png
isic_2018_task1_2,segmentation,train,ISIC_0015250,lesion,processed/isic_segmentation/images/train/ISIC_0015250.jpg,processed/isic_segmentation/masks/train/ISIC_0015250.png,raw/isic/images/ISIC_0015250.jpg,raw/isic/masks/ISIC_0015250_segmentation.png
isic_2018_task1_2,segmentation,val,ISIC_0015251,lesion,processed/isic_segmentation/images/val/ISIC_0015251.jpg,processed/isic_segmentation/masks/val/ISIC_0015251.png,raw/isic/images/ISIC_0015251.jpg,raw/isic/masks/ISIC_0015251_segmentation.png
isic_2018_task1_2,segmentation,train,ISIC_0015254,lesion,processed/isic_segmentation/images/train/ISIC_0015254.jpg,processed/isic_segmentation/masks/train/ISIC_0015254.png,raw/isic/images/ISIC_0015254.jpg,raw/isic/masks/ISIC_0015254_segmentation.png
isic_2018_task1_2,segmentation,train,ISIC_0015255,lesion,processed/isic_segmentation/images/train/ISIC_0015255.jpg,processed/isic_segmentation/masks/train/ISIC_0015255.png,raw/isic/images/ISIC_0015255.jpg,raw/isic/masks/ISIC_0015255_segmentation.png
isic_2018_task1_2,segmentation,train,ISIC_0015256,lesion,processed/isic_segmentation/images/train/ISIC_0015256.jpg,processed/isic_segmentation/masks/train/ISIC_0015256.png,raw/isic/images/ISIC_0015256.jpg,raw/isic/masks/ISIC_0015256_segmentation.png
isic_2018_task1_2,segmentation,val,ISIC_0015258,lesion,processed/isic_segmentation/images/val/ISIC_0015258.jpg,processed/isic_segmentation/masks/val/ISIC_0015258.png,raw/isic/images/ISIC_0015258.jpg,raw/isic/masks/ISIC_0015258_segmentation.png
isic_2018_task1_2,segmentation,train,ISIC_0015260,lesion,processed/isic_segmentation/images/train/ISIC_0015260.jpg,processed/isic_segmentation/masks/train/ISIC_0015260.png,raw/isic/images/ISIC_0015260.jpg,raw/isic/masks/ISIC_0015260_segmentation.png
isic_2018_task1_2,segmentation,train,ISIC_0015264,lesion,processed/isic_segmentation/images/train/ISIC_0015264.jpg,processed/isic_segmentation/masks/train/ISIC_0015264.png,raw/isic/images/ISIC_0015264.jpg,raw/isic/masks/ISIC_0015264_segmentation.png
isic_2018_task1_2,segmentation,train,ISIC_0015270,lesion,processed/isic_segmentation/images/train/ISIC_0015270.jpg,processed/isic_segmentation/masks/train/ISIC_0015270.png,raw/isic/images/ISIC_0015270.jpg,raw/isic/masks/ISIC_0015270_segmentation.png
isic_2018_task1_2,segmentation,val,ISIC_0015273,lesion,processed/isic_segmentation/images/val/ISIC_0015273.jpg,processed/isic_segmentation/masks/val/ISIC_0015273.png,raw/isic/images/ISIC_0015273.jpg,raw/isic/masks/ISIC_0015273_segmentation.png
isic_2018_task1_2,segmentation,train,ISIC_0015274,lesion,processed/isic_segmentation/images/train/ISIC_0015274.jpg,processed/isic_segmentation/masks/train/ISIC_0015274.png,raw/isic/images/ISIC_0015274.jpg,raw/isic/masks/ISIC_0015274_segmentation.png
isic_2018_task1_2,segmentation,train,ISIC_0015276,lesion,processed/isic_segmentation/images/train/ISIC_0015276.jpg,processed/isic_segmentation/masks/train/ISIC_0015276.png,raw/isic/images/ISIC_0015276.jpg,raw/isic/masks/ISIC_0015276_segmentation.png
isic_2018_task1_2,segmentation,train,ISIC_0015279,lesion,processed/isic_segmentation/images/train/ISIC_0015279.jpg,processed/isic_segmentation/masks/train/ISIC_0015279.png,raw/isic/images/ISIC_0015279.jpg,raw/isic/masks/ISIC_0015279_segmentation.png
isic_2018_task1_2,segmentation,val,ISIC_0015283,lesion,processed/isic_segmentation/images/val/ISIC_0015283.jpg,processed/isic_segmentation/masks/val/ISIC_0015283.png,raw/isic/images/ISIC_0015283.jpg,raw/isic/masks/ISIC_0015283_segmentation.png
isic_2018_task1_2,segmentation,train,ISIC_0015284,lesion,processed/isic_segmentation/images/train/ISIC_0015284.jpg,processed/isic_segmentation/masks/train/ISIC_0015284.png,raw/isic/images/ISIC_0015284.jpg,raw/isic/masks/ISIC_0015284_segmentation.png
isic_2018_task1_2,segmentation,train,ISIC_0015291,lesion,processed/isic_segmentation/images/train/ISIC_0015291.jpg,processed/isic_segmentation/masks/train/ISIC_0015291.png,raw/isic/images/ISIC_0015291.jpg,raw/isic/masks/ISIC_0015291_segmentation.png
isic_2018_task1_2,segmentation,train,ISIC_0015293,lesion,processed/isic_segmentation/images/train/ISIC_0015293.jpg,processed/isic_segmentation/masks/train/ISIC_0015293.png,raw/isic/images/ISIC_0015293.jpg,raw/isic/masks/ISIC_0015293_segmentation.png
isic_2018_task1_2,segmentation,train,ISIC_0015295,lesion,processed/isic_segmentation/images/train/ISIC_0015295.jpg,processed/isic_segmentation/masks/train/ISIC_0015295.png,raw/isic/images/ISIC_0015295.jpg,raw/isic/masks/ISIC_0015295_segmentation.png
isic_2018_task1_2,segmentation,train,ISIC_0015298,lesion,processed/isic_segmentation/images/train/ISIC_0015298.jpg,processed/isic_segmentation/masks/train/ISIC_0015298.png,raw/isic/images/ISIC_0015298.jpg,raw/isic/masks/ISIC_0015298_segmentation.png
isic_2018_task1_2,segmentation,test,ISIC_0015309,lesion,processed/isic_segmentation/images/test/ISIC_0015309.jpg,processed/isic_segmentation/masks/test/ISIC_0015309.png,raw/isic/images/ISIC_0015309.jpg,raw/isic/masks/ISIC_0015309_segmentation.png
isic_2018_task1_2,segmentation,train,ISIC_0015310,lesion,processed/isic_segmentation/images/train/ISIC_0015310.jpg,processed/isic_segmentation/masks/train/ISIC_0015310.png,raw/isic/images/ISIC_0015310.jpg,raw/isic/masks/ISIC_0015310_segmentation.png
isic_2018_task1_2,segmentation,test,ISIC_0015311,lesion,processed/isic_segmentation/images/test/ISIC_0015311.jpg,processed/isic_segmentation/masks/test/ISIC_0015311.png,raw/isic/images/ISIC_0015311.jpg,raw/isic/masks/ISIC_0015311_segmentation.png
isic_2018_task1_2,segmentation,test,ISIC_0015312,lesion,processed/isic_segmentation/images/test/ISIC_0015312.jpg,processed/isic_segmentation/masks/test/ISIC_0015312.png,raw/isic/images/ISIC_0015312.jpg,raw/isic/masks/ISIC_0015312_segmentation.png
isic_2018_task1_2,segmentation,test,ISIC_0015313,lesion,processed/isic_segmentation/images/test/ISIC_0015313.jpg,processed/isic_segmentation/masks/test/ISIC_0015313.png,raw/isic/images/ISIC_0015313.jpg,raw/isic/masks/ISIC_0015313_segmentation.png
isic_2018_task1_2,segmentation,train,ISIC_0015330,lesion,processed/isic_segmentation/images/train/ISIC_0015330.jpg,processed/isic_segmentation/masks/train/ISIC_0015330.png,raw/isic/images/ISIC_0015330.jpg,raw/isic/masks/ISIC_0015330_segmentation.png
isic_2018_task1_2,segmentation,train,ISIC_0015331,lesion,processed/isic_segmentation/images/train/ISIC_0015331.jpg,processed/isic_segmentation/masks/train/ISIC_0015331.png,raw/isic/images/ISIC_0015331.jpg,raw/isic/masks/ISIC_0015331_segmentation.png
isic_2018_task1_2,segmentation,train,ISIC_0015353,lesion,processed/isic_segmentation/images/train/ISIC_0015353.jpg,processed/isic_segmentation/masks/train/ISIC_0015353.png,raw/isic/images/ISIC_0015353.jpg,raw/isic/masks/ISIC_0015353_segmentation.png
isic_2018_task1_2,segmentation,train,ISIC_0015355,lesion,processed/isic_segmentation/images/train/ISIC_0015355.jpg,processed/isic_segmentation/masks/train/ISIC_0015355.png,raw/isic/images/ISIC_0015355.jpg,raw/isic/masks/ISIC_0015355_segmentation.png
isic_2018_task1_2,segmentation,train,ISIC_0015357,lesion,processed/isic_segmentation/images/train/ISIC_0015357.jpg,processed/isic_segmentation/masks/train/ISIC_0015357.png,raw/isic/images/ISIC_0015357.jpg,raw/isic/masks/ISIC_0015357_segmentation.png
isic_2018_task1_2,segmentation,val,ISIC_0015360,lesion,processed/isic_segmentation/images/val/ISIC_0015360.jpg,processed/isic_segmentation/masks/val/ISIC_0015360.png,raw/isic/images/ISIC_0015360.jpg,raw/isic/masks/ISIC_0015360_segmentation.png
isic_2018_task1_2,segmentation,train,ISIC_0015363,lesion,processed/isic_segmentation/images/train/ISIC_0015363.jpg,processed/isic_segmentation/masks/train/ISIC_0015363.png,raw/isic/images/ISIC_0015363.jpg,raw/isic/masks/ISIC_0015363_segmentation.png
isic_2018_task1_2,segmentation,train,ISIC_0015368,lesion,processed/isic_segmentation/images/train/ISIC_0015368.jpg,processed/isic_segmentation/masks/train/ISIC_0015368.png,raw/isic/images/ISIC_0015368.jpg,raw/isic/masks/ISIC_0015368_segmentation.png
isic_2018_task1_2,segmentation,train,ISIC_0015369,lesion,processed/isic_segmentation/images/train/ISIC_0015369.jpg,processed/isic_segmentation/masks/train/ISIC_0015369.png,raw/isic/images/ISIC_0015369.jpg,raw/isic/masks/ISIC_0015369_segmentation.png
isic_2018_task1_2,segmentation,train,ISIC_0015383,lesion,processed/isic_segmentation/images/train/ISIC_0015383.jpg,processed/isic_segmentation/masks/train/ISIC_0015383.png,raw/isic/images/ISIC_0015383.jpg,raw/isic/masks/ISIC_0015383_segmentation.png
isic_2018_task1_2,segmentation,train,ISIC_0015390,lesion,processed/isic_segmentation/images/train/ISIC_0015390.jpg,processed/isic_segmentation/masks/train/ISIC_0015390.png,raw/isic/images/ISIC_0015390.jpg,raw/isic/masks/ISIC_0015390_segmentation.png
isic_2018_task1_2,segmentation,train,ISIC_0015395,lesion,processed/isic_segmentation/images/train/ISIC_0015395.jpg,processed/isic_segmentation/masks/train/ISIC_0015395.png,raw/isic/images/ISIC_0015395.jpg,raw/isic/masks/ISIC_0015395_segmentation.png
isic_2018_task1_2,segmentation,train,ISIC_0015401,lesion,processed/isic_segmentation/images/train/ISIC_0015401.jpg,processed/isic_segmentation/masks/train/ISIC_0015401.png,raw/isic/images/ISIC_0015401.jpg,raw/isic/masks/ISIC_0015401_segmentation.png
isic_2018_task1_2,segmentation,train,ISIC_0015403,lesion,processed/isic_segmentation/images/train/ISIC_0015403.jpg,processed/isic_segmentation/masks/train/ISIC_0015403.png,raw/isic/images/ISIC_0015403.jpg,raw/isic/masks/ISIC_0015403_segmentation.png
isic_2018_task1_2,segmentation,train,ISIC_0015404,lesion,processed/isic_segmentation/images/train/ISIC_0015404.jpg,processed/isic_segmentation/masks/train/ISIC_0015404.png,raw/isic/images/ISIC_0015404.jpg,raw/isic/masks/ISIC_0015404_segmentation.png
isic_2018_task1_2,segmentation,test,ISIC_0015411,lesion,processed/isic_segmentation/images/test/ISIC_0015411.jpg,processed/isic_segmentation/masks/test/ISIC_0015411.png,raw/isic/images/ISIC_0015411.jpg,raw/isic/masks/ISIC_0015411_segmentation.png
isic_2018_task1_2,segmentation,train,ISIC_0015412,lesion,processed/isic_segmentation/images/train/ISIC_0015412.jpg,processed/isic_segmentation/masks/train/ISIC_0015412.png,raw/isic/images/ISIC_0015412.jpg,raw/isic/masks/ISIC_0015412_segmentation.png
isic_2018_task1_2,segmentation,test,ISIC_0015416,lesion,processed/isic_segmentation/images/test/ISIC_0015416.jpg,processed/isic_segmentation/masks/test/ISIC_0015416.png,raw/isic/images/ISIC_0015416.jpg,raw/isic/masks/ISIC_0015416_segmentation.png
isic_2018_task1_2,segmentation,val,ISIC_0015417,lesion,processed/isic_segmentation/images/val/ISIC_0015417.jpg,processed/isic_segmentation/masks/val/ISIC_0015417.png,raw/isic/images/ISIC_0015417.jpg,raw/isic/masks/ISIC_0015417_segmentation.png
isic_2018_task1_2,segmentation,train,ISIC_0015418,lesion,processed/isic_segmentation/images/train/ISIC_0015418.jpg,processed/isic_segmentation/masks/train/ISIC_0015418.png,raw/isic/images/ISIC_0015418.jpg,raw/isic/masks/ISIC_0015418_segmentation.png
isic_2018_task1_2,segmentation,train,ISIC_0015419,lesion,processed/isic_segmentation/images/train/ISIC_0015419.jpg,processed/isic_segmentation/masks/train/ISIC_0015419.png,raw/isic/images/ISIC_0015419.jpg,raw/isic/masks/ISIC_0015419_segmentation.png
isic_2018_task1_2,segmentation,train,ISIC_0015436,lesion,processed/isic_segmentation/images/train/ISIC_0015436.jpg,processed/isic_segmentation/masks/train/ISIC_0015436.png,raw/isic/images/ISIC_0015436.jpg,raw/isic/masks/ISIC_0015436_segmentation.png
isic_2018_task1_2,segmentation,val,ISIC_0015440,lesion,processed/isic_segmentation/images/val/ISIC_0015440.jpg,processed/isic_segmentation/masks/val/ISIC_0015440.png,raw/isic/images/ISIC_0015440.jpg,raw/isic/masks/ISIC_0015440_segmentation.png
isic_2018_task1_2,segmentation,train,ISIC_0015443,lesion,processed/isic_segmentation/images/train/ISIC_0015443.jpg,processed/isic_segmentation/masks/train/ISIC_0015443.png,raw/isic/images/ISIC_0015443.jpg,raw/isic/masks/ISIC_0015443_segmentation.png
isic_2018_task1_2,segmentation,train,ISIC_0015445,lesion,processed/isic_segmentation/images/train/ISIC_0015445.jpg,processed/isic_segmentation/masks/train/ISIC_0015445.png,raw/isic/images/ISIC_0015445.jpg,raw/isic/masks/ISIC_0015445_segmentation.png
isic_2018_task1_2,segmentation,val,ISIC_0015447,lesion,processed/isic_segmentation/images/val/ISIC_0015447.jpg,processed/isic_segmentation/masks/val/ISIC_0015447.png,raw/isic/images/ISIC_0015447.jpg,raw/isic/masks/ISIC_0015447_segmentation.png
isic_2018_task1_2,segmentation,val,ISIC_0015455,lesion,processed/isic_segmentation/images/val/ISIC_0015455.jpg,processed/isic_segmentation/masks/val/ISIC_0015455.png,raw/isic/images/ISIC_0015455.jpg,raw/isic/masks/ISIC_0015455_segmentation.png
isic_2018_task1_2,segmentation,train,ISIC_0015464,lesion,processed/isic_segmentation/images/train/ISIC_0015464.jpg,processed/isic_segmentation/masks/train/ISIC_0015464.png,raw/isic/images/ISIC_0015464.jpg,raw/isic/masks/ISIC_0015464_segmentation.png
isic_2018_task1_2,segmentation,train,ISIC_0015466,lesion,processed/isic_segmentation/images/train/ISIC_0015466.jpg,processed/isic_segmentation/masks/train/ISIC_0015466.png,raw/isic/images/ISIC_0015466.jpg,raw/isic/masks/ISIC_0015466_segmentation.png
isic_2018_task1_2,segmentation,test,ISIC_0015468,lesion,processed/isic_segmentation/images/test/ISIC_0015468.jpg,processed/isic_segmentation/masks/test/ISIC_0015468.png,raw/isic/images/ISIC_0015468.jpg,raw/isic/masks/ISIC_0015468_segmentation.png
isic_2018_task1_2,segmentation,train,ISIC_0015476,lesion,processed/isic_segmentation/images/train/ISIC_0015476.jpg,processed/isic_segmentation/masks/train/ISIC_0015476.png,raw/isic/images/ISIC_0015476.jpg,raw/isic/masks/ISIC_0015476_segmentation.png
isic_2018_task1_2,segmentation,test,ISIC_0015481,lesion,processed/isic_segmentation/images/test/ISIC_0015481.jpg,processed/isic_segmentation/masks/test/ISIC_0015481.png,raw/isic/images/ISIC_0015481.jpg,raw/isic/masks/ISIC_0015481_segmentation.png
isic_2018_task1_2,segmentation,train,ISIC_0015482,lesion,processed/isic_segmentation/images/train/ISIC_0015482.jpg,processed/isic_segmentation/masks/train/ISIC_0015482.png,raw/isic/images/ISIC_0015482.jpg,raw/isic/masks/ISIC_0015482_segmentation.png
isic_2018_task1_2,segmentation,train,ISIC_0015483,lesion,processed/isic_segmentation/images/train/ISIC_0015483.jpg,processed/isic_segmentation/masks/train/ISIC_0015483.png,raw/isic/images/ISIC_0015483.jpg,raw/isic/masks/ISIC_0015483_segmentation.png
isic_2018_task1_2,segmentation,train,ISIC_0015485,lesion,processed/isic_segmentation/images/train/ISIC_0015485.jpg,processed/isic_segmentation/masks/train/ISIC_0015485.png,raw/isic/images/ISIC_0015485.jpg,raw/isic/masks/ISIC_0015485_segmentation.png
isic_2018_task1_2,segmentation,train,ISIC_0015496,lesion,processed/isic_segmentation/images/train/ISIC_0015496.jpg,processed/isic_segmentation/masks/train/ISIC_0015496.png,raw/isic/images/ISIC_0015496.jpg,raw/isic/masks/ISIC_0015496_segmentation.png
isic_2018_task1_2,segmentation,val,ISIC_0015510,lesion,processed/isic_segmentation/images/val/ISIC_0015510.jpg,processed/isic_segmentation/masks/val/ISIC_0015510.png,raw/isic/images/ISIC_0015510.jpg,raw/isic/masks/ISIC_0015510_segmentation.png
isic_2018_task1_2,segmentation,train,ISIC_0015526,lesion,processed/isic_segmentation/images/train/ISIC_0015526.jpg,processed/isic_segmentation/masks/train/ISIC_0015526.png,raw/isic/images/ISIC_0015526.jpg,raw/isic/masks/ISIC_0015526_segmentation.png
isic_2018_task1_2,segmentation,val,ISIC_0015537,lesion,processed/isic_segmentation/images/val/ISIC_0015537.jpg,processed/isic_segmentation/masks/val/ISIC_0015537.png,raw/isic/images/ISIC_0015537.jpg,raw/isic/masks/ISIC_0015537_segmentation.png
isic_2018_task1_2,segmentation,val,ISIC_0015544,lesion,processed/isic_segmentation/images/val/ISIC_0015544.jpg,processed/isic_segmentation/masks/val/ISIC_0015544.png,raw/isic/images/ISIC_0015544.jpg,raw/isic/masks/ISIC_0015544_segmentation.png
isic_2018_task1_2,segmentation,val,ISIC_0015559,lesion,processed/isic_segmentation/images/val/ISIC_0015559.jpg,processed/isic_segmentation/masks/val/ISIC_0015559.png,raw/isic/images/ISIC_0015559.jpg,raw/isic/masks/ISIC_0015559_segmentation.png
isic_2018_task1_2,segmentation,train,ISIC_0015563,lesion,processed/isic_segmentation/images/train/ISIC_0015563.jpg,processed/isic_segmentation/masks/train/ISIC_0015563.png,raw/isic/images/ISIC_0015563.jpg,raw/isic/masks/ISIC_0015563_segmentation.png
isic_2018_task1_2,segmentation,val,ISIC_0015566,lesion,processed/isic_segmentation/images/val/ISIC_0015566.jpg,processed/isic_segmentation/masks/val/ISIC_0015566.png,raw/isic/images/ISIC_0015566.jpg,raw/isic/masks/ISIC_0015566_segmentation.png
isic_2018_task1_2,segmentation,train,ISIC_0015568,lesion,processed/isic_segmentation/images/train/ISIC_0015568.jpg,processed/isic_segmentation/masks/train/ISIC_0015568.png,raw/isic/images/ISIC_0015568.jpg,raw/isic/masks/ISIC_0015568_segmentation.png
isic_2018_task1_2,segmentation,train,ISIC_0015582,lesion,processed/isic_segmentation/images/train/ISIC_0015582.jpg,processed/isic_segmentation/masks/train/ISIC_0015582.png,raw/isic/images/ISIC_0015582.jpg,raw/isic/masks/ISIC_0015582_segmentation.png
isic_2018_task1_2,segmentation,train,ISIC_0015593,lesion,processed/isic_segmentation/images/train/ISIC_0015593.jpg,processed/isic_segmentation/masks/train/ISIC_0015593.png,raw/isic/images/ISIC_0015593.jpg,raw/isic/masks/ISIC_0015593_segmentation.png
isic_2018_task1_2,segmentation,val,ISIC_0015603,lesion,processed/isic_segmentation/images/val/ISIC_0015603.jpg,processed/isic_segmentation/masks/val/ISIC_0015603.png,raw/isic/images/ISIC_0015603.jpg,raw/isic/masks/ISIC_0015603_segmentation.png
isic_2018_task1_2,segmentation,train,ISIC_0015607,lesion,processed/isic_segmentation/images/train/ISIC_0015607.jpg,processed/isic_segmentation/masks/train/ISIC_0015607.png,raw/isic/images/ISIC_0015607.jpg,raw/isic/masks/ISIC_0015607_segmentation.png
isic_2018_task1_2,segmentation,train,ISIC_0015614,lesion,processed/isic_segmentation/images/train/ISIC_0015614.jpg,processed/isic_segmentation/masks/train/ISIC_0015614.png,raw/isic/images/ISIC_0015614.jpg,raw/isic/masks/ISIC_0015614_segmentation.png
isic_2018_task1_2,segmentation,train,ISIC_0015617,lesion,processed/isic_segmentation/images/train/ISIC_0015617.jpg,processed/isic_segmentation/masks/train/ISIC_0015617.png,raw/isic/images/ISIC_0015617.jpg,raw/isic/masks/ISIC_0015617_segmentation.png
isic_2018_task1_2,segmentation,train,ISIC_0015625,lesion,processed/isic_segmentation/images/train/ISIC_0015625.jpg,processed/isic_segmentation/masks/train/ISIC_0015625.png,raw/isic/images/ISIC_0015625.jpg,raw/isic/masks/ISIC_0015625_segmentation.png
isic_2018_task1_2,segmentation,train,ISIC_0015627,lesion,processed/isic_segmentation/images/train/ISIC_0015627.jpg,processed/isic_segmentation/masks/train/ISIC_0015627.png,raw/isic/images/ISIC_0015627.jpg,raw/isic/masks/ISIC_0015627_segmentation.png
isic_2018_task1_2,segmentation,train,ISIC_0015631,lesion,processed/isic_segmentation/images/train/ISIC_0015631.jpg,processed/isic_segmentation/masks/train/ISIC_0015631.png,raw/isic/images/ISIC_0015631.jpg,raw/isic/masks/ISIC_0015631_segmentation.png
isic_2018_task1_2,segmentation,train,ISIC_0015636,lesion,processed/isic_segmentation/images/train/ISIC_0015636.jpg,processed/isic_segmentation/masks/train/ISIC_0015636.png,raw/isic/images/ISIC_0015636.jpg,raw/isic/masks/ISIC_0015636_segmentation.png
isic_2018_task1_2,segmentation,train,ISIC_0015638,lesion,processed/isic_segmentation/images/train/ISIC_0015638.jpg,processed/isic_segmentation/masks/train/ISIC_0015638.png,raw/isic/images/ISIC_0015638.jpg,raw/isic/masks/ISIC_0015638_segmentation.png
isic_2018_task1_2,segmentation,train,ISIC_0015641,lesion,processed/isic_segmentation/images/train/ISIC_0015641.jpg,processed/isic_segmentation/masks/train/ISIC_0015641.png,raw/isic/images/ISIC_0015641.jpg,raw/isic/masks/ISIC_0015641_segmentation.png
isic_2018_task1_2,segmentation,train,ISIC_0015645,lesion,processed/isic_segmentation/images/train/ISIC_0015645.jpg,processed/isic_segmentation/masks/train/ISIC_0015645.png,raw/isic/images/ISIC_0015645.jpg,raw/isic/masks/ISIC_0015645_segmentation.png
isic_2018_task1_2,segmentation,train,ISIC_0015936,lesion,processed/isic_segmentation/images/train/ISIC_0015936.jpg,processed/isic_segmentation/masks/train/ISIC_0015936.png,raw/isic/images/ISIC_0015936.jpg,raw/isic/masks/ISIC_0015936_segmentation.png
isic_2018_task1_2,segmentation,train,ISIC_0015937,lesion,processed/isic_segmentation/images/train/ISIC_0015937.jpg,processed/isic_segmentation/masks/train/ISIC_0015937.png,raw/isic/images/ISIC_0015937.jpg,raw/isic/masks/ISIC_0015937_segmentation.png
isic_2018_task1_2,segmentation,val,ISIC_0015939,lesion,processed/isic_segmentation/images/val/ISIC_0015939.jpg,processed/isic_segmentation/masks/val/ISIC_0015939.png,raw/isic/images/ISIC_0015939.jpg,raw/isic/masks/ISIC_0015939_segmentation.png
isic_2018_task1_2,segmentation,train,ISIC_0015940,lesion,processed/isic_segmentation/images/train/ISIC_0015940.jpg,processed/isic_segmentation/masks/train/ISIC_0015940.png,raw/isic/images/ISIC_0015940.jpg,raw/isic/masks/ISIC_0015940_segmentation.png
isic_2018_task1_2,segmentation,train,ISIC_0015941,lesion,processed/isic_segmentation/images/train/ISIC_0015941.jpg,processed/isic_segmentation/masks/train/ISIC_0015941.png,raw/isic/images/ISIC_0015941.jpg,raw/isic/masks/ISIC_0015941_segmentation.png
isic_2018_task1_2,segmentation,val,ISIC_0015942,lesion,processed/isic_segmentation/images/val/ISIC_0015942.jpg,processed/isic_segmentation/masks/val/ISIC_0015942.png,raw/isic/images/ISIC_0015942.jpg,raw/isic/masks/ISIC_0015942_segmentation.png
isic_2018_task1_2,segmentation,train,ISIC_0015943,lesion,processed/isic_segmentation/images/train/ISIC_0015943.jpg,processed/isic_segmentation/masks/train/ISIC_0015943.png,raw/isic/images/ISIC_0015943.jpg,raw/isic/masks/ISIC_0015943_segmentation.png
isic_2018_task1_2,segmentation,train,ISIC_0015944,lesion,processed/isic_segmentation/images/train/ISIC_0015944.jpg,processed/isic_segmentation/masks/train/ISIC_0015944.png,raw/isic/images/ISIC_0015944.jpg,raw/isic/masks/ISIC_0015944_segmentation.png
isic_2018_task1_2,segmentation,test,ISIC_0015945,lesion,processed/isic_segmentation/images/test/ISIC_0015945.jpg,processed/isic_segmentation/masks/test/ISIC_0015945.png,raw/isic/images/ISIC_0015945.jpg,raw/isic/masks/ISIC_0015945_segmentation.png
isic_2018_task1_2,segmentation,train,ISIC_0015946,lesion,processed/isic_segmentation/images/train/ISIC_0015946.jpg,processed/isic_segmentation/masks/train/ISIC_0015946.png,raw/isic/images/ISIC_0015946.jpg,raw/isic/masks/ISIC_0015946_segmentation.png
isic_2018_task1_2,segmentation,test,ISIC_0015947,lesion,processed/isic_segmentation/images/test/ISIC_0015947.jpg,processed/isic_segmentation/masks/test/ISIC_0015947.png,raw/isic/images/ISIC_0015947.jpg,raw/isic/masks/ISIC_0015947_segmentation.png
isic_2018_task1_2,segmentation,train,ISIC_0015948,lesion,processed/isic_segmentation/images/train/ISIC_0015948.jpg,processed/isic_segmentation/masks/train/ISIC_0015948.png,raw/isic/images/ISIC_0015948.jpg,raw/isic/masks/ISIC_0015948_segmentation.png
isic_2018_task1_2,segmentation,train,ISIC_0015949,lesion,processed/isic_segmentation/images/train/ISIC_0015949.jpg,processed/isic_segmentation/masks/train/ISIC_0015949.png,raw/isic/images/ISIC_0015949.jpg,raw/isic/masks/ISIC_0015949_segmentation.png
isic_2018_task1_2,segmentation,val,ISIC_0015950,lesion,processed/isic_segmentation/images/val/ISIC_0015950.jpg,processed/isic_segmentation/masks/val/ISIC_0015950.png,raw/isic/images/ISIC_0015950.jpg,raw/isic/masks/ISIC_0015950_segmentation.png
isic_2018_task1_2,segmentation,val,ISIC_0015951,lesion,processed/isic_segmentation/images/val/ISIC_0015951.jpg,processed/isic_segmentation/masks/val/ISIC_0015951.png,raw/isic/images/ISIC_0015951.jpg,raw/isic/masks/ISIC_0015951_segmentation.png
isic_2018_task1_2,segmentation,train,ISIC_0015952,lesion,processed/isic_segmentation/images/train/ISIC_0015952.jpg,processed/isic_segmentation/masks/train/ISIC_0015952.png,raw/isic/images/ISIC_0015952.jpg,raw/isic/masks/ISIC_0015952_segmentation.png
isic_2018_task1_2,segmentation,val,ISIC_0015953,lesion,processed/isic_segmentation/images/val/ISIC_0015953.jpg,processed/isic_segmentation/masks/val/ISIC_0015953.png,raw/isic/images/ISIC_0015953.jpg,raw/isic/masks/ISIC_0015953_segmentation.png
isic_2018_task1_2,segmentation,val,ISIC_0015955,lesion,processed/isic_segmentation/images/val/ISIC_0015955.jpg,processed/isic_segmentation/masks/val/ISIC_0015955.png,raw/isic/images/ISIC_0015955.jpg,raw/isic/masks/ISIC_0015955_segmentation.png
isic_2018_task1_2,segmentation,train,ISIC_0015956,lesion,processed/isic_segmentation/images/train/ISIC_0015956.jpg,processed/isic_segmentation/masks/train/ISIC_0015956.png,raw/isic/images/ISIC_0015956.jpg,raw/isic/masks/ISIC_0015956_segmentation.png
isic_2018_task1_2,segmentation,train,ISIC_0015957,lesion,processed/isic_segmentation/images/train/ISIC_0015957.jpg,processed/isic_segmentation/masks/train/ISIC_0015957.png,raw/isic/images/ISIC_0015957.jpg,raw/isic/masks/ISIC_0015957_segmentation.png
isic_2018_task1_2,segmentation,train,ISIC_0015958,lesion,processed/isic_segmentation/images/train/ISIC_0015958.jpg,processed/isic_segmentation/masks/train/ISIC_0015958.png,raw/isic/images/ISIC_0015958.jpg,raw/isic/masks/ISIC_0015958_segmentation.png
isic_2018_task1_2,segmentation,train,ISIC_0015960,lesion,processed/isic_segmentation/images/train/ISIC_0015960.jpg,processed/isic_segmentation/masks/train/ISIC_0015960.png,raw/isic/images/ISIC_0015960.jpg,raw/isic/masks/ISIC_0015960_segmentation.png
isic_2018_task1_2,segmentation,train,ISIC_0015961,lesion,processed/isic_segmentation/images/train/ISIC_0015961.jpg,processed/isic_segmentation/masks/train/ISIC_0015961.png,raw/isic/images/ISIC_0015961.jpg,raw/isic/masks/ISIC_0015961_segmentation.png
isic_2018_task1_2,segmentation,train,ISIC_0015962,lesion,processed/isic_segmentation/images/train/ISIC_0015962.jpg,processed/isic_segmentation/masks/train/ISIC_0015962.png,raw/isic/images/ISIC_0015962.jpg,raw/isic/masks/ISIC_0015962_segmentation.png
isic_2018_task1_2,segmentation,train,ISIC_0015963,lesion,processed/isic_segmentation/images/train/ISIC_0015963.jpg,processed/isic_segmentation/masks/train/ISIC_0015963.png,raw/isic/images/ISIC_0015963.jpg,raw/isic/masks/ISIC_0015963_segmentation.png
isic_2018_task1_2,segmentation,train,ISIC_0015964,lesion,processed/isic_segmentation/images/train/ISIC_0015964.jpg,processed/isic_segmentation/masks/train/ISIC_0015964.png,raw/isic/images/ISIC_0015964.jpg,raw/isic/masks/ISIC_0015964_segmentation.png
isic_2018_task1_2,segmentation,train,ISIC_0015965,lesion,processed/isic_segmentation/images/train/ISIC_0015965.jpg,processed/isic_segmentation/masks/train/ISIC_0015965.png,raw/isic/images/ISIC_0015965.jpg,raw/isic/masks/ISIC_0015965_segmentation.png
isic_2018_task1_2,segmentation,train,ISIC_0015966,lesion,processed/isic_segmentation/images/train/ISIC_0015966.jpg,processed/isic_segmentation/masks/train/ISIC_0015966.png,raw/isic/images/ISIC_0015966.jpg,raw/isic/masks/ISIC_0015966_segmentation.png
isic_2018_task1_2,segmentation,train,ISIC_0015967,lesion,processed/isic_segmentation/images/train/ISIC_0015967.jpg,processed/isic_segmentation/masks/train/ISIC_0015967.png,raw/isic/images/ISIC_0015967.jpg,raw/isic/masks/ISIC_0015967_segmentation.png
isic_2018_task1_2,segmentation,test,ISIC_0015968,lesion,processed/isic_segmentation/images/test/ISIC_0015968.jpg,processed/isic_segmentation/masks/test/ISIC_0015968.png,raw/isic/images/ISIC_0015968.jpg,raw/isic/masks/ISIC_0015968_segmentation.png
isic_2018_task1_2,segmentation,train,ISIC_0015969,lesion,processed/isic_segmentation/images/train/ISIC_0015969.jpg,processed/isic_segmentation/masks/train/ISIC_0015969.png,raw/isic/images/ISIC_0015969.jpg,raw/isic/masks/ISIC_0015969_segmentation.png
isic_2018_task1_2,segmentation,train,ISIC_0015971,lesion,processed/isic_segmentation/images/train/ISIC_0015971.jpg,processed/isic_segmentation/masks/train/ISIC_0015971.png,raw/isic/images/ISIC_0015971.jpg,raw/isic/masks/ISIC_0015971_segmentation.png
isic_2018_task1_2,segmentation,train,ISIC_0015972,lesion,processed/isic_segmentation/images/train/ISIC_0015972.jpg,processed/isic_segmentation/masks/train/ISIC_0015972.png,raw/isic/images/ISIC_0015972.jpg,raw/isic/masks/ISIC_0015972_segmentation.png
isic_2018_task1_2,segmentation,train,ISIC_0015973,lesion,processed/isic_segmentation/images/train/ISIC_0015973.jpg,processed/isic_segmentation/masks/train/ISIC_0015973.png,raw/isic/images/ISIC_0015973.jpg,raw/isic/masks/ISIC_0015973_segmentation.png
isic_2018_task1_2,segmentation,test,ISIC_0015974,lesion,processed/isic_segmentation/images/test/ISIC_0015974.jpg,processed/isic_segmentation/masks/test/ISIC_0015974.png,raw/isic/images/ISIC_0015974.jpg,raw/isic/masks/ISIC_0015974_segmentation.png
isic_2018_task1_2,segmentation,test,ISIC_0015975,lesion,processed/isic_segmentation/images/test/ISIC_0015975.jpg,processed/isic_segmentation/masks/test/ISIC_0015975.png,raw/isic/images/ISIC_0015975.jpg,raw/isic/masks/ISIC_0015975_segmentation.png
isic_2018_task1_2,segmentation,train,ISIC_0015976,lesion,processed/isic_segmentation/images/train/ISIC_0015976.jpg,processed/isic_segmentation/masks/train/ISIC_0015976.png,raw/isic/images/ISIC_0015976.jpg,raw/isic/masks/ISIC_0015976_segmentation.png
isic_2018_task1_2,segmentation,train,ISIC_0015978,lesion,processed/isic_segmentation/images/train/ISIC_0015978.jpg,processed/isic_segmentation/masks/train/ISIC_0015978.png,raw/isic/images/ISIC_0015978.jpg,raw/isic/masks/ISIC_0015978_segmentation.png
isic_2018_task1_2,segmentation,train,ISIC_0015980,lesion,processed/isic_segmentation/images/train/ISIC_0015980.jpg,processed/isic_segmentation/masks/train/ISIC_0015980.png,raw/isic/images/ISIC_0015980.jpg,raw/isic/masks/ISIC_0015980_segmentation.png
isic_2018_task1_2,segmentation,train,ISIC_0015981,lesion,processed/isic_segmentation/images/train/ISIC_0015981.jpg,processed/isic_segmentation/masks/train/ISIC_0015981.png,raw/isic/images/ISIC_0015981.jpg,raw/isic/masks/ISIC_0015981_segmentation.png
isic_2018_task1_2,segmentation,train,ISIC_0015982,lesion,processed/isic_segmentation/images/train/ISIC_0015982.jpg,processed/isic_segmentation/masks/train/ISIC_0015982.png,raw/isic/images/ISIC_0015982.jpg,raw/isic/masks/ISIC_0015982_segmentation.png
isic_2018_task1_2,segmentation,train,ISIC_0015983,lesion,processed/isic_segmentation/images/train/ISIC_0015983.jpg,processed/isic_segmentation/masks/train/ISIC_0015983.png,raw/isic/images/ISIC_0015983.jpg,raw/isic/masks/ISIC_0015983_segmentation.png
isic_2018_task1_2,segmentation,train,ISIC_0015984,lesion,processed/isic_segmentation/images/train/ISIC_0015984.jpg,processed/isic_segmentation/masks/train/ISIC_0015984.png,raw/isic/images/ISIC_0015984.jpg,raw/isic/masks/ISIC_0015984_segmentation.png
isic_2018_task1_2,segmentation,val,ISIC_0015985,lesion,processed/isic_segmentation/images/val/ISIC_0015985.jpg,processed/isic_segmentation/masks/val/ISIC_0015985.png,raw/isic/images/ISIC_0015985.jpg,raw/isic/masks/ISIC_0015985_segmentation.png
isic_2018_task1_2,segmentation,train,ISIC_0015986,lesion,processed/isic_segmentation/images/train/ISIC_0015986.jpg,processed/isic_segmentation/masks/train/ISIC_0015986.png,raw/isic/images/ISIC_0015986.jpg,raw/isic/masks/ISIC_0015986_segmentation.png
isic_2018_task1_2,segmentation,train,ISIC_0015987,lesion,processed/isic_segmentation/images/train/ISIC_0015987.jpg,processed/isic_segmentation/masks/train/ISIC_0015987.png,raw/isic/images/ISIC_0015987.jpg,raw/isic/masks/ISIC_0015987_segmentation.png
isic_2018_task1_2,segmentation,test,ISIC_0015989,lesion,processed/isic_segmentation/images/test/ISIC_0015989.jpg,processed/isic_segmentation/masks/test/ISIC_0015989.png,raw/isic/images/ISIC_0015989.jpg,raw/isic/masks/ISIC_0015989_segmentation.png
isic_2018_task1_2,segmentation,train,ISIC_0015990,lesion,processed/isic_segmentation/images/train/ISIC_0015990.jpg,processed/isic_segmentation/masks/train/ISIC_0015990.png,raw/isic/images/ISIC_0015990.jpg,raw/isic/masks/ISIC_0015990_segmentation.png
isic_2018_task1_2,segmentation,train,ISIC_0015991,lesion,processed/isic_segmentation/images/train/ISIC_0015991.jpg,processed/isic_segmentation/masks/train/ISIC_0015991.png,raw/isic/images/ISIC_0015991.jpg,raw/isic/masks/ISIC_0015991_segmentation.png
isic_2018_task1_2,segmentation,test,ISIC_0015993,lesion,processed/isic_segmentation/images/test/ISIC_0015993.jpg,processed/isic_segmentation/masks/test/ISIC_0015993.png,raw/isic/images/ISIC_0015993.jpg,raw/isic/masks/ISIC_0015993_segmentation.png
isic_2018_task1_2,segmentation,train,ISIC_0015994,lesion,processed/isic_segmentation/images/train/ISIC_0015994.jpg,processed/isic_segmentation/masks/train/ISIC_0015994.png,raw/isic/images/ISIC_0015994.jpg,raw/isic/masks/ISIC_0015994_segmentation.png
isic_2018_task1_2,segmentation,train,ISIC_0015995,lesion,processed/isic_segmentation/images/train/ISIC_0015995.jpg,processed/isic_segmentation/masks/train/ISIC_0015995.png,raw/isic/images/ISIC_0015995.jpg,raw/isic/masks/ISIC_0015995_segmentation.png
isic_2018_task1_2,segmentation,test,ISIC_0015996,lesion,processed/isic_segmentation/images/test/ISIC_0015996.jpg,processed/isic_segmentation/masks/test/ISIC_0015996.png,raw/isic/images/ISIC_0015996.jpg,raw/isic/masks/ISIC_0015996_segmentation.png
isic_2018_task1_2,segmentation,val,ISIC_0015997,lesion,processed/isic_segmentation/images/val/ISIC_0015997.jpg,processed/isic_segmentation/masks/val/ISIC_0015997.png,raw/isic/images/ISIC_0015997.jpg,raw/isic/masks/ISIC_0015997_segmentation.png
isic_2018_task1_2,segmentation,train,ISIC_0015998,lesion,processed/isic_segmentation/images/train/ISIC_0015998.jpg,processed/isic_segmentation/masks/train/ISIC_0015998.png,raw/isic/images/ISIC_0015998.jpg,raw/isic/masks/ISIC_0015998_segmentation.png
isic_2018_task1_2,segmentation,train,ISIC_0015999,lesion,processed/isic_segmentation/images/train/ISIC_0015999.jpg,processed/isic_segmentation/masks/train/ISIC_0015999.png,raw/isic/images/ISIC_0015999.jpg,raw/isic/masks/ISIC_0015999_segmentation.png
isic_2018_task1_2,segmentation,train,ISIC_0016000,lesion,processed/isic_segmentation/images/train/ISIC_0016000.jpg,processed/isic_segmentation/masks/train/ISIC_0016000.png,raw/isic/images/ISIC_0016000.jpg,raw/isic/masks/ISIC_0016000_segmentation.png
isic_2018_task1_2,segmentation,train,ISIC_0016003,lesion,processed/isic_segmentation/images/train/ISIC_0016003.jpg,processed/isic_segmentation/masks/train/ISIC_0016003.png,raw/isic/images/ISIC_0016003.jpg,raw/isic/masks/ISIC_0016003_segmentation.png
isic_2018_task1_2,segmentation,train,ISIC_0016004,lesion,processed/isic_segmentation/images/train/ISIC_0016004.jpg,processed/isic_segmentation/masks/train/ISIC_0016004.png,raw/isic/images/ISIC_0016004.jpg,raw/isic/masks/ISIC_0016004_segmentation.png
isic_2018_task1_2,segmentation,train,ISIC_0016005,lesion,processed/isic_segmentation/images/train/ISIC_0016005.jpg,processed/isic_segmentation/masks/train/ISIC_0016005.png,raw/isic/images/ISIC_0016005.jpg,raw/isic/masks/ISIC_0016005_segmentation.png
isic_2018_task1_2,segmentation,train,ISIC_0016006,lesion,processed/isic_segmentation/images/train/ISIC_0016006.jpg,processed/isic_segmentation/masks/train/ISIC_0016006.png,raw/isic/images/ISIC_0016006.jpg,raw/isic/masks/ISIC_0016006_segmentation.png
isic_2018_task1_2,segmentation,train,ISIC_0016007,lesion,processed/isic_segmentation/images/train/ISIC_0016007.jpg,processed/isic_segmentation/masks/train/ISIC_0016007.png,raw/isic/images/ISIC_0016007.jpg,raw/isic/masks/ISIC_0016007_segmentation.png
isic_2018_task1_2,segmentation,test,ISIC_0016008,lesion,processed/isic_segmentation/images/test/ISIC_0016008.jpg,processed/isic_segmentation/masks/test/ISIC_0016008.png,raw/isic/images/ISIC_0016008.jpg,raw/isic/masks/ISIC_0016008_segmentation.png
isic_2018_task1_2,segmentation,test,ISIC_0016009,lesion,processed/isic_segmentation/images/test/ISIC_0016009.jpg,processed/isic_segmentation/masks/test/ISIC_0016009.png,raw/isic/images/ISIC_0016009.jpg,raw/isic/masks/ISIC_0016009_segmentation.png
isic_2018_task1_2,segmentation,train,ISIC_0016011,lesion,processed/isic_segmentation/images/train/ISIC_0016011.jpg,processed/isic_segmentation/masks/train/ISIC_0016011.png,raw/isic/images/ISIC_0016011.jpg,raw/isic/masks/ISIC_0016011_segmentation.png
isic_2018_task1_2,segmentation,train,ISIC_0016012,lesion,processed/isic_segmentation/images/train/ISIC_0016012.jpg,processed/isic_segmentation/masks/train/ISIC_0016012.png,raw/isic/images/ISIC_0016012.jpg,raw/isic/masks/ISIC_0016012_segmentation.png
isic_2018_task1_2,segmentation,train,ISIC_0016013,lesion,processed/isic_segmentation/images/train/ISIC_0016013.jpg,processed/isic_segmentation/masks/train/ISIC_0016013.png,raw/isic/images/ISIC_0016013.jpg,raw/isic/masks/ISIC_0016013_segmentation.png
isic_2018_task1_2,segmentation,train,ISIC_0016014,lesion,processed/isic_segmentation/images/train/ISIC_0016014.jpg,processed/isic_segmentation/masks/train/ISIC_0016014.png,raw/isic/images/ISIC_0016014.jpg,raw/isic/masks/ISIC_0016014_segmentation.png
isic_2018_task1_2,segmentation,val,ISIC_0016015,lesion,processed/isic_segmentation/images/val/ISIC_0016015.jpg,processed/isic_segmentation/masks/val/ISIC_0016015.png,raw/isic/images/ISIC_0016015.jpg,raw/isic/masks/ISIC_0016015_segmentation.png
isic_2018_task1_2,segmentation,train,ISIC_0016016,lesion,processed/isic_segmentation/images/train/ISIC_0016016.jpg,processed/isic_segmentation/masks/train/ISIC_0016016.png,raw/isic/images/ISIC_0016016.jpg,raw/isic/masks/ISIC_0016016_segmentation.png
isic_2018_task1_2,segmentation,val,ISIC_0016017,lesion,processed/isic_segmentation/images/val/ISIC_0016017.jpg,processed/isic_segmentation/masks/val/ISIC_0016017.png,raw/isic/images/ISIC_0016017.jpg,raw/isic/masks/ISIC_0016017_segmentation.png
isic_2018_task1_2,segmentation,train,ISIC_0016019,lesion,processed/isic_segmentation/images/train/ISIC_0016019.jpg,processed/isic_segmentation/masks/train/ISIC_0016019.png,raw/isic/images/ISIC_0016019.jpg,raw/isic/masks/ISIC_0016019_segmentation.png
isic_2018_task1_2,segmentation,val,ISIC_0016022,lesion,processed/isic_segmentation/images/val/ISIC_0016022.jpg,processed/isic_segmentation/masks/val/ISIC_0016022.png,raw/isic/images/ISIC_0016022.jpg,raw/isic/masks/ISIC_0016022_segmentation.png
isic_2018_task1_2,segmentation,train,ISIC_0016023,lesion,processed/isic_segmentation/images/train/ISIC_0016023.jpg,processed/isic_segmentation/masks/train/ISIC_0016023.png,raw/isic/images/ISIC_0016023.jpg,raw/isic/masks/ISIC_0016023_segmentation.png
isic_2018_task1_2,segmentation,train,ISIC_0016024,lesion,processed/isic_segmentation/images/train/ISIC_0016024.jpg,processed/isic_segmentation/masks/train/ISIC_0016024.png,raw/isic/images/ISIC_0016024.jpg,raw/isic/masks/ISIC_0016024_segmentation.png
isic_2018_task1_2,segmentation,train,ISIC_0016025,lesion,processed/isic_segmentation/images/train/ISIC_0016025.jpg,processed/isic_segmentation/masks/train/ISIC_0016025.png,raw/isic/images/ISIC_0016025.jpg,raw/isic/masks/ISIC_0016025_segmentation.png
isic_2018_task1_2,segmentation,train,ISIC_0016026,lesion,processed/isic_segmentation/images/train/ISIC_0016026.jpg,processed/isic_segmentation/masks/train/ISIC_0016026.png,raw/isic/images/ISIC_0016026.jpg,raw/isic/masks/ISIC_0016026_segmentation.png
isic_2018_task1_2,segmentation,test,ISIC_0016027,lesion,processed/isic_segmentation/images/test/ISIC_0016027.jpg,processed/isic_segmentation/masks/test/ISIC_0016027.png,raw/isic/images/ISIC_0016027.jpg,raw/isic/masks/ISIC_0016027_segmentation.png
isic_2018_task1_2,segmentation,train,ISIC_0016028,lesion,processed/isic_segmentation/images/train/ISIC_0016028.jpg,processed/isic_segmentation/masks/train/ISIC_0016028.png,raw/isic/images/ISIC_0016028.jpg,raw/isic/masks/ISIC_0016028_segmentation.png
isic_2018_task1_2,segmentation,val,ISIC_0016029,lesion,processed/isic_segmentation/images/val/ISIC_0016029.jpg,processed/isic_segmentation/masks/val/ISIC_0016029.png,raw/isic/images/ISIC_0016029.jpg,raw/isic/masks/ISIC_0016029_segmentation.png
isic_2018_task1_2,segmentation,train,ISIC_0016030,lesion,processed/isic_segmentation/images/train/ISIC_0016030.jpg,processed/isic_segmentation/masks/train/ISIC_0016030.png,raw/isic/images/ISIC_0016030.jpg,raw/isic/masks/ISIC_0016030_segmentation.png
isic_2018_task1_2,segmentation,val,ISIC_0016033,lesion,processed/isic_segmentation/images/val/ISIC_0016033.jpg,processed/isic_segmentation/masks/val/ISIC_0016033.png,raw/isic/images/ISIC_0016033.jpg,raw/isic/masks/ISIC_0016033_segmentation.png
isic_2018_task1_2,segmentation,train,ISIC_0016034,lesion,processed/isic_segmentation/images/train/ISIC_0016034.jpg,processed/isic_segmentation/masks/train/ISIC_0016034.png,raw/isic/images/ISIC_0016034.jpg,raw/isic/masks/ISIC_0016034_segmentation.png
isic_2018_task1_2,segmentation,train,ISIC_0016035,lesion,processed/isic_segmentation/images/train/ISIC_0016035.jpg,processed/isic_segmentation/masks/train/ISIC_0016035.png,raw/isic/images/ISIC_0016035.jpg,raw/isic/masks/ISIC_0016035_segmentation.png
isic_2018_task1_2,segmentation,train,ISIC_0016036,lesion,processed/isic_segmentation/images/train/ISIC_0016036.jpg,processed/isic_segmentation/masks/train/ISIC_0016036.png,raw/isic/images/ISIC_0016036.jpg,raw/isic/masks/ISIC_0016036_segmentation.png
isic_2018_task1_2,segmentation,val,ISIC_0016037,lesion,processed/isic_segmentation/images/val/ISIC_0016037.jpg,processed/isic_segmentation/masks/val/ISIC_0016037.png,raw/isic/images/ISIC_0016037.jpg,raw/isic/masks/ISIC_0016037_segmentation.png
isic_2018_task1_2,segmentation,val,ISIC_0016038,lesion,processed/isic_segmentation/images/val/ISIC_0016038.jpg,processed/isic_segmentation/masks/val/ISIC_0016038.png,raw/isic/images/ISIC_0016038.jpg,raw/isic/masks/ISIC_0016038_segmentation.png
isic_2018_task1_2,segmentation,train,ISIC_0016040,lesion,processed/isic_segmentation/images/train/ISIC_0016040.jpg,processed/isic_segmentation/masks/train/ISIC_0016040.png,raw/isic/images/ISIC_0016040.jpg,raw/isic/masks/ISIC_0016040_segmentation.png
isic_2018_task1_2,segmentation,train,ISIC_0016041,lesion,processed/isic_segmentation/images/train/ISIC_0016041.jpg,processed/isic_segmentation/masks/train/ISIC_0016041.png,raw/isic/images/ISIC_0016041.jpg,raw/isic/masks/ISIC_0016041_segmentation.png
isic_2018_task1_2,segmentation,val,ISIC_0016042,lesion,processed/isic_segmentation/images/val/ISIC_0016042.jpg,processed/isic_segmentation/masks/val/ISIC_0016042.png,raw/isic/images/ISIC_0016042.jpg,raw/isic/masks/ISIC_0016042_segmentation.png
isic_2018_task1_2,segmentation,val,ISIC_0016043,lesion,processed/isic_segmentation/images/val/ISIC_0016043.jpg,processed/isic_segmentation/masks/val/ISIC_0016043.png,raw/isic/images/ISIC_0016043.jpg,raw/isic/masks/ISIC_0016043_segmentation.png
isic_2018_task1_2,segmentation,train,ISIC_0016044,lesion,processed/isic_segmentation/images/train/ISIC_0016044.jpg,processed/isic_segmentation/masks/train/ISIC_0016044.png,raw/isic/images/ISIC_0016044.jpg,raw/isic/masks/ISIC_0016044_segmentation.png
isic_2018_task1_2,segmentation,val,ISIC_0016045,lesion,processed/isic_segmentation/images/val/ISIC_0016045.jpg,processed/isic_segmentation/masks/val/ISIC_0016045.png,raw/isic/images/ISIC_0016045.jpg,raw/isic/masks/ISIC_0016045_segmentation.png
isic_2018_task1_2,segmentation,val,ISIC_0016046,lesion,processed/isic_segmentation/images/val/ISIC_0016046.jpg,processed/isic_segmentation/masks/val/ISIC_0016046.png,raw/isic/images/ISIC_0016046.jpg,raw/isic/masks/ISIC_0016046_segmentation.png
isic_2018_task1_2,segmentation,val,ISIC_0016048,lesion,processed/isic_segmentation/images/val/ISIC_0016048.jpg,processed/isic_segmentation/masks/val/ISIC_0016048.png,raw/isic/images/ISIC_0016048.jpg,raw/isic/masks/ISIC_0016048_segmentation.png
isic_2018_task1_2,segmentation,val,ISIC_0016050,lesion,processed/isic_segmentation/images/val/ISIC_0016050.jpg,processed/isic_segmentation/masks/val/ISIC_0016050.png,raw/isic/images/ISIC_0016050.jpg,raw/isic/masks/ISIC_0016050_segmentation.png
isic_2018_task1_2,segmentation,val,ISIC_0016051,lesion,processed/isic_segmentation/images/val/ISIC_0016051.jpg,processed/isic_segmentation/masks/val/ISIC_0016051.png,raw/isic/images/ISIC_0016051.jpg,raw/isic/masks/ISIC_0016051_segmentation.png
isic_2018_task1_2,segmentation,train,ISIC_0016052,lesion,processed/isic_segmentation/images/train/ISIC_0016052.jpg,processed/isic_segmentation/masks/train/ISIC_0016052.png,raw/isic/images/ISIC_0016052.jpg,raw/isic/masks/ISIC_0016052_segmentation.png
isic_2018_task1_2,segmentation,train,ISIC_0016053,lesion,processed/isic_segmentation/images/train/ISIC_0016053.jpg,processed/isic_segmentation/masks/train/ISIC_0016053.png,raw/isic/images/ISIC_0016053.jpg,raw/isic/masks/ISIC_0016053_segmentation.png
isic_2018_task1_2,segmentation,train,ISIC_0016054,lesion,processed/isic_segmentation/images/train/ISIC_0016054.jpg,processed/isic_segmentation/masks/train/ISIC_0016054.png,raw/isic/images/ISIC_0016054.jpg,raw/isic/masks/ISIC_0016054_segmentation.png
isic_2018_task1_2,segmentation,train,ISIC_0016055,lesion,processed/isic_segmentation/images/train/ISIC_0016055.jpg,processed/isic_segmentation/masks/train/ISIC_0016055.png,raw/isic/images/ISIC_0016055.jpg,raw/isic/masks/ISIC_0016055_segmentation.png
isic_2018_task1_2,segmentation,val,ISIC_0016056,lesion,processed/isic_segmentation/images/val/ISIC_0016056.jpg,processed/isic_segmentation/masks/val/ISIC_0016056.png,raw/isic/images/ISIC_0016056.jpg,raw/isic/masks/ISIC_0016056_segmentation.png
isic_2018_task1_2,segmentation,train,ISIC_0016057,lesion,processed/isic_segmentation/images/train/ISIC_0016057.jpg,processed/isic_segmentation/masks/train/ISIC_0016057.png,raw/isic/images/ISIC_0016057.jpg,raw/isic/masks/ISIC_0016057_segmentation.png
isic_2018_task1_2,segmentation,test,ISIC_0016058,lesion,processed/isic_segmentation/images/test/ISIC_0016058.jpg,processed/isic_segmentation/masks/test/ISIC_0016058.png,raw/isic/images/ISIC_0016058.jpg,raw/isic/masks/ISIC_0016058_segmentation.png
isic_2018_task1_2,segmentation,val,ISIC_0016059,lesion,processed/isic_segmentation/images/val/ISIC_0016059.jpg,processed/isic_segmentation/masks/val/ISIC_0016059.png,raw/isic/images/ISIC_0016059.jpg,raw/isic/masks/ISIC_0016059_segmentation.png
isic_2018_task1_2,segmentation,train,ISIC_0016060,lesion,processed/isic_segmentation/images/train/ISIC_0016060.jpg,processed/isic_segmentation/masks/train/ISIC_0016060.png,raw/isic/images/ISIC_0016060.jpg,raw/isic/masks/ISIC_0016060_segmentation.png
isic_2018_task1_2,segmentation,train,ISIC_0016061,lesion,processed/isic_segmentation/images/train/ISIC_0016061.jpg,processed/isic_segmentation/masks/train/ISIC_0016061.png,raw/isic/images/ISIC_0016061.jpg,raw/isic/masks/ISIC_0016061_segmentation.png
isic_2018_task1_2,segmentation,train,ISIC_0016062,lesion,processed/isic_segmentation/images/train/ISIC_0016062.jpg,processed/isic_segmentation/masks/train/ISIC_0016062.png,raw/isic/images/ISIC_0016062.jpg,raw/isic/masks/ISIC_0016062_segmentation.png
isic_2018_task1_2,segmentation,val,ISIC_0016063,lesion,processed/isic_segmentation/images/val/ISIC_0016063.jpg,processed/isic_segmentation/masks/val/ISIC_0016063.png,raw/isic/images/ISIC_0016063.jpg,raw/isic/masks/ISIC_0016063_segmentation.png
isic_2018_task1_2,segmentation,train,ISIC_0016064,lesion,processed/isic_segmentation/images/train/ISIC_0016064.jpg,processed/isic_segmentation/masks/train/ISIC_0016064.png,raw/isic/images/ISIC_0016064.jpg,raw/isic/masks/ISIC_0016064_segmentation.png
isic_2018_task1_2,segmentation,train,ISIC_0016065,lesion,processed/isic_segmentation/images/train/ISIC_0016065.jpg,processed/isic_segmentation/masks/train/ISIC_0016065.png,raw/isic/images/ISIC_0016065.jpg,raw/isic/masks/ISIC_0016065_segmentation.png
isic_2018_task1_2,segmentation,train,ISIC_0016066,lesion,processed/isic_segmentation/images/train/ISIC_0016066.jpg,processed/isic_segmentation/masks/train/ISIC_0016066.png,raw/isic/images/ISIC_0016066.jpg,raw/isic/masks/ISIC_0016066_segmentation.png
isic_2018_task1_2,segmentation,val,ISIC_0016068,lesion,processed/isic_segmentation/images/val/ISIC_0016068.jpg,processed/isic_segmentation/masks/val/ISIC_0016068.png,raw/isic/images/ISIC_0016068.jpg,raw/isic/masks/ISIC_0016068_segmentation.png
isic_2018_task1_2,segmentation,train,ISIC_0016069,lesion,processed/isic_segmentation/images/train/ISIC_0016069.jpg,processed/isic_segmentation/masks/train/ISIC_0016069.png,raw/isic/images/ISIC_0016069.jpg,raw/isic/masks/ISIC_0016069_segmentation.png
isic_2018_task1_2,segmentation,train,ISIC_0016070,lesion,processed/isic_segmentation/images/train/ISIC_0016070.jpg,processed/isic_segmentation/masks/train/ISIC_0016070.png,raw/isic/images/ISIC_0016070.jpg,raw/isic/masks/ISIC_0016070_segmentation.png
isic_2018_task1_2,segmentation,test,ISIC_0016071,lesion,processed/isic_segmentation/images/test/ISIC_0016071.jpg,processed/isic_segmentation/masks/test/ISIC_0016071.png,raw/isic/images/ISIC_0016071.jpg,raw/isic/masks/ISIC_0016071_segmentation.png
isic_2018_task1_2,segmentation,train,ISIC_0016072,lesion,processed/isic_segmentation/images/train/ISIC_0016072.jpg,processed/isic_segmentation/masks/train/ISIC_0016072.png,raw/isic/images/ISIC_0016072.jpg,raw/isic/masks/ISIC_0016072_segmentation.png
